link,pred,prey,log10_ppmr
0,2.20804627643921e-4,2.22900163471537e-4,-0.004102215848535631
0,2.70286739993669e-4,2.22900163471537e-4,0.08371435316842066
0,3.91740381171809e-4,2.22900163471537e-4,0.24488795458095644
0,5.23166588876246e-4,2.22900163471537e-4,0.3705296137552896
0,1.50922294763019e-4,2.22900163471537e-4,-0.16935698698859825
0,4.16964364574935e-4,2.22900163471537e-4,0.27198855304902064
0,4.18876134989354e-4,2.22900163471537e-4,0.2739752306267044
0,2.22900163471537e-4,2.22900163471537e-4,0
0,1.30652153227862e-5,2.22900163471537e-4,-1.2319938154226564
0,7.11474224308155e-5,2.22900163471537e-4,-0.49595121614679794
0,5.35782467475548e-4,2.22900163471537e-4,0.3808781110081281
0,3.98766938745432e-5,2.22900163471537e-4,-0.7473912426505718
0,2.50865225512611e-4,2.22900163471537e-4,0.0513300773797407
0,1.99564746542808e-4,2.22900163471537e-4,-0.048026562128805
0,8.94759846433935e-5,2.22900163471537e-4,-0.3964039006793718
0,4.16964364574935e-4,2.70286739993669e-4,0.18827419988059999
0,5.23166588876246e-4,2.70286739993669e-4,0.28681526058686896
0,4.18876134989354e-4,2.70286739993669e-4,0.19026087745828374
0,5.35782467475548e-4,2.70286739993669e-4,0.2971637578397074
0,3.91740381171809e-4,2.70286739993669e-4,0.1611736014125358
0,2.70286739993669e-4,2.70286739993669e-4,0
0,1.50922294763019e-4,2.70286739993669e-4,-0.2530713401570189
0,7.11474224308155e-5,2.70286739993669e-4,-0.5796655693152186
0,1.99564746542808e-4,2.70286739993669e-4,-0.13174091529722567
0,2.20804627643921e-4,2.70286739993669e-4,-0.08781656901695631
0,8.94759846433935e-5,2.70286739993669e-4,-0.4801182538477925
0,3.98766938745432e-5,2.70286739993669e-4,-0.8311055958189925
1,2.22900163471537e-4,2.70286739993669e-4,-0.08371435316842064
0,2.50865225512611e-4,2.70286739993669e-4,-0.03238427578868001
1,1.30652153227862e-5,2.70286739993669e-4,-1.3157081685910772
0,2.22900163471537e-4,2.20804627643921e-4,0.004102215848535628
0,1.50922294763019e-4,2.20804627643921e-4,-0.16525477114006262
0,5.23166588876246e-4,2.20804627643921e-4,0.37463182960382524
0,3.91740381171809e-4,2.20804627643921e-4,0.24899017042949206
0,2.70286739993669e-4,2.20804627643921e-4,0.08781656901695632
0,4.16964364574935e-4,2.20804627643921e-4,0.27609076889755624
0,5.35782467475548e-4,2.20804627643921e-4,0.38498032685666367
0,2.50865225512611e-4,2.20804627643921e-4,0.05543229322827631
0,8.94759846433935e-5,2.20804627643921e-4,-0.39230168483083616
0,1.30652153227862e-5,2.20804627643921e-4,-1.2278915995741209
0,4.18876134989354e-4,2.20804627643921e-4,0.27807744647524
0,3.98766938745432e-5,2.20804627643921e-4,-0.7432890268020361
0,2.20804627643921e-4,2.20804627643921e-4,0
0,7.11474224308155e-5,2.20804627643921e-4,-0.4918490002982623
0,1.99564746542808e-4,2.20804627643921e-4,-0.04392434628026939
0,2.22900163471537e-4,3.91740381171809e-4,-0.24488795458095647
0,1.99564746542808e-4,3.91740381171809e-4,-0.2929145167097615
0,4.18876134989354e-4,3.91740381171809e-4,0.02908727604574795
0,8.94759846433935e-5,3.91740381171809e-4,-0.6412918552603283
0,5.35782467475548e-4,3.91740381171809e-4,0.13599015642717163
0,4.16964364574935e-4,3.91740381171809e-4,0.027100598468064202
0,2.70286739993669e-4,3.91740381171809e-4,-0.16117360141253576
0,3.98766938745432e-5,3.91740381171809e-4,-0.9922791972315282
0,3.91740381171809e-4,3.91740381171809e-4,0
0,2.20804627643921e-4,3.91740381171809e-4,-0.2489901704294921
0,5.23166588876246e-4,3.91740381171809e-4,0.12564165917433312
0,2.50865225512611e-4,3.91740381171809e-4,-0.19355787720121576
0,1.50922294763019e-4,3.91740381171809e-4,-0.41424494156955466
0,7.11474224308155e-5,3.91740381171809e-4,-0.7408391707277544
0,1.30652153227862e-5,3.91740381171809e-4,-1.476881770003613
0,1.50922294763019e-4,7.11474224308155e-5,0.32659422915819974
0,5.35782467475548e-4,7.11474224308155e-5,0.876829327154926
0,3.91740381171809e-4,7.11474224308155e-5,0.7408391707277544
0,3.98766938745432e-5,7.11474224308155e-5,-0.2514400265037738
0,2.22900163471537e-4,7.11474224308155e-5,0.49595121614679794
0,2.70286739993669e-4,7.11474224308155e-5,0.5796655693152186
0,2.50865225512611e-4,7.11474224308155e-5,0.5472812935265386
0,5.23166588876246e-4,7.11474224308155e-5,0.8664808299020875
0,7.11474224308155e-5,7.11474224308155e-5,0
0,4.16964364574935e-4,7.11474224308155e-5,0.7679397691958186
0,2.20804627643921e-4,7.11474224308155e-5,0.49184900029826234
0,8.94759846433935e-5,7.11474224308155e-5,0.0995473154674261
0,1.99564746542808e-4,7.11474224308155e-5,0.4479246540179929
0,4.18876134989354e-4,7.11474224308155e-5,0.7699264467735023
1,1.30652153227862e-5,7.11474224308155e-5,-0.7360425992758586
0,3.91740381171809e-4,1.99564746542808e-4,0.29291451670976143
0,4.16964364574935e-4,1.99564746542808e-4,0.32001511517782566
0,2.70286739993669e-4,1.99564746542808e-4,0.13174091529722565
0,3.98766938745432e-5,1.99564746542808e-4,-0.6993646805217667
0,2.22900163471537e-4,1.99564746542808e-4,0.04802656212880501
0,5.23166588876246e-4,1.99564746542808e-4,0.4185561758840946
0,4.18876134989354e-4,1.99564746542808e-4,0.3220017927555094
0,1.99564746542808e-4,1.99564746542808e-4,0
0,2.50865225512611e-4,1.99564746542808e-4,0.09935663950854567
0,7.11474224308155e-5,1.99564746542808e-4,-0.4479246540179929
0,5.35782467475548e-4,1.99564746542808e-4,0.4289046731369331
0,8.94759846433935e-5,1.99564746542808e-4,-0.3483773385505668
0,1.50922294763019e-4,1.99564746542808e-4,-0.12133042485979323
0,2.20804627643921e-4,1.99564746542808e-4,0.043924346280269415
1,1.30652153227862e-5,1.99564746542808e-4,-1.1839672532938514
0,7.11474224308155e-5,8.94759846433935e-5,-0.09954731546742615
0,2.50865225512611e-4,8.94759846433935e-5,0.44773397805911247
1,1.30652153227862e-5,8.94759846433935e-5,-0.8355899147432847
0,5.35782467475548e-4,8.94759846433935e-5,0.7772820116874999
0,2.70286739993669e-4,8.94759846433935e-5,0.48011825384779244
0,5.23166588876246e-4,8.94759846433935e-5,0.7669335144346614
0,4.18876134989354e-4,8.94759846433935e-5,0.6703791313060762
0,1.99564746542808e-4,8.94759846433935e-5,0.3483773385505668
0,4.16964364574935e-4,8.94759846433935e-5,0.6683924537283924
0,1.50922294763019e-4,8.94759846433935e-5,0.2270469136907736
0,2.22900163471537e-4,8.94759846433935e-5,0.39640390067937176
0,3.98766938745432e-5,8.94759846433935e-5,-0.35098734197119996
0,3.91740381171809e-4,8.94759846433935e-5,0.6412918552603282
0,2.20804627643921e-4,8.94759846433935e-5,0.3923016848308362
0,8.94759846433935e-5,8.94759846433935e-5,0
0,7.11474224308155e-5,5.23166588876246e-4,-0.8664808299020875
0,4.18876134989354e-4,5.23166588876246e-4,-0.09655438312858519
0,2.22900163471537e-4,5.23166588876246e-4,-0.3705296137552896
0,5.35782467475548e-4,5.23166588876246e-4,0.010348497252838462
0,3.98766938745432e-5,5.23166588876246e-4,-1.1179208564058614
0,5.23166588876246e-4,5.23166588876246e-4,0
0,8.94759846433935e-5,5.23166588876246e-4,-0.7669335144346614
0,4.16964364574935e-4,5.23166588876246e-4,-0.09854106070626895
0,2.20804627643921e-4,5.23166588876246e-4,-0.3746318296038252
0,1.30652153227862e-5,5.23166588876246e-4,-1.602523429177946
0,1.99564746542808e-4,5.23166588876246e-4,-0.4185561758840946
0,2.50865225512611e-4,5.23166588876246e-4,-0.31919953637554893
0,1.50922294763019e-4,5.23166588876246e-4,-0.5398866007438878
0,2.70286739993669e-4,5.23166588876246e-4,-0.2868152605868689
0,3.91740381171809e-4,5.23166588876246e-4,-0.12564165917433318
0,2.20804627643921e-4,4.16964364574935e-4,-0.2760907688975563
0,4.18876134989354e-4,4.16964364574935e-4,0.001986677577683759
0,2.70286739993669e-4,4.16964364574935e-4,-0.18827419988059993
0,2.22900163471537e-4,4.16964364574935e-4,-0.27198855304902064
0,1.30652153227862e-5,4.16964364574935e-4,-1.503982368471677
0,7.11474224308155e-5,4.16964364574935e-4,-0.7679397691958185
0,5.35782467475548e-4,4.16964364574935e-4,0.10888955795910743
0,1.50922294763019e-4,4.16964364574935e-4,-0.4413455400376189
0,4.16964364574935e-4,4.16964364574935e-4,0
0,8.94759846433935e-5,4.16964364574935e-4,-0.6683924537283924
0,3.98766938745432e-5,4.16964364574935e-4,-1.0193797956995923
0,5.23166588876246e-4,4.16964364574935e-4,0.098541060706269
0,2.50865225512611e-4,4.16964364574935e-4,-0.22065847566927993
0,3.91740381171809e-4,4.16964364574935e-4,-0.027100598468064195
0,1.99564746542808e-4,4.16964364574935e-4,-0.32001511517782566
0,2.20804627643921e-4,1.50922294763019e-4,0.16525477114006257
0,2.50865225512611e-4,1.50922294763019e-4,0.22068706436833893
0,7.11474224308155e-5,1.50922294763019e-4,-0.32659422915819974
0,5.23166588876246e-4,1.50922294763019e-4,0.5398866007438878
0,1.30652153227862e-5,1.50922294763019e-4,-1.0626368284340584
0,4.16964364574935e-4,1.50922294763019e-4,0.44134554003761883
0,2.70286739993669e-4,1.50922294763019e-4,0.2530713401570189
0,4.18876134989354e-4,1.50922294763019e-4,0.4433322176153026
0,1.50922294763019e-4,1.50922294763019e-4,0
0,5.35782467475548e-4,1.50922294763019e-4,0.5502350979967263
0,3.98766938745432e-5,1.50922294763019e-4,-0.5780342556619735
1,2.22900163471537e-4,1.50922294763019e-4,0.16935698698859822
0,1.99564746542808e-4,1.50922294763019e-4,0.12133042485979323
0,8.94759846433935e-5,1.50922294763019e-4,-0.2270469136907736
0,3.91740381171809e-4,1.50922294763019e-4,0.41424494156955466
0,5.35782467475548e-4,3.98766938745432e-5,1.1282693536586998
0,2.20804627643921e-4,3.98766938745432e-5,0.7432890268020361
0,7.11474224308155e-5,3.98766938745432e-5,0.2514400265037738
0,4.16964364574935e-4,3.98766938745432e-5,1.0193797956995925
0,1.99564746542808e-4,3.98766938745432e-5,0.6993646805217667
1,2.50865225512611e-4,3.98766938745432e-5,0.7987213200303125
0,4.18876134989354e-4,3.98766938745432e-5,1.0213664732772763
1,2.22900163471537e-4,3.98766938745432e-5,0.7473912426505718
0,5.23166588876246e-4,3.98766938745432e-5,1.1179208564058614
0,3.91740381171809e-4,3.98766938745432e-5,0.9922791972315282
0,3.98766938745432e-5,3.98766938745432e-5,0
1,1.50922294763019e-4,3.98766938745432e-5,0.5780342556619735
1,1.30652153227862e-5,3.98766938745432e-5,-0.48460257277208474
0,8.94759846433935e-5,3.98766938745432e-5,0.35098734197119996
0,2.70286739993669e-4,3.98766938745432e-5,0.8311055958189925
0,1.99564746542808e-4,4.18876134989354e-4,-0.3220017927555094
0,2.20804627643921e-4,4.18876134989354e-4,-0.27807744647523996
0,5.23166588876246e-4,4.18876134989354e-4,0.0965543831285852
0,4.16964364574935e-4,4.18876134989354e-4,-0.0019866775776837806
0,4.18876134989354e-4,4.18876134989354e-4,0
0,5.35782467475548e-4,4.18876134989354e-4,0.10690288038142362
0,8.94759846433935e-5,4.18876134989354e-4,-0.6703791313060763
0,3.98766938745432e-5,4.18876134989354e-4,-1.0213664732772763
0,2.50865225512611e-4,4.18876134989354e-4,-0.22264515324696374
0,1.50922294763019e-4,4.18876134989354e-4,-0.44333221761530267
0,2.70286739993669e-4,4.18876134989354e-4,-0.19026087745828377
0,3.91740381171809e-4,4.18876134989354e-4,-0.02908727604574797
0,2.22900163471537e-4,4.18876134989354e-4,-0.27397523062670437
0,7.11474224308155e-5,4.18876134989354e-4,-0.7699264467735024
1,1.30652153227862e-5,4.18876134989354e-4,-1.5059690460493609
0,4.18876134989354e-4,1.30652153227862e-5,1.5059690460493609
0,2.70286739993669e-4,1.30652153227862e-5,1.3157081685910772
0,2.22900163471537e-4,1.30652153227862e-5,1.2319938154226566
0,1.50922294763019e-4,1.30652153227862e-5,1.0626368284340584
0,8.94759846433935e-5,1.30652153227862e-5,0.8355899147432847
0,1.99564746542808e-4,1.30652153227862e-5,1.1839672532938514
0,5.23166588876246e-4,1.30652153227862e-5,1.6025234291779462
0,2.50865225512611e-4,1.30652153227862e-5,1.2833238928023971
0,3.98766938745432e-5,1.30652153227862e-5,0.48460257277208474
0,2.20804627643921e-4,1.30652153227862e-5,1.2278915995741209
0,4.16964364574935e-4,1.30652153227862e-5,1.503982368471677
0,3.91740381171809e-4,1.30652153227862e-5,1.476881770003613
0,7.11474224308155e-5,1.30652153227862e-5,0.7360425992758586
0,1.30652153227862e-5,1.30652153227862e-5,0
0,5.35782467475548e-4,1.30652153227862e-5,1.6128719264307847
0,5.23166588876246e-4,2.50865225512611e-4,0.3191995363755489
0,2.20804627643921e-4,2.50865225512611e-4,-0.05543229322827631
0,8.94759846433935e-5,2.50865225512611e-4,-0.44773397805911247
0,2.50865225512611e-4,2.50865225512611e-4,0
0,5.35782467475548e-4,2.50865225512611e-4,0.32954803362838736
0,7.11474224308155e-5,2.50865225512611e-4,-0.5472812935265385
0,4.18876134989354e-4,2.50865225512611e-4,0.2226451532469637
0,3.98766938745432e-5,2.50865225512611e-4,-0.7987213200303124
0,4.16964364574935e-4,2.50865225512611e-4,0.22065847566927993
0,1.50922294763019e-4,2.50865225512611e-4,-0.22068706436833893
0,1.30652153227862e-5,2.50865225512611e-4,-1.2833238928023971
0,3.91740381171809e-4,2.50865225512611e-4,0.19355787720121576
0,1.99564746542808e-4,2.50865225512611e-4,-0.09935663950854569
0,2.22900163471537e-4,2.50865225512611e-4,-0.051330077379740685
0,2.70286739993669e-4,2.50865225512611e-4,0.03238427578867998
0,1.99564746542808e-4,5.35782467475548e-4,-0.4289046731369331
0,7.11474224308155e-5,5.35782467475548e-4,-0.876829327154926
0,5.23166588876246e-4,5.35782467475548e-4,-0.010348497252838484
0,1.50922294763019e-4,5.35782467475548e-4,-0.5502350979967262
0,4.16964364574935e-4,5.35782467475548e-4,-0.10888955795910746
0,5.35782467475548e-4,5.35782467475548e-4,0
0,2.50865225512611e-4,5.35782467475548e-4,-0.32954803362838736
0,3.91740381171809e-4,5.35782467475548e-4,-0.13599015642717166
1,1.30652153227862e-5,5.35782467475548e-4,-1.6128719264307845
0,4.18876134989354e-4,5.35782467475548e-4,-0.10690288038142365
0,8.94759846433935e-5,5.35782467475548e-4,-0.7772820116874999
0,2.22900163471537e-4,5.35782467475548e-4,-0.3808781110081281
0,2.20804627643921e-4,5.35782467475548e-4,-0.3849803268566637
0,3.98766938745432e-5,5.35782467475548e-4,-1.1282693536586998
0,2.70286739993669e-4,5.35782467475548e-4,-0.29716375783970744
0,4.13797741074828e-5,4.13797741074828e-5,0
0,4.65423110224946e-4,4.13797741074828e-5,1.0510598285239285
0,3.15859852948221e-4,4.13797741074828e-5,0.8827063133265713
0,4.10674478417191e-5,4.13797741074828e-5,-0.003290401287314702
0,7.57683915187514e-5,4.13797741074828e-5,0.26269995222460724
0,2.68296997513154e-4,4.13797741074828e-5,0.8118276970306735
0,0.00889345949807735,4.13797741074828e-5,2.3322826160548233
0,1.82976232747384e-5,4.13797741074828e-5,-0.35439343375049925
0,5.64165292727672e-4,4.13797741074828e-5,1.13461824946133
0,0.00108406181070686,4.13797741074828e-5,1.4182659298599818
0,1.42462759417532e-4,4.13797741074828e-5,0.5369132365924623
0,2.92448753412681e-4,4.13797741074828e-5,0.8492616589675198
0,1.1374216147146,4.13797741074828e-5,4.439133361484824
0,9.07021016621533e-5,4.13797741074828e-5,0.34082923471296267
0,9.37626231878135e-4,4.13797741074828e-5,1.3552416335394297
0,4.27507367434747e-4,4.13797741074828e-5,1.0141554880098105
0,2.00984697887424e-4,4.13797741074828e-5,0.6863748778414881
0,0.0012576630375615,4.13797741074828e-5,1.48277618176636
0,3.30990442167077e-5,4.13797741074828e-5,-0.09697266245045971
0,2.86475886097282e-4,4.13797741074828e-5,0.8402999558954898
0,6.27269705674256e-5,4.13797741074828e-5,0.1806661980405053
0,5.54809414019099e-4,4.13797741074828e-5,1.12735570606354
0,4.38694702966577e-4,4.13797741074828e-5,1.0253742750146495
0,1.08898282658436e-4,4.13797741074828e-5,0.42023291540425634
0,2.63910552318931e-4,4.13797741074828e-5,0.8046686400751436
0,0.00108406181070686,2.63910552318931e-4,0.6135972897848383
0,0.0012576630375615,2.63910552318931e-4,0.6781075416912165
0,4.27507367434747e-4,2.63910552318931e-4,0.20948684793466696
0,2.00984697887424e-4,2.63910552318931e-4,-0.11829376223365559
0,1.1374216147146,2.63910552318931e-4,3.634464721409681
0,2.86475886097282e-4,2.63910552318931e-4,0.03563131582034627
0,9.37626231878135e-4,2.63910552318931e-4,0.5505729934642861
0,4.38694702966577e-4,2.63910552318931e-4,0.22070563493950596
0,3.15859852948221e-4,2.63910552318931e-4,0.07803767325142773
0,5.54809414019099e-4,2.63910552318931e-4,0.3226870659883963
0,2.63910552318931e-4,2.63910552318931e-4,0
0,4.13797741074828e-5,2.63910552318931e-4,-0.8046686400751436
0,1.42462759417532e-4,2.63910552318931e-4,-0.2677554034826814
0,6.27269705674256e-5,2.63910552318931e-4,-0.6240024420346384
0,4.10674478417191e-5,2.63910552318931e-4,-0.8079590413624583
0,2.92448753412681e-4,2.63910552318931e-4,0.0445930188923763
0,0.00889345949807735,2.63910552318931e-4,1.5276139759796796
0,3.30990442167077e-5,2.63910552318931e-4,-0.9016413025256033
0,1.08898282658436e-4,2.63910552318931e-4,-0.38443572467088727
0,9.07021016621533e-5,2.63910552318931e-4,-0.4638394053621809
0,2.68296997513154e-4,2.63910552318931e-4,0.00715905695552988
0,4.65423110224946e-4,2.63910552318931e-4,0.24639118844878496
0,7.57683915187514e-5,2.63910552318931e-4,-0.5419686878505364
0,1.82976232747384e-5,2.63910552318931e-4,-1.1590620738256427
0,5.64165292727672e-4,2.63910552318931e-4,0.3299496093861862
0,5.54809414019099e-4,4.27507367434747e-4,0.11320021805372935
0,7.57683915187514e-5,4.27507367434747e-4,-0.7514555357852033
0,3.15859852948221e-4,4.27507367434747e-4,-0.13144917468323924
0,4.65423110224946e-4,4.27507367434747e-4,0.03690434051411801
0,1.82976232747384e-5,4.27507367434747e-4,-1.3685489217603097
0,5.64165292727672e-4,4.27507367434747e-4,0.12046276145151928
0,1.08898282658436e-4,4.27507367434747e-4,-0.5939225726055541
0,2.86475886097282e-4,4.27507367434747e-4,-0.17385553211432073
0,2.92448753412681e-4,4.27507367434747e-4,-0.16489382904229066
0,2.00984697887424e-4,4.27507367434747e-4,-0.3277806101683225
0,4.38694702966577e-4,4.27507367434747e-4,0.011218787004839026
0,9.07021016621533e-5,4.27507367434747e-4,-0.6733262532968479
0,3.30990442167077e-5,4.27507367434747e-4,-1.1111281504602701
0,2.68296997513154e-4,4.27507367434747e-4,-0.202327790979137
0,9.37626231878135e-4,4.27507367434747e-4,0.3410861455296192
0,1.1374216147146,4.27507367434747e-4,3.424977873475014
0,1.42462759417532e-4,4.27507367434747e-4,-0.47724225141734833
0,4.27507367434747e-4,4.27507367434747e-4,0
0,2.63910552318931e-4,4.27507367434747e-4,-0.20948684793466693
0,6.27269705674256e-5,4.27507367434747e-4,-0.8334892899693053
0,0.0012576630375615,4.27507367434747e-4,0.4686206937565495
0,0.00889345949807735,4.27507367434747e-4,1.3181271280450126
0,0.00108406181070686,4.27507367434747e-4,0.4041104418501713
0,4.13797741074828e-5,4.27507367434747e-4,-1.0141554880098105
0,4.10674478417191e-5,4.27507367434747e-4,-1.0174458892971252
0,2.63910552318931e-4,1.42462759417532e-4,0.26775540348268134
0,5.54809414019099e-4,1.42462759417532e-4,0.5904424694710776
0,3.15859852948221e-4,1.42462759417532e-4,0.3457930767341091
0,9.07021016621533e-5,1.42462759417532e-4,-0.19608400187949954
0,4.65423110224946e-4,1.42462759417532e-4,0.5141465919314664
0,1.08898282658436e-4,1.42462759417532e-4,-0.1166803211882059
0,5.64165292727672e-4,1.42462759417532e-4,0.5977050128688677
0,4.38694702966577e-4,1.42462759417532e-4,0.48846103842218735
0,9.37626231878135e-4,1.42462759417532e-4,0.8183283969469675
0,4.13797741074828e-5,1.42462759417532e-4,-0.5369132365924623
0,1.42462759417532e-4,1.42462759417532e-4,0
0,2.92448753412681e-4,1.42462759417532e-4,0.31234842237505767
0,1.82976232747384e-5,1.42462759417532e-4,-0.8913066703429615
0,7.57683915187514e-5,1.42462759417532e-4,-0.274213284367855
0,1.1374216147146,1.42462759417532e-4,3.902220124892362
0,4.10674478417191e-5,1.42462759417532e-4,-0.5402036378797769
0,0.00108406181070686,1.42462759417532e-4,0.8813526932675196
0,2.86475886097282e-4,1.42462759417532e-4,0.30338671930302763
0,2.00984697887424e-4,1.42462759417532e-4,0.14946164124902583
0,3.30990442167077e-5,1.42462759417532e-4,-0.6338858990429219
0,2.68296997513154e-4,1.42462759417532e-4,0.27491446043821127
0,4.27507367434747e-4,1.42462759417532e-4,0.47724225141734833
0,0.0012576630375615,1.42462759417532e-4,0.9458629451738978
0,0.00889345949807735,1.42462759417532e-4,1.795369379462361
0,6.27269705674256e-5,1.42462759417532e-4,-0.35624703855195694
0,4.10674478417191e-5,3.15859852948221e-4,-0.885996714613886
0,4.27507367434747e-4,3.15859852948221e-4,0.13144917468323922
0,2.68296997513154e-4,3.15859852948221e-4,-0.07087861629589777
0,0.0012576630375615,3.15859852948221e-4,0.6000698684397887
0,9.07021016621533e-5,3.15859852948221e-4,-0.5418770786136086
0,1.1374216147146,3.15859852948221e-4,3.5564270481582527
0,7.57683915187514e-5,3.15859852948221e-4,-0.620006361101964
0,2.00984697887424e-4,3.15859852948221e-4,-0.19633143548508325
0,0.00889345949807735,3.15859852948221e-4,1.449576302728252
0,1.42462759417532e-4,3.15859852948221e-4,-0.3457930767341091
0,2.92448753412681e-4,3.15859852948221e-4,-0.033444654359051425
0,1.08898282658436e-4,3.15859852948221e-4,-0.46247339792231495
0,3.30990442167077e-5,3.15859852948221e-4,-0.979678975777031
0,4.65423110224946e-4,3.15859852948221e-4,0.16835351519735725
0,6.27269705674256e-5,3.15859852948221e-4,-0.702040115286066
0,3.15859852948221e-4,3.15859852948221e-4,0
0,2.86475886097282e-4,3.15859852948221e-4,-0.04240635743108146
0,4.13797741074828e-5,3.15859852948221e-4,-0.8827063133265712
0,1.82976232747384e-5,3.15859852948221e-4,-1.2370997470770706
0,9.37626231878135e-4,3.15859852948221e-4,0.47253532021285843
0,0.00108406181070686,3.15859852948221e-4,0.5355596165334106
0,2.63910552318931e-4,3.15859852948221e-4,-0.07803767325142773
0,5.64165292727672e-4,3.15859852948221e-4,0.25191193613475854
0,5.54809414019099e-4,3.15859852948221e-4,0.24464939273696856
0,4.38694702966577e-4,3.15859852948221e-4,0.1426679616880783
0,9.37626231878135e-4,2.86475886097282e-4,0.5149416776439398
0,0.00108406181070686,2.86475886097282e-4,0.577965973964492
0,5.54809414019099e-4,2.86475886097282e-4,0.28705575016805007
0,2.92448753412681e-4,2.86475886097282e-4,0.008961703072030022
0,0.0012576630375615,2.86475886097282e-4,0.6424762258708702
0,2.68296997513154e-4,2.86475886097282e-4,-0.028472258864816323
0,4.10674478417191e-5,2.86475886097282e-4,-0.8435903571828046
0,9.07021016621533e-5,2.86475886097282e-4,-0.49947072118252717
0,1.82976232747384e-5,2.86475886097282e-4,-1.194693389645989
0,3.30990442167077e-5,2.86475886097282e-4,-0.9372726183459495
0,6.27269705674256e-5,2.86475886097282e-4,-0.6596337578549846
0,4.27507367434747e-4,2.86475886097282e-4,0.17385553211432067
0,4.65423110224946e-4,2.86475886097282e-4,0.21075987262843873
0,4.38694702966577e-4,2.86475886097282e-4,0.18507431911915978
0,2.63910552318931e-4,2.86475886097282e-4,-0.03563131582034622
0,4.13797741074828e-5,2.86475886097282e-4,-0.8402999558954899
0,1.1374216147146,2.86475886097282e-4,3.5988334055893345
0,7.57683915187514e-5,2.86475886097282e-4,-0.5776000036708826
0,2.86475886097282e-4,2.86475886097282e-4,0
0,1.08898282658436e-4,2.86475886097282e-4,-0.4200670404912335
0,5.64165292727672e-4,2.86475886097282e-4,0.29431829356584005
0,3.15859852948221e-4,2.86475886097282e-4,0.04240635743108151
0,1.42462759417532e-4,2.86475886097282e-4,-0.30338671930302763
0,2.00984697887424e-4,2.86475886097282e-4,-0.1539250780540018
0,0.00889345949807735,2.86475886097282e-4,1.4919826601593333
0,2.92448753412681e-4,0.00108406181070686,-0.569004270892462
0,7.57683915187514e-5,0.00108406181070686,-1.1555659776353746
0,1.1374216147146,0.00108406181070686,3.0208674316248425
0,4.27507367434747e-4,0.00108406181070686,-0.4041104418501713
0,0.0012576630375615,0.00108406181070686,0.0645102519063782
0,2.86475886097282e-4,0.00108406181070686,-0.577965973964492
0,4.38694702966577e-4,0.00108406181070686,-0.39289165484533223
0,4.13797741074828e-5,0.00108406181070686,-1.4182659298599818
0,4.10674478417191e-5,0.00108406181070686,-1.4215563311472965
0,2.63910552318931e-4,0.00108406181070686,-0.6135972897848383
0,9.07021016621533e-5,0.00108406181070686,-1.0774366951470191
0,9.37626231878135e-4,0.00108406181070686,-0.06302429632055213
0,0.00889345949807735,0.00108406181070686,0.9140166861948414
0,5.64165292727672e-4,0.00108406181070686,-0.28364768039865196
0,3.15859852948221e-4,0.00108406181070686,-0.5355596165334106
0,1.82976232747384e-5,0.00108406181070686,-1.772659363610481
0,1.42462759417532e-4,0.00108406181070686,-0.8813526932675196
0,6.27269705674256e-5,0.00108406181070686,-1.2375997318194765
0,5.54809414019099e-4,0.00108406181070686,-0.290910223796442
0,1.08898282658436e-4,0.00108406181070686,-0.9980330144557255
0,2.00984697887424e-4,0.00108406181070686,-0.7318910520184938
0,0.00108406181070686,0.00108406181070686,0
0,2.68296997513154e-4,0.00108406181070686,-0.6064382328293083
0,3.30990442167077e-5,0.00108406181070686,-1.5152385923104414
0,4.65423110224946e-4,0.00108406181070686,-0.3672061013360533
0,4.27507367434747e-4,3.30990442167077e-5,1.1111281504602701
1,1.1374216147146,3.30990442167077e-5,4.536106023935284
0,1.42462759417532e-4,3.30990442167077e-5,0.6338858990429219
0,4.38694702966577e-4,3.30990442167077e-5,1.1223469374651094
0,1.08898282658436e-4,3.30990442167077e-5,0.5172055778547161
0,4.10674478417191e-5,3.30990442167077e-5,0.09368226116314499
0,2.00984697887424e-4,3.30990442167077e-5,0.7833475402919478
0,3.30990442167077e-5,3.30990442167077e-5,0
0,4.13797741074828e-5,3.30990442167077e-5,0.09697266245045973
0,0.0012576630375615,3.30990442167077e-5,1.5797488442168197
0,9.07021016621533e-5,3.30990442167077e-5,0.4378018971634224
0,9.37626231878135e-4,3.30990442167077e-5,1.4522142959898894
0,5.54809414019099e-4,3.30990442167077e-5,1.2243283685139996
0,2.92448753412681e-4,3.30990442167077e-5,0.9462343214179796
0,0.00889345949807735,3.30990442167077e-5,2.4292552785052828
0,2.68296997513154e-4,3.30990442167077e-5,0.9088003594811332
0,6.27269705674256e-5,3.30990442167077e-5,0.277638860490965
0,0.00108406181070686,3.30990442167077e-5,1.5152385923104414
0,4.65423110224946e-4,3.30990442167077e-5,1.1480324909743882
0,2.63910552318931e-4,3.30990442167077e-5,0.9016413025256033
0,5.64165292727672e-4,3.30990442167077e-5,1.2315909119117896
0,3.15859852948221e-4,3.30990442167077e-5,0.979678975777031
0,7.57683915187514e-5,3.30990442167077e-5,0.359672614675067
0,2.86475886097282e-4,3.30990442167077e-5,0.9372726183459495
0,1.82976232747384e-5,3.30990442167077e-5,-0.25742077130003954
0,4.10674478417191e-5,9.07021016621533e-5,-0.34411963600027734
1,1.1374216147146,9.07021016621533e-5,4.098304126771861
0,4.13797741074828e-5,9.07021016621533e-5,-0.34082923471296267
0,1.82976232747384e-5,9.07021016621533e-5,-0.6952226684634619
0,1.42462759417532e-4,9.07021016621533e-5,0.19608400187949956
0,6.27269705674256e-5,9.07021016621533e-5,-0.16016303667245738
0,4.38694702966577e-4,9.07021016621533e-5,0.684545040301687
0,2.63910552318931e-4,9.07021016621533e-5,0.46383940536218093
1,1.08898282658436e-4,9.07021016621533e-5,0.07940368069129367
0,0.00889345949807735,9.07021016621533e-5,1.9914533813418607
0,0.0012576630375615,9.07021016621533e-5,1.1419469470533974
0,2.92448753412681e-4,9.07021016621533e-5,0.5084324242545573
0,9.37626231878135e-4,9.07021016621533e-5,1.014412398826467
0,2.86475886097282e-4,9.07021016621533e-5,0.49947072118252717
0,5.54809414019099e-4,9.07021016621533e-5,0.7865264713505772
0,7.57683915187514e-5,9.07021016621533e-5,-0.07812928248835539
0,3.30990442167077e-5,9.07021016621533e-5,-0.4378018971634223
0,2.68296997513154e-4,9.07021016621533e-5,0.4709984623177108
0,4.27507367434747e-4,9.07021016621533e-5,0.6733262532968479
0,5.64165292727672e-4,9.07021016621533e-5,0.7937890147483672
0,2.00984697887424e-4,9.07021016621533e-5,0.34554564312852537
0,4.65423110224946e-4,9.07021016621533e-5,0.710230593810966
0,9.07021016621533e-5,9.07021016621533e-5,0
0,3.15859852948221e-4,9.07021016621533e-5,0.5418770786136086
0,0.00108406181070686,9.07021016621533e-5,1.0774366951470191
0,5.54809414019099e-4,4.38694702966577e-4,0.10198143104889029
0,9.37626231878135e-4,4.38694702966577e-4,0.32986735852478016
0,0.00108406181070686,4.38694702966577e-4,0.3928916548453323
0,9.07021016621533e-5,4.38694702966577e-4,-0.684545040301687
0,5.64165292727672e-4,4.38694702966577e-4,0.10924397444668021
0,3.15859852948221e-4,4.38694702966577e-4,-0.14266796168807827
0,1.1374216147146,4.38694702966577e-4,3.413759086470175
0,4.10674478417191e-5,4.38694702966577e-4,-1.0286646763019642
0,4.13797741074828e-5,4.38694702966577e-4,-1.0253742750146497
0,3.30990442167077e-5,4.38694702966577e-4,-1.1223469374651092
0,2.63910552318931e-4,4.38694702966577e-4,-0.22070563493950598
0,6.27269705674256e-5,4.38694702966577e-4,-0.8447080769741443
0,2.92448753412681e-4,4.38694702966577e-4,-0.1761126160471297
0,2.68296997513154e-4,4.38694702966577e-4,-0.21354657798397605
0,1.08898282658436e-4,4.38694702966577e-4,-0.6051413596103933
0,4.65423110224946e-4,4.38694702966577e-4,0.025685553509278945
0,1.42462759417532e-4,4.38694702966577e-4,-0.48846103842218735
0,1.82976232747384e-5,4.38694702966577e-4,-1.3797677087651488
0,4.38694702966577e-4,4.38694702966577e-4,0
0,0.0012576630375615,4.38694702966577e-4,0.4574019067517105
0,7.57683915187514e-5,4.38694702966577e-4,-0.7626743227900423
0,2.86475886097282e-4,4.38694702966577e-4,-0.1850743191191598
0,0.00889345949807735,4.38694702966577e-4,1.3069083410401736
0,4.27507367434747e-4,4.38694702966577e-4,-0.01121878700483908
0,2.00984697887424e-4,4.38694702966577e-4,-0.3389993971731615
0,2.63910552318931e-4,5.64165292727672e-4,-0.3299496093861862
0,4.13797741074828e-5,5.64165292727672e-4,-1.1346182494613297
0,2.86475886097282e-4,5.64165292727672e-4,-0.29431829356584005
0,0.00889345949807735,5.64165292727672e-4,1.1976643665934934
0,0.0012576630375615,5.64165292727672e-4,0.3481579323050302
0,4.65423110224946e-4,5.64165292727672e-4,-0.08355842093740128
0,0.00108406181070686,5.64165292727672e-4,0.283647680398652
0,4.27507367434747e-4,5.64165292727672e-4,-0.12046276145151931
0,1.1374216147146,5.64165292727672e-4,3.3045151120234943
0,3.15859852948221e-4,5.64165292727672e-4,-0.25191193613475854
0,2.68296997513154e-4,5.64165292727672e-4,-0.32279055243065635
0,7.57683915187514e-5,5.64165292727672e-4,-0.8719182972367227
0,4.38694702966577e-4,5.64165292727672e-4,-0.10924397444668023
0,5.54809414019099e-4,5.64165292727672e-4,-0.0072625433977899605
0,2.00984697887424e-4,5.64165292727672e-4,-0.44824337161984185
0,6.27269705674256e-5,5.64165292727672e-4,-0.9539520514208246
0,5.64165292727672e-4,5.64165292727672e-4,0
0,1.08898282658436e-4,5.64165292727672e-4,-0.7143853340570735
0,4.10674478417191e-5,5.64165292727672e-4,-1.1379086507486447
0,2.92448753412681e-4,5.64165292727672e-4,-0.2853565904938099
0,9.07021016621533e-5,5.64165292727672e-4,-0.7937890147483672
0,3.30990442167077e-5,5.64165292727672e-4,-1.2315909119117896
0,9.37626231878135e-4,5.64165292727672e-4,0.2206233840780999
0,1.82976232747384e-5,5.64165292727672e-4,-1.4890116832118292
0,1.42462759417532e-4,5.64165292727672e-4,-0.5977050128688677
0,1.08898282658436e-4,2.92448753412681e-4,-0.42902874356326354
0,2.86475886097282e-4,2.92448753412681e-4,-0.00896170307203007
0,2.68296997513154e-4,2.92448753412681e-4,-0.03743396193684639
0,9.37626231878135e-4,2.92448753412681e-4,0.5059799745719098
0,7.57683915187514e-5,2.92448753412681e-4,-0.5865617067429126
0,1.42462759417532e-4,2.92448753412681e-4,-0.31234842237505767
0,4.27507367434747e-4,2.92448753412681e-4,0.16489382904229066
0,5.64165292727672e-4,2.92448753412681e-4,0.28535659049380996
0,4.13797741074828e-5,2.92448753412681e-4,-0.8492616589675199
0,1.82976232747384e-5,2.92448753412681e-4,-1.2036550927180192
0,3.15859852948221e-4,2.92448753412681e-4,0.03344465435905141
0,6.27269705674256e-5,2.92448753412681e-4,-0.6685954609270146
0,0.00108406181070686,2.92448753412681e-4,0.569004270892462
0,4.38694702966577e-4,2.92448753412681e-4,0.1761126160471297
0,3.30990442167077e-5,2.92448753412681e-4,-0.9462343214179796
0,2.92448753412681e-4,2.92448753412681e-4,0
0,4.10674478417191e-5,2.92448753412681e-4,-0.8525520602548347
0,1.1374216147146,2.92448753412681e-4,3.5898717025173044
0,5.54809414019099e-4,2.92448753412681e-4,0.27809404709602
0,9.07021016621533e-5,2.92448753412681e-4,-0.5084324242545573
0,2.63910552318931e-4,2.92448753412681e-4,-0.04459301889237627
0,0.0012576630375615,2.92448753412681e-4,0.6335145227988401
0,4.65423110224946e-4,2.92448753412681e-4,0.2017981695564087
0,2.00984697887424e-4,2.92448753412681e-4,-0.16288678112603183
0,0.00889345949807735,2.92448753412681e-4,1.4830209570873034
0,2.00984697887424e-4,0.0012576630375615,-0.796401303924872
0,0.00889345949807735,0.0012576630375615,0.8495064342884632
0,2.86475886097282e-4,0.0012576630375615,-0.6424762258708702
0,4.10674478417191e-5,0.0012576630375615,-1.4860665830536748
0,9.07021016621533e-5,0.0012576630375615,-1.1419469470533974
0,9.37626231878135e-4,0.0012576630375615,-0.12753454822693028
0,3.15859852948221e-4,0.0012576630375615,-0.6000698684397887
0,2.63910552318931e-4,0.0012576630375615,-0.6781075416912165
0,2.68296997513154e-4,0.0012576630375615,-0.6709484847356866
0,7.57683915187514e-5,0.0012576630375615,-1.2200762295417529
0,4.38694702966577e-4,0.0012576630375615,-0.45740190675171044
0,6.27269705674256e-5,0.0012576630375615,-1.3021099837258547
0,3.30990442167077e-5,0.0012576630375615,-1.5797488442168197
0,5.54809414019099e-4,0.0012576630375615,-0.3554204757028202
0,4.65423110224946e-4,0.0012576630375615,-0.43171635324243146
0,1.1374216147146,0.0012576630375615,2.9563571797184642
0,0.00108406181070686,0.0012576630375615,-0.06451025190637821
0,0.0012576630375615,0.0012576630375615,0
0,1.08898282658436e-4,0.0012576630375615,-1.0625432663621037
0,2.92448753412681e-4,0.0012576630375615,-0.6335145227988401
0,1.42462759417532e-4,0.0012576630375615,-0.9458629451738978
0,4.13797741074828e-5,0.0012576630375615,-1.48277618176636
0,5.64165292727672e-4,0.0012576630375615,-0.3481579323050302
0,4.27507367434747e-4,0.0012576630375615,-0.4686206937565495
0,1.82976232747384e-5,0.0012576630375615,-1.8371696155168593
0,2.86475886097282e-4,1.08898282658436e-4,0.42006704049123345
0,4.13797741074828e-5,1.08898282658436e-4,-0.42023291540425634
0,1.08898282658436e-4,1.08898282658436e-4,0
0,6.27269705674256e-5,1.08898282658436e-4,-0.23956671736375104
0,2.00984697887424e-4,1.08898282658436e-4,0.2661419624372317
0,0.0012576630375615,1.08898282658436e-4,1.0625432663621037
0,3.15859852948221e-4,1.08898282658436e-4,0.46247339792231495
0,1.42462759417532e-4,1.08898282658436e-4,0.11668032118820591
0,0.00889345949807735,1.08898282658436e-4,1.912049700650567
0,3.30990442167077e-5,1.08898282658436e-4,-0.517205577854716
0,4.27507367434747e-4,1.08898282658436e-4,0.5939225726055541
0,4.38694702966577e-4,1.08898282658436e-4,0.6051413596103933
0,2.92448753412681e-4,1.08898282658436e-4,0.42902874356326354
0,2.68296997513154e-4,1.08898282658436e-4,0.39159478162641714
0,7.57683915187514e-5,1.08898282658436e-4,-0.1575329631796491
0,1.1374216147146,1.08898282658436e-4,4.0189004460805675
0,9.37626231878135e-4,1.08898282658436e-4,0.9350087181351734
0,2.63910552318931e-4,1.08898282658436e-4,0.38443572467088727
0,5.64165292727672e-4,1.08898282658436e-4,0.7143853340570735
0,1.82976232747384e-5,1.08898282658436e-4,-0.7746263491547556
0,4.10674478417191e-5,1.08898282658436e-4,-0.42352331669157106
0,5.54809414019099e-4,1.08898282658436e-4,0.7071227906592835
0,9.07021016621533e-5,1.08898282658436e-4,-0.07940368069129367
0,0.00108406181070686,1.08898282658436e-4,0.9980330144557255
0,4.65423110224946e-4,1.08898282658436e-4,0.6308269131196722
0,4.13797741074828e-5,6.27269705674256e-5,-0.18066619804050532
0,1.82976232747384e-5,6.27269705674256e-5,-0.5350596317910046
0,0.00108406181070686,6.27269705674256e-5,1.2375997318194765
0,6.27269705674256e-5,6.27269705674256e-5,0
0,1.08898282658436e-4,6.27269705674256e-5,0.23956671736375107
0,4.38694702966577e-4,6.27269705674256e-5,0.8447080769741443
0,9.07021016621533e-5,6.27269705674256e-5,0.16016303667245738
0,5.54809414019099e-4,6.27269705674256e-5,0.9466895080230345
0,2.68296997513154e-4,6.27269705674256e-5,0.6311614989901683
0,5.64165292727672e-4,6.27269705674256e-5,0.9539520514208246
0,4.10674478417191e-5,6.27269705674256e-5,-0.18395659932781994
0,4.65423110224946e-4,6.27269705674256e-5,0.8703936304834233
0,3.15859852948221e-4,6.27269705674256e-5,0.702040115286066
0,2.86475886097282e-4,6.27269705674256e-5,0.6596337578549846
0,4.27507367434747e-4,6.27269705674256e-5,0.8334892899693053
0,0.0012576630375615,6.27269705674256e-5,1.3021099837258547
0,2.00984697887424e-4,6.27269705674256e-5,0.5057086798009828
0,2.92448753412681e-4,6.27269705674256e-5,0.6685954609270146
0,1.42462759417532e-4,6.27269705674256e-5,0.35624703855195694
0,0.00889345949807735,6.27269705674256e-5,2.151616418014318
0,7.57683915187514e-5,6.27269705674256e-5,0.08203375418410194
0,1.1374216147146,6.27269705674256e-5,4.258467163444319
0,9.37626231878135e-4,6.27269705674256e-5,1.1745754354989244
0,2.63910552318931e-4,6.27269705674256e-5,0.6240024420346383
0,3.30990442167077e-5,6.27269705674256e-5,-0.2776388604909649
0,6.27269705674256e-5,0.00889345949807735,-2.151616418014318
0,4.10674478417191e-5,0.00889345949807735,-2.335573017342138
0,0.00889345949807735,0.00889345949807735,0
0,1.82976232747384e-5,0.00889345949807735,-2.6866760498053224
0,4.38694702966577e-4,0.00889345949807735,-1.3069083410401736
0,2.00984697887424e-4,0.00889345949807735,-1.6459077382133351
0,0.0012576630375615,0.00889345949807735,-0.8495064342884632
0,7.57683915187514e-5,0.00889345949807735,-2.069582663830216
0,4.27507367434747e-4,0.00889345949807735,-1.3181271280450126
0,1.1374216147146,0.00889345949807735,2.106850745430001
0,5.64165292727672e-4,0.00889345949807735,-1.1976643665934934
0,1.42462759417532e-4,0.00889345949807735,-1.795369379462361
0,0.00108406181070686,0.00889345949807735,-0.9140166861948414
0,9.37626231878135e-4,0.00889345949807735,-0.9770409825153935
0,2.92448753412681e-4,0.00889345949807735,-1.4830209570873034
0,5.54809414019099e-4,0.00889345949807735,-1.2049269099912834
0,2.68296997513154e-4,0.00889345949807735,-1.5204549190241496
0,4.65423110224946e-4,0.00889345949807735,-1.2812227875308948
0,2.86475886097282e-4,0.00889345949807735,-1.4919826601593336
0,4.13797741074828e-5,0.00889345949807735,-2.3322826160548233
0,9.07021016621533e-5,0.00889345949807735,-1.9914533813418607
0,1.08898282658436e-4,0.00889345949807735,-1.9120497006505668
0,2.63910552318931e-4,0.00889345949807735,-1.5276139759796796
0,3.30990442167077e-5,0.00889345949807735,-2.4292552785052828
0,3.15859852948221e-4,0.00889345949807735,-1.449576302728252
0,3.30990442167077e-5,9.37626231878135e-4,-1.4522142959898894
0,0.0012576630375615,9.37626231878135e-4,0.12753454822693033
0,1.42462759417532e-4,9.37626231878135e-4,-0.8183283969469676
1,1.1374216147146,9.37626231878135e-4,3.0838917279453946
0,9.07021016621533e-5,9.37626231878135e-4,-1.014412398826467
0,1.82976232747384e-5,9.37626231878135e-4,-1.709635067289929
0,9.37626231878135e-4,9.37626231878135e-4,0
0,3.15859852948221e-4,9.37626231878135e-4,-0.47253532021285843
0,2.86475886097282e-4,9.37626231878135e-4,-0.5149416776439399
0,0.00108406181070686,9.37626231878135e-4,0.06302429632055212
0,2.63910552318931e-4,9.37626231878135e-4,-0.5505729934642861
0,2.92448753412681e-4,9.37626231878135e-4,-0.5059799745719099
0,6.27269705674256e-5,9.37626231878135e-4,-1.1745754354989244
0,4.38694702966577e-4,9.37626231878135e-4,-0.32986735852478016
0,4.13797741074828e-5,9.37626231878135e-4,-1.3552416335394297
0,2.68296997513154e-4,9.37626231878135e-4,-0.5434139365087562
0,5.54809414019099e-4,9.37626231878135e-4,-0.22788592747588987
1,1.08898282658436e-4,9.37626231878135e-4,-0.9350087181351734
0,7.57683915187514e-5,9.37626231878135e-4,-1.0925416813148225
0,4.65423110224946e-4,9.37626231878135e-4,-0.3041818050155012
0,4.27507367434747e-4,9.37626231878135e-4,-0.3410861455296192
0,5.64165292727672e-4,9.37626231878135e-4,-0.2206233840780999
0,4.10674478417191e-5,9.37626231878135e-4,-1.3585320348267445
0,2.00984697887424e-4,9.37626231878135e-4,-0.6688667556979417
0,0.00889345949807735,9.37626231878135e-4,0.9770409825153935
0,5.54809414019099e-4,4.10674478417191e-5,1.1306461073508547
0,1.42462759417532e-4,4.10674478417191e-5,0.540203637879777
0,4.10674478417191e-5,4.10674478417191e-5,0
0,9.37626231878135e-4,4.10674478417191e-5,1.3585320348267445
1,1.08898282658436e-4,4.10674478417191e-5,0.423523316691571
0,2.68296997513154e-4,4.10674478417191e-5,0.8151180983179882
0,4.27507367434747e-4,4.10674478417191e-5,1.0174458892971252
0,1.82976232747384e-5,4.10674478417191e-5,-0.3511030324631846
0,3.15859852948221e-4,4.10674478417191e-5,0.8859967146138861
0,2.92448753412681e-4,4.10674478417191e-5,0.8525520602548345
0,0.00108406181070686,4.10674478417191e-5,1.4215563311472965
1,1.1374216147146,4.10674478417191e-5,4.442423762772139
0,2.00984697887424e-4,4.10674478417191e-5,0.6896652791288027
0,4.65423110224946e-4,4.10674478417191e-5,1.0543502298112433
1,3.30990442167077e-5,4.10674478417191e-5,-0.093682261163145
0,4.38694702966577e-4,4.10674478417191e-5,1.0286646763019642
0,7.57683915187514e-5,4.10674478417191e-5,0.26599035351192196
0,2.86475886097282e-4,4.10674478417191e-5,0.8435903571828045
0,6.27269705674256e-5,4.10674478417191e-5,0.18395659932782
0,0.0012576630375615,4.10674478417191e-5,1.4860665830536748
1,5.64165292727672e-4,4.10674478417191e-5,1.1379086507486447
0,4.13797741074828e-5,4.10674478417191e-5,0.0032904012873146535
0,9.07021016621533e-5,4.10674478417191e-5,0.34411963600027734
1,2.63910552318931e-4,4.10674478417191e-5,0.8079590413624583
0,0.00889345949807735,4.10674478417191e-5,2.335573017342138
0,0.00889345949807735,4.65423110224946e-4,1.2812227875308948
0,4.13797741074828e-5,4.65423110224946e-4,-1.0510598285239285
0,1.08898282658436e-4,4.65423110224946e-4,-0.6308269131196722
1,3.30990442167077e-5,4.65423110224946e-4,-1.1480324909743882
0,1.42462759417532e-4,4.65423110224946e-4,-0.5141465919314664
0,5.54809414019099e-4,4.65423110224946e-4,0.07629587753961131
0,3.15859852948221e-4,4.65423110224946e-4,-0.16835351519735725
0,2.00984697887424e-4,4.65423110224946e-4,-0.3646849506824405
0,0.00108406181070686,4.65423110224946e-4,0.36720610133605325
0,9.07021016621533e-5,4.65423110224946e-4,-0.7102305938109659
0,2.92448753412681e-4,4.65423110224946e-4,-0.20179816955640864
0,4.38694702966577e-4,4.65423110224946e-4,-0.025685553509278987
0,5.64165292727672e-4,4.65423110224946e-4,0.08355842093740125
0,2.68296997513154e-4,4.65423110224946e-4,-0.23923213149325503
0,2.63910552318931e-4,4.65423110224946e-4,-0.24639118844878496
0,7.57683915187514e-5,4.65423110224946e-4,-0.7883598762993212
0,4.65423110224946e-4,4.65423110224946e-4,0
1,1.82976232747384e-5,4.65423110224946e-4,-1.4054532622744278
0,4.27507367434747e-4,4.65423110224946e-4,-0.03690434051411801
0,1.1374216147146,4.65423110224946e-4,3.3880735329608958
0,9.37626231878135e-4,4.65423110224946e-4,0.3041818050155012
0,6.27269705674256e-5,4.65423110224946e-4,-0.8703936304834232
0,0.0012576630375615,4.65423110224946e-4,0.4317163532424315
0,4.10674478417191e-5,4.65423110224946e-4,-1.0543502298112433
0,2.86475886097282e-4,4.65423110224946e-4,-0.21075987262843873
0,5.54809414019099e-4,7.57683915187514e-5,0.8646557538389326
0,4.27507367434747e-4,7.57683915187514e-5,0.7514555357852033
0,0.00108406181070686,7.57683915187514e-5,1.1555659776353746
0,2.92448753412681e-4,7.57683915187514e-5,0.5865617067429126
0,2.86475886097282e-4,7.57683915187514e-5,0.5776000036708826
0,1.08898282658436e-4,7.57683915187514e-5,0.1575329631796491
0,1.42462759417532e-4,7.57683915187514e-5,0.27421328436785497
0,7.57683915187514e-5,7.57683915187514e-5,0
0,4.13797741074828e-5,7.57683915187514e-5,-0.2626999522246073
0,4.65423110224946e-4,7.57683915187514e-5,0.7883598762993212
0,5.64165292727672e-4,7.57683915187514e-5,0.8719182972367225
0,3.15859852948221e-4,7.57683915187514e-5,0.620006361101964
0,9.07021016621533e-5,7.57683915187514e-5,0.07812928248835546
0,0.00889345949807735,7.57683915187514e-5,2.069582663830216
0,2.68296997513154e-4,7.57683915187514e-5,0.5491277448060663
0,2.00984697887424e-4,7.57683915187514e-5,0.4236749256168808
0,4.38694702966577e-4,7.57683915187514e-5,0.7626743227900423
0,6.27269705674256e-5,7.57683915187514e-5,-0.08203375418410198
0,4.10674478417191e-5,7.57683915187514e-5,-0.26599035351192196
0,0.0012576630375615,7.57683915187514e-5,1.2200762295417529
0,1.82976232747384e-5,7.57683915187514e-5,-0.6170933859751065
0,3.30990442167077e-5,7.57683915187514e-5,-0.359672614675067
0,2.63910552318931e-4,7.57683915187514e-5,0.5419686878505363
0,9.37626231878135e-4,7.57683915187514e-5,1.0925416813148225
0,1.1374216147146,7.57683915187514e-5,4.176433409260217
0,4.13797741074828e-5,1.1374216147146,-4.439133361484824
0,9.07021016621533e-5,1.1374216147146,-4.098304126771861
0,0.00889345949807735,1.1374216147146,-2.106850745430001
0,1.08898282658436e-4,1.1374216147146,-4.0189004460805675
0,7.57683915187514e-5,1.1374216147146,-4.176433409260217
0,0.0012576630375615,1.1374216147146,-2.9563571797184642
0,6.27269705674256e-5,1.1374216147146,-4.258467163444319
0,3.30990442167077e-5,1.1374216147146,-4.536106023935284
0,1.82976232747384e-5,1.1374216147146,-4.793526795235324
0,4.27507367434747e-4,1.1374216147146,-3.424977873475014
0,5.64165292727672e-4,1.1374216147146,-3.3045151120234943
0,1.1374216147146,1.1374216147146,0
0,0.00108406181070686,1.1374216147146,-3.0208674316248425
0,2.00984697887424e-4,1.1374216147146,-3.752758483643336
0,2.63910552318931e-4,1.1374216147146,-3.634464721409681
0,1.42462759417532e-4,1.1374216147146,-3.902220124892362
0,9.37626231878135e-4,1.1374216147146,-3.0838917279453946
0,5.54809414019099e-4,1.1374216147146,-3.3117776554212845
0,4.65423110224946e-4,1.1374216147146,-3.3880735329608958
0,2.92448753412681e-4,1.1374216147146,-3.5898717025173044
0,4.10674478417191e-5,1.1374216147146,-4.442423762772139
0,2.68296997513154e-4,1.1374216147146,-3.6273056644541506
0,2.86475886097282e-4,1.1374216147146,-3.5988334055893345
0,3.15859852948221e-4,1.1374216147146,-3.5564270481582527
0,4.38694702966577e-4,1.1374216147146,-3.413759086470175
0,2.86475886097282e-4,2.00984697887424e-4,0.15392507805400182
0,9.37626231878135e-4,2.00984697887424e-4,0.6688667556979417
0,3.15859852948221e-4,2.00984697887424e-4,0.1963314354850833
0,9.07021016621533e-5,2.00984697887424e-4,-0.34554564312852537
0,5.54809414019099e-4,2.00984697887424e-4,0.44098082822205187
0,6.27269705674256e-5,2.00984697887424e-4,-0.5057086798009828
0,2.68296997513154e-4,2.00984697887424e-4,0.1254528191891855
0,4.10674478417191e-5,2.00984697887424e-4,-0.6896652791288027
0,4.38694702966577e-4,2.00984697887424e-4,0.3389993971731615
0,5.64165292727672e-4,2.00984697887424e-4,0.4482433716198418
0,2.00984697887424e-4,2.00984697887424e-4,0
0,2.63910552318931e-4,2.00984697887424e-4,0.11829376223365554
0,0.00108406181070686,2.00984697887424e-4,0.7318910520184938
0,1.42462759417532e-4,2.00984697887424e-4,-0.14946164124902578
0,4.65423110224946e-4,2.00984697887424e-4,0.36468495068244056
0,0.00889345949807735,2.00984697887424e-4,1.6459077382133351
0,7.57683915187514e-5,2.00984697887424e-4,-0.4236749256168808
0,3.30990442167077e-5,2.00984697887424e-4,-0.7833475402919478
0,2.92448753412681e-4,2.00984697887424e-4,0.16288678112603186
0,0.0012576630375615,2.00984697887424e-4,0.796401303924872
0,4.27507367434747e-4,2.00984697887424e-4,0.3277806101683225
0,4.13797741074828e-5,2.00984697887424e-4,-0.6863748778414881
0,1.82976232747384e-5,2.00984697887424e-4,-1.0407683115919872
0,1.1374216147146,2.00984697887424e-4,3.752758483643336
0,1.08898282658436e-4,2.00984697887424e-4,-0.2661419624372317
0,3.15859852948221e-4,1.82976232747384e-5,1.2370997470770706
0,5.64165292727672e-4,1.82976232747384e-5,1.4890116832118292
0,2.63910552318931e-4,1.82976232747384e-5,1.159062073825643
0,0.00108406181070686,1.82976232747384e-5,1.772659363610481
0,6.27269705674256e-5,1.82976232747384e-5,0.5350596317910046
0,9.07021016621533e-5,1.82976232747384e-5,0.6952226684634619
0,4.65423110224946e-4,1.82976232747384e-5,1.4054532622744278
1,1.1374216147146,1.82976232747384e-5,4.793526795235324
0,1.08898282658436e-4,1.82976232747384e-5,0.7746263491547556
0,1.82976232747384e-5,1.82976232747384e-5,0
0,0.00889345949807735,1.82976232747384e-5,2.6866760498053224
0,4.13797741074828e-5,1.82976232747384e-5,0.35439343375049925
0,3.30990442167077e-5,1.82976232747384e-5,0.2574207713000396
0,7.57683915187514e-5,1.82976232747384e-5,0.6170933859751065
0,1.42462759417532e-4,1.82976232747384e-5,0.8913066703429615
0,9.37626231878135e-4,1.82976232747384e-5,1.709635067289929
0,2.00984697887424e-4,1.82976232747384e-5,1.0407683115919872
0,4.27507367434747e-4,1.82976232747384e-5,1.3685489217603097
0,2.86475886097282e-4,1.82976232747384e-5,1.194693389645989
0,0.0012576630375615,1.82976232747384e-5,1.8371696155168593
0,2.92448753412681e-4,1.82976232747384e-5,1.2036550927180192
0,4.10674478417191e-5,1.82976232747384e-5,0.3511030324631846
0,5.54809414019099e-4,1.82976232747384e-5,1.4817491398140392
0,4.38694702966577e-4,1.82976232747384e-5,1.3797677087651488
0,2.68296997513154e-4,1.82976232747384e-5,1.1662211307811727
0,1.82976232747384e-5,2.68296997513154e-4,-1.1662211307811727
0,2.86475886097282e-4,2.68296997513154e-4,0.028472258864816354
0,1.08898282658436e-4,2.68296997513154e-4,-0.3915947816264172
0,3.30990442167077e-5,2.68296997513154e-4,-0.9088003594811332
0,5.54809414019099e-4,2.68296997513154e-4,0.3155280090328663
0,2.92448753412681e-4,2.68296997513154e-4,0.03743396193684636
0,9.07021016621533e-5,2.68296997513154e-4,-0.4709984623177108
0,4.38694702966577e-4,2.68296997513154e-4,0.21354657798397605
0,0.0012576630375615,2.68296997513154e-4,0.6709484847356865
0,2.63910552318931e-4,2.68296997513154e-4,-0.007159056955529895
0,6.27269705674256e-5,2.68296997513154e-4,-0.6311614989901683
0,2.68296997513154e-4,2.68296997513154e-4,0
0,5.64165292727672e-4,2.68296997513154e-4,0.32279055243065635
0,0.00889345949807735,2.68296997513154e-4,1.5204549190241496
0,4.13797741074828e-5,2.68296997513154e-4,-0.8118276970306736
0,4.65423110224946e-4,2.68296997513154e-4,0.23923213149325503
0,2.00984697887424e-4,2.68296997513154e-4,-0.12545281918918547
0,4.10674478417191e-5,2.68296997513154e-4,-0.8151180983179882
0,1.1374216147146,2.68296997513154e-4,3.6273056644541506
0,9.37626231878135e-4,2.68296997513154e-4,0.5434139365087562
0,4.27507367434747e-4,2.68296997513154e-4,0.20232779097913703
0,1.42462759417532e-4,2.68296997513154e-4,-0.27491446043821133
0,3.15859852948221e-4,2.68296997513154e-4,0.07087861629589776
0,7.57683915187514e-5,2.68296997513154e-4,-0.5491277448060663
0,0.00108406181070686,2.68296997513154e-4,0.6064382328293083
0,5.54809414019099e-4,5.54809414019099e-4,0
0,0.0012576630375615,5.54809414019099e-4,0.35542047570282015
0,3.30990442167077e-5,5.54809414019099e-4,-1.2243283685139996
0,7.57683915187514e-5,5.54809414019099e-4,-0.8646557538389327
0,1.42462759417532e-4,5.54809414019099e-4,-0.5904424694710776
0,2.86475886097282e-4,5.54809414019099e-4,-0.28705575016805007
0,2.68296997513154e-4,5.54809414019099e-4,-0.3155280090328664
0,4.38694702966577e-4,5.54809414019099e-4,-0.10198143104889029
0,1.82976232747384e-5,5.54809414019099e-4,-1.4817491398140392
0,4.27507367434747e-4,5.54809414019099e-4,-0.11320021805372932
0,0.00889345949807735,5.54809414019099e-4,1.2049269099912834
0,4.10674478417191e-5,5.54809414019099e-4,-1.1306461073508545
0,5.64165292727672e-4,5.54809414019099e-4,0.007262543397789986
0,3.15859852948221e-4,5.54809414019099e-4,-0.24464939273696854
0,6.27269705674256e-5,5.54809414019099e-4,-0.9466895080230345
0,4.13797741074828e-5,5.54809414019099e-4,-1.12735570606354
0,2.92448753412681e-4,5.54809414019099e-4,-0.27809404709602004
0,2.00984697887424e-4,5.54809414019099e-4,-0.4409808282220518
0,4.65423110224946e-4,5.54809414019099e-4,-0.07629587753961133
1,1.1374216147146,5.54809414019099e-4,3.3117776554212845
0,9.37626231878135e-4,5.54809414019099e-4,0.22788592747588984
0,9.07021016621533e-5,5.54809414019099e-4,-0.7865264713505772
0,2.63910552318931e-4,5.54809414019099e-4,-0.32268706598839625
0,1.08898282658436e-4,5.54809414019099e-4,-0.7071227906592835
0,0.00108406181070686,5.54809414019099e-4,0.290910223796442
0,1.72391791691502e-4,4.15238607922725e-5,0.6182188569568998
0,2.73382379190227e-4,4.15238607922725e-5,0.818472792353417
0,1.33718226089719e-5,4.15238607922725e-5,-0.4921071198172118
0,3.95787379563705e-4,4.15238607922725e-5,0.9791642153709704
0,7.16250685647018e-5,4.15238607922725e-5,0.23676732430235406
0,2.25284874722148e-4,4.15238607922725e-5,0.7344343084317505
0,2.92686822557079e-4,4.15238607922725e-5,0.8481054435127312
0,9.01092321992476e-4,4.15238607922725e-5,1.336471562767253
0,2.57933636951392e-4,4.15238607922725e-5,0.7932102554698495
0,2.06579955051704e-4,4.15238607922725e-5,0.6967904521817955
1,1.1374216147146,4.15238607922725e-5,4.437623750592552
0,4.05501334082366e-5,4.15238607922725e-5,-0.010305439051276582
0,1.87004859141164e-4,4.15238607922725e-5,0.653555164995549
1,1.07192948107188e-4,4.15238607922725e-5,0.4118684889931674
0,1.15894669694215e-4,4.15238607922725e-5,0.44576573564688976
0,4.39933460359853e-4,4.15238607922725e-5,1.0250892682933634
0,8.80953491546054e-5,4.15238607922725e-5,0.32665525476105195
0,4.15238607922725e-5,4.15238607922725e-5,0
0,2.17798879426398e-4,4.15238607922725e-5,0.7197579145722349
0,0.0012576630375615,4.15238607922725e-5,1.4812665708740878
0,2.65382885957271e-4,4.15238607922725e-5,0.805575186186443
0,2.73382379190227e-4,1.07192948107188e-4,0.40660430336024955
0,4.39933460359853e-4,1.07192948107188e-4,0.6132207793001959
0,0.0012576630375615,1.07192948107188e-4,1.0693980818809203
0,1.15894669694215e-4,1.07192948107188e-4,0.03389724665372236
0,2.17798879426398e-4,1.07192948107188e-4,0.3078894255790675
0,2.57933636951392e-4,1.07192948107188e-4,0.38134176647668205
0,2.92686822557079e-4,1.07192948107188e-4,0.43623695451956374
0,1.72391791691502e-4,1.07192948107188e-4,0.20635036796373232
0,4.05501334082366e-5,1.07192948107188e-4,-0.42217392804444404
1,1.1374216147146,1.07192948107188e-4,4.025755261599384
0,2.25284874722148e-4,1.07192948107188e-4,0.3225658194385831
0,3.95787379563705e-4,1.07192948107188e-4,0.5672957263778031
0,1.07192948107188e-4,1.07192948107188e-4,0
0,4.15238607922725e-5,1.07192948107188e-4,-0.4118684889931674
0,8.80953491546054e-5,1.07192948107188e-4,-0.0852132342321155
0,7.16250685647018e-5,1.07192948107188e-4,-0.17510116469081333
0,2.65382885957271e-4,1.07192948107188e-4,0.39370669719327556
0,1.33718226089719e-5,1.07192948107188e-4,-0.9039756088103792
0,1.87004859141164e-4,1.07192948107188e-4,0.2416866760023816
0,9.01092321992476e-4,1.07192948107188e-4,0.9246030737740856
0,2.06579955051704e-4,1.07192948107188e-4,0.2849219631886281
0,2.65382885957271e-4,3.95787379563705e-4,-0.1735890291845275
0,1.33718226089719e-5,3.95787379563705e-4,-1.4712713351881823
0,2.06579955051704e-4,3.95787379563705e-4,-0.28237376318917495
0,2.25284874722148e-4,3.95787379563705e-4,-0.24472990693922
0,7.16250685647018e-5,3.95787379563705e-4,-0.7423968910686164
0,2.92686822557079e-4,3.95787379563705e-4,-0.1310587718582393
0,3.95787379563705e-4,3.95787379563705e-4,0
0,4.15238607922725e-5,3.95787379563705e-4,-0.9791642153709705
0,1.87004859141164e-4,3.95787379563705e-4,-0.3256090503754215
0,4.39933460359853e-4,3.95787379563705e-4,0.04592505292239283
0,2.17798879426398e-4,3.95787379563705e-4,-0.2594063007987356
0,8.80953491546054e-5,3.95787379563705e-4,-0.6525089606099186
0,2.57933636951392e-4,3.95787379563705e-4,-0.18595395990112099
1,1.1374216147146,3.95787379563705e-4,3.4584595352215812
0,0.0012576630375615,3.95787379563705e-4,0.5021023555031172
0,1.15894669694215e-4,3.95787379563705e-4,-0.5333984797240807
0,4.05501334082366e-5,3.95787379563705e-4,-0.9894696544222471
0,1.72391791691502e-4,3.95787379563705e-4,-0.36094535841407077
0,9.01092321992476e-4,3.95787379563705e-4,0.35730734739628256
0,2.73382379190227e-4,3.95787379563705e-4,-0.16069142301755357
0,1.07192948107188e-4,3.95787379563705e-4,-0.5672957263778031
0,2.73382379190227e-4,1.72391791691502e-4,0.20025393539651726
0,4.39933460359853e-4,1.72391791691502e-4,0.40687041133646357
0,2.92686822557079e-4,1.72391791691502e-4,0.22988658655583144
0,1.15894669694215e-4,1.72391791691502e-4,-0.17245312131000998
0,1.33718226089719e-5,1.72391791691502e-4,-1.1103259767741116
0,2.06579955051704e-4,1.72391791691502e-4,0.07857159522489579
0,2.65382885957271e-4,1.72391791691502e-4,0.18735632922954323
0,0.0012576630375615,1.72391791691502e-4,0.863047713917188
0,7.16250685647018e-5,1.72391791691502e-4,-0.3814515326545457
0,4.05501334082366e-5,1.72391791691502e-4,-0.6285242960081764
0,2.57933636951392e-4,1.72391791691502e-4,0.1749913985129498
0,2.25284874722148e-4,1.72391791691502e-4,0.11621545147485074
1,1.1374216147146,1.72391791691502e-4,3.819404893635652
0,4.15238607922725e-5,1.72391791691502e-4,-0.6182188569568997
0,1.07192948107188e-4,1.72391791691502e-4,-0.20635036796373232
0,3.95787379563705e-4,1.72391791691502e-4,0.3609453584140707
0,1.87004859141164e-4,1.72391791691502e-4,0.03533630803864925
0,1.72391791691502e-4,1.72391791691502e-4,0
0,9.01092321992476e-4,1.72391791691502e-4,0.7182527058103533
0,2.17798879426398e-4,1.72391791691502e-4,0.10153905761533522
0,8.80953491546054e-5,1.72391791691502e-4,-0.29156360219584787
0,8.80953491546054e-5,9.01092321992476e-4,-1.009816308006201
0,2.25284874722148e-4,9.01092321992476e-4,-0.6020372543355025
0,2.06579955051704e-4,9.01092321992476e-4,-0.6396811105854575
0,4.05501334082366e-5,9.01092321992476e-4,-1.3467770018185297
0,2.73382379190227e-4,9.01092321992476e-4,-0.517998770413836
0,2.65382885957271e-4,9.01092321992476e-4,-0.53089637658081
0,1.07192948107188e-4,9.01092321992476e-4,-0.9246030737740856
0,9.01092321992476e-4,9.01092321992476e-4,0
0,2.92686822557079e-4,9.01092321992476e-4,-0.48836611925452184
0,4.39933460359853e-4,9.01092321992476e-4,-0.31138229447388965
0,2.17798879426398e-4,9.01092321992476e-4,-0.6167136481950181
0,7.16250685647018e-5,9.01092321992476e-4,-1.099704238464899
0,1.33718226089719e-5,9.01092321992476e-4,-1.8285786825844648
0,0.0012576630375615,9.01092321992476e-4,0.1447950081068347
0,2.57933636951392e-4,9.01092321992476e-4,-0.5432613072974035
0,1.15894669694215e-4,9.01092321992476e-4,-0.8907058271203632
0,1.1374216147146,9.01092321992476e-4,3.1011521878252988
0,4.15238607922725e-5,9.01092321992476e-4,-1.336471562767253
0,1.87004859141164e-4,9.01092321992476e-4,-0.682916397771704
0,3.95787379563705e-4,9.01092321992476e-4,-0.35730734739628245
0,1.72391791691502e-4,9.01092321992476e-4,-0.7182527058103533
0,4.39933460359853e-4,4.39933460359853e-4,0
0,7.16250685647018e-5,4.39933460359853e-4,-0.7883219439910093
0,4.05501334082366e-5,4.39933460359853e-4,-1.03539470734464
0,1.33718226089719e-5,4.39933460359853e-4,-1.517196388110575
0,3.95787379563705e-4,4.39933460359853e-4,-0.04592505292239287
0,8.80953491546054e-5,4.39933460359853e-4,-0.6984340135323114
0,2.92686822557079e-4,4.39933460359853e-4,-0.17698382478063215
0,9.01092321992476e-4,4.39933460359853e-4,0.31138229447388965
0,1.15894669694215e-4,4.39933460359853e-4,-0.5793235326464735
0,1.72391791691502e-4,4.39933460359853e-4,-0.4068704113364636
0,2.17798879426398e-4,4.39933460359853e-4,-0.3053313537211284
0,1.07192948107188e-4,4.39933460359853e-4,-0.6132207793001959
0,2.73382379190227e-4,4.39933460359853e-4,-0.2066164759399464
0,1.87004859141164e-4,4.39933460359853e-4,-0.37153410329781433
0,2.06579955051704e-4,4.39933460359853e-4,-0.32829881611156786
0,2.57933636951392e-4,4.39933460359853e-4,-0.23187901282351384
0,2.65382885957271e-4,4.39933460359853e-4,-0.21951408210692042
1,2.25284874722148e-4,4.39933460359853e-4,-0.2906549598616128
0,4.15238607922725e-5,4.39933460359853e-4,-1.0250892682933634
1,1.1374216147146,4.39933460359853e-4,3.4125344822991885
0,0.0012576630375615,4.39933460359853e-4,0.45617730258072436
0,7.16250685647018e-5,1.15894669694215e-4,-0.20899841134453573
0,2.73382379190227e-4,1.15894669694215e-4,0.37270705670652715
0,1.15894669694215e-4,1.15894669694215e-4,0
0,1.72391791691502e-4,1.15894669694215e-4,0.17245312131000998
0,2.57933636951392e-4,1.15894669694215e-4,0.3474445198229597
0,2.25284874722148e-4,1.15894669694215e-4,0.2886685727848607
0,9.01092321992476e-4,1.15894669694215e-4,0.8907058271203632
0,4.15238607922725e-5,1.15894669694215e-4,-0.4457657356468898
0,2.06579955051704e-4,1.15894669694215e-4,0.25102471653490577
0,4.05501334082366e-5,1.15894669694215e-4,-0.4560711746981664
0,2.92686822557079e-4,1.15894669694215e-4,0.4023397078658414
0,2.65382885957271e-4,1.15894669694215e-4,0.3598094505395532
0,4.39933460359853e-4,1.15894669694215e-4,0.5793235326464735
0,2.17798879426398e-4,1.15894669694215e-4,0.27399217892534516
1,1.1374216147146,1.15894669694215e-4,3.991858014945662
0,0.0012576630375615,1.15894669694215e-4,1.035500835227198
0,1.87004859141164e-4,1.15894669694215e-4,0.2077894293486592
0,1.07192948107188e-4,1.15894669694215e-4,-0.03389724665372237
0,1.33718226089719e-5,1.15894669694215e-4,-0.9378728554641016
0,8.80953491546054e-5,1.15894669694215e-4,-0.11911048088583788
0,3.95787379563705e-4,1.15894669694215e-4,0.5333984797240807
0,9.01092321992476e-4,2.17798879426398e-4,0.6167136481950181
0,2.57933636951392e-4,2.17798879426398e-4,0.07345234089761458
0,1.72391791691502e-4,2.17798879426398e-4,-0.10153905761533522
0,4.39933460359853e-4,2.17798879426398e-4,0.3053313537211284
0,2.06579955051704e-4,2.17798879426398e-4,-0.022967462390439432
1,2.25284874722148e-4,2.17798879426398e-4,0.014676393859515524
0,4.05501334082366e-5,2.17798879426398e-4,-0.7300633536235115
0,2.92686822557079e-4,2.17798879426398e-4,0.12834752894049625
0,1.07192948107188e-4,2.17798879426398e-4,-0.3078894255790675
1,1.1374216147146,2.17798879426398e-4,3.717865836020317
0,2.73382379190227e-4,2.17798879426398e-4,0.09871487778118203
1,1.15894669694215e-4,2.17798879426398e-4,-0.27399217892534516
0,3.95787379563705e-4,2.17798879426398e-4,0.25940630079873556
0,1.87004859141164e-4,2.17798879426398e-4,-0.06620274957668591
0,8.80953491546054e-5,2.17798879426398e-4,-0.39310265981118303
0,7.16250685647018e-5,2.17798879426398e-4,-0.48299059026988084
0,4.15238607922725e-5,2.17798879426398e-4,-0.7197579145722349
0,0.0012576630375615,2.17798879426398e-4,0.7615086563018527
0,2.17798879426398e-4,2.17798879426398e-4,0
0,2.65382885957271e-4,2.17798879426398e-4,0.08581727161420806
0,1.33718226089719e-5,2.17798879426398e-4,-1.2118650343894466
0,1.07192948107188e-4,2.73382379190227e-4,-0.40660430336024955
0,1.33718226089719e-5,2.73382379190227e-4,-1.3105799121706287
0,0.0012576630375615,2.73382379190227e-4,0.6627937785206708
0,2.17798879426398e-4,2.73382379190227e-4,-0.09871487778118206
1,1.1374216147146,2.73382379190227e-4,3.619150958239135
0,4.15238607922725e-5,2.73382379190227e-4,-0.818472792353417
0,2.57933636951392e-4,2.73382379190227e-4,-0.025262536883567437
0,2.65382885957271e-4,2.73382379190227e-4,-0.012897606166973991
0,2.25284874722148e-4,2.73382379190227e-4,-0.08403848392166645
0,7.16250685647018e-5,2.73382379190227e-4,-0.5817054680510628
0,4.05501334082366e-5,2.73382379190227e-4,-0.8287782314046936
0,2.73382379190227e-4,2.73382379190227e-4,0
0,4.39933460359853e-4,2.73382379190227e-4,0.2066164759399464
0,9.01092321992476e-4,2.73382379190227e-4,0.517998770413836
0,8.80953491546054e-5,2.73382379190227e-4,-0.4918175375923651
0,1.15894669694215e-4,2.73382379190227e-4,-0.37270705670652715
0,1.87004859141164e-4,2.73382379190227e-4,-0.1649176273578679
0,1.72391791691502e-4,2.73382379190227e-4,-0.2002539353965172
0,3.95787379563705e-4,2.73382379190227e-4,0.16069142301755354
0,2.92686822557079e-4,2.73382379190227e-4,0.02963265115931417
0,2.06579955051704e-4,2.73382379190227e-4,-0.12168234017162147
0,0.0012576630375615,8.80953491546054e-5,1.1546113161130358
0,4.05501334082366e-5,8.80953491546054e-5,-0.3369606938123285
0,1.1374216147146,8.80953491546054e-5,4.1109684958315
0,2.65382885957271e-4,8.80953491546054e-5,0.4789199314253911
0,2.57933636951392e-4,8.80953491546054e-5,0.46655500070879763
0,2.06579955051704e-4,8.80953491546054e-5,0.37013519742074363
0,3.95787379563705e-4,8.80953491546054e-5,0.6525089606099186
0,1.87004859141164e-4,8.80953491546054e-5,0.32689991023449716
1,2.92686822557079e-4,8.80953491546054e-5,0.5214501887516793
0,8.80953491546054e-5,8.80953491546054e-5,0
0,1.72391791691502e-4,8.80953491546054e-5,0.29156360219584787
0,4.15238607922725e-5,8.80953491546054e-5,-0.3266552547610519
0,1.15894669694215e-4,8.80953491546054e-5,0.11911048088583791
0,2.73382379190227e-4,8.80953491546054e-5,0.4918175375923651
0,4.39933460359853e-4,8.80953491546054e-5,0.6984340135323115
0,1.33718226089719e-5,8.80953491546054e-5,-0.8187623745782637
0,2.17798879426398e-4,8.80953491546054e-5,0.39310265981118303
0,7.16250685647018e-5,8.80953491546054e-5,-0.0898879304586978
0,2.25284874722148e-4,8.80953491546054e-5,0.40777905367069867
0,1.07192948107188e-4,8.80953491546054e-5,0.08521323423211552
0,9.01092321992476e-4,8.80953491546054e-5,1.009816308006201
0,4.39933460359853e-4,4.05501334082366e-5,1.03539470734464
0,9.01092321992476e-4,4.05501334082366e-5,1.3467770018185297
0,2.25284874722148e-4,4.05501334082366e-5,0.7447397474830271
0,3.95787379563705e-4,4.05501334082366e-5,0.9894696544222471
0,2.17798879426398e-4,4.05501334082366e-5,0.7300633536235115
0,1.33718226089719e-5,4.05501334082366e-5,-0.48180168076593516
1,1.1374216147146,4.05501334082366e-5,4.447929189643829
0,2.92686822557079e-4,4.05501334082366e-5,0.8584108825640078
0,7.16250685647018e-5,4.05501334082366e-5,0.24707276335363068
0,4.15238607922725e-5,4.05501334082366e-5,0.010305439051276564
0,1.72391791691502e-4,4.05501334082366e-5,0.6285242960081763
0,1.87004859141164e-4,4.05501334082366e-5,0.6638606040468256
0,2.06579955051704e-4,4.05501334082366e-5,0.7070958912330721
0,2.57933636951392e-4,4.05501334082366e-5,0.8035156945211261
0,2.73382379190227e-4,4.05501334082366e-5,0.8287782314046935
0,0.0012576630375615,4.05501334082366e-5,1.4915720099253644
0,1.15894669694215e-4,4.05501334082366e-5,0.45607117469816644
0,1.07192948107188e-4,4.05501334082366e-5,0.4221739280444441
0,8.80953491546054e-5,4.05501334082366e-5,0.33696069381232846
0,4.05501334082366e-5,4.05501334082366e-5,0
0,2.65382885957271e-4,4.05501334082366e-5,0.8158806252377196
0,8.80953491546054e-5,0.0012576630375615,-1.1546113161130358
0,2.73382379190227e-4,0.0012576630375615,-0.6627937785206708
0,1.1374216147146,0.0012576630375615,2.9563571797184642
0,2.57933636951392e-4,0.0012576630375615,-0.6880563154042382
0,3.95787379563705e-4,0.0012576630375615,-0.5021023555031172
0,0.0012576630375615,0.0012576630375615,0
0,2.92686822557079e-4,0.0012576630375615,-0.6331611273613565
0,1.33718226089719e-5,0.0012576630375615,-1.9733736906912995
0,7.16250685647018e-5,0.0012576630375615,-1.2444992465717337
0,2.25284874722148e-4,0.0012576630375615,-0.7468322624423372
0,2.06579955051704e-4,0.0012576630375615,-0.7844761186922922
0,2.17798879426398e-4,0.0012576630375615,-0.7615086563018528
0,1.15894669694215e-4,0.0012576630375615,-1.035500835227198
0,2.65382885957271e-4,0.0012576630375615,-0.6756913846876447
0,9.01092321992476e-4,0.0012576630375615,-0.14479500810683474
0,1.72391791691502e-4,0.0012576630375615,-0.8630477139171879
0,4.39933460359853e-4,0.0012576630375615,-0.45617730258072436
0,4.05501334082366e-5,0.0012576630375615,-1.4915720099253644
0,1.87004859141164e-4,0.0012576630375615,-0.8277114058785386
0,1.07192948107188e-4,0.0012576630375615,-1.0693980818809203
0,4.15238607922725e-5,0.0012576630375615,-1.4812665708740878
0,2.17798879426398e-4,2.25284874722148e-4,-0.014676393859515557
0,2.06579955051704e-4,2.25284874722148e-4,-0.03764385624995498
0,8.80953491546054e-5,2.25284874722148e-4,-0.4077790536706986
0,1.15894669694215e-4,2.25284874722148e-4,-0.28866857278486074
0,4.15238607922725e-5,2.25284874722148e-4,-0.7344343084317505
0,2.92686822557079e-4,2.25284874722148e-4,0.1136711350809807
0,4.39933460359853e-4,2.25284874722148e-4,0.2906549598616129
1,1.1374216147146,2.25284874722148e-4,3.7031894421608014
0,4.05501334082366e-5,2.25284874722148e-4,-0.7447397474830271
0,2.25284874722148e-4,2.25284874722148e-4,0
0,1.87004859141164e-4,2.25284874722148e-4,-0.08087914343620148
0,1.07192948107188e-4,2.25284874722148e-4,-0.3225658194385831
0,7.16250685647018e-5,2.25284874722148e-4,-0.4976669841293964
0,0.0012576630375615,2.25284874722148e-4,0.7468322624423372
0,1.72391791691502e-4,2.25284874722148e-4,-0.11621545147485078
0,1.33718226089719e-5,2.25284874722148e-4,-1.2265414282489622
0,3.95787379563705e-4,2.25284874722148e-4,0.24472990693922
0,2.57933636951392e-4,2.25284874722148e-4,0.05877594703809897
0,9.01092321992476e-4,2.25284874722148e-4,0.6020372543355025
0,2.73382379190227e-4,2.25284874722148e-4,0.08403848392166645
0,2.65382885957271e-4,2.25284874722148e-4,0.07114087775469248
0,1.72391791691502e-4,2.65382885957271e-4,-0.18735632922954323
0,4.05501334082366e-5,2.65382885957271e-4,-0.8158806252377195
0,2.57933636951392e-4,2.65382885957271e-4,-0.01236493071659347
0,2.17798879426398e-4,2.65382885957271e-4,-0.08581727161420803
0,1.33718226089719e-5,2.65382885957271e-4,-1.2976823060036546
0,8.80953491546054e-5,2.65382885957271e-4,-0.4789199314253911
0,2.25284874722148e-4,2.65382885957271e-4,-0.07114087775469247
0,7.16250685647018e-5,2.65382885957271e-4,-0.5688078618840888
0,2.73382379190227e-4,2.65382885957271e-4,0.012897606166973961
0,1.15894669694215e-4,2.65382885957271e-4,-0.35980945053955316
0,2.65382885957271e-4,2.65382885957271e-4,0
0,2.92686822557079e-4,2.65382885957271e-4,0.042530257326288214
0,1.07192948107188e-4,2.65382885957271e-4,-0.39370669719327556
0,4.39933460359853e-4,2.65382885957271e-4,0.2195140821069204
0,4.15238607922725e-5,2.65382885957271e-4,-0.805575186186443
0,2.06579955051704e-4,2.65382885957271e-4,-0.10878473400464744
0,9.01092321992476e-4,2.65382885957271e-4,0.53089637658081
0,0.0012576630375615,2.65382885957271e-4,0.6756913846876447
0,3.95787379563705e-4,2.65382885957271e-4,0.1735890291845275
0,1.87004859141164e-4,2.65382885957271e-4,-0.152020021190894
0,1.1374216147146,2.65382885957271e-4,3.632048564406109
0,2.57933636951392e-4,1.87004859141164e-4,0.1396550904743005
0,1.72391791691502e-4,1.87004859141164e-4,-0.03533630803864929
0,2.17798879426398e-4,1.87004859141164e-4,0.06620274957668595
0,1.33718226089719e-5,1.87004859141164e-4,-1.145662284812761
0,7.16250685647018e-5,1.87004859141164e-4,-0.41678784069319497
0,2.06579955051704e-4,1.87004859141164e-4,0.04323528718624647
0,2.73382379190227e-4,1.87004859141164e-4,0.1649176273578679
0,8.80953491546054e-5,1.87004859141164e-4,-0.3268999102344971
1,2.65382885957271e-4,1.87004859141164e-4,0.15202002119089394
0,4.39933460359853e-4,1.87004859141164e-4,0.3715341032978143
0,1.87004859141164e-4,1.87004859141164e-4,0
1,1.07192948107188e-4,1.87004859141164e-4,-0.2416866760023816
0,1.15894669694215e-4,1.87004859141164e-4,-0.20778942934865927
0,1.1374216147146,1.87004859141164e-4,3.784068585597003
0,4.15238607922725e-5,1.87004859141164e-4,-0.653555164995549
0,9.01092321992476e-4,1.87004859141164e-4,0.682916397771704
0,2.25284874722148e-4,1.87004859141164e-4,0.0808791434362015
0,0.0012576630375615,1.87004859141164e-4,0.8277114058785386
0,3.95787379563705e-4,1.87004859141164e-4,0.3256090503754215
0,2.92686822557079e-4,1.87004859141164e-4,0.19455027851718212
0,4.05501334082366e-5,1.87004859141164e-4,-0.6638606040468256
0,1.72391791691502e-4,2.57933636951392e-4,-0.17499139851294976
1,1.07192948107188e-4,2.57933636951392e-4,-0.3813417664766821
0,4.15238607922725e-5,2.57933636951392e-4,-0.7932102554698496
0,2.65382885957271e-4,2.57933636951392e-4,0.012364930716593517
0,1.33718226089719e-5,2.57933636951392e-4,-1.2853173752870612
0,4.05501334082366e-5,2.57933636951392e-4,-0.8035156945211261
0,9.01092321992476e-4,2.57933636951392e-4,0.5432613072974035
0,2.73382379190227e-4,2.57933636951392e-4,0.025262536883567447
0,4.39933460359853e-4,2.57933636951392e-4,0.23187901282351386
0,7.16250685647018e-5,2.57933636951392e-4,-0.5564429311674954
0,2.92686822557079e-4,2.57933636951392e-4,0.05489518804288168
1,1.15894669694215e-4,2.57933636951392e-4,-0.3474445198229597
1,1.1374216147146,2.57933636951392e-4,3.6444134951227025
0,8.80953491546054e-5,2.57933636951392e-4,-0.46655500070879763
0,1.87004859141164e-4,2.57933636951392e-4,-0.13965509047430044
0,2.17798879426398e-4,2.57933636951392e-4,-0.07345234089761456
0,2.57933636951392e-4,2.57933636951392e-4,0
1,3.95787379563705e-4,2.57933636951392e-4,0.18595395990112096
0,2.25284874722148e-4,2.57933636951392e-4,-0.058775947038099
0,2.06579955051704e-4,2.57933636951392e-4,-0.096419803288054
0,0.0012576630375615,2.57933636951392e-4,0.6880563154042382
0,2.25284874722148e-4,2.06579955051704e-4,0.03764385624995503
0,1.72391791691502e-4,2.06579955051704e-4,-0.07857159522489579
0,1.07192948107188e-4,2.06579955051704e-4,-0.28492196318862806
0,1.15894669694215e-4,2.06579955051704e-4,-0.25102471653490577
0,4.39933460359853e-4,2.06579955051704e-4,0.32829881611156786
0,2.65382885957271e-4,2.06579955051704e-4,0.1087847340046475
0,8.80953491546054e-5,2.06579955051704e-4,-0.37013519742074363
0,2.17798879426398e-4,2.06579955051704e-4,0.022967462390439414
0,4.15238607922725e-5,2.06579955051704e-4,-0.6967904521817956
0,2.57933636951392e-4,2.06579955051704e-4,0.096419803288054
0,1.87004859141164e-4,2.06579955051704e-4,-0.043235287186246515
1,1.1374216147146,2.06579955051704e-4,3.7408332984107564
0,7.16250685647018e-5,2.06579955051704e-4,-0.4600231278794414
0,3.95787379563705e-4,2.06579955051704e-4,0.28237376318917495
0,4.05501334082366e-5,2.06579955051704e-4,-0.7070958912330721
0,0.0012576630375615,2.06579955051704e-4,0.7844761186922922
0,2.92686822557079e-4,2.06579955051704e-4,0.15131499133093568
0,2.73382379190227e-4,2.06579955051704e-4,0.12168234017162144
0,9.01092321992476e-4,2.06579955051704e-4,0.6396811105854574
0,2.06579955051704e-4,2.06579955051704e-4,0
0,1.33718226089719e-5,2.06579955051704e-4,-1.1888975719990074
0,4.05501334082366e-5,2.92686822557079e-4,-0.8584108825640078
0,2.06579955051704e-4,2.92686822557079e-4,-0.15131499133093565
0,2.73382379190227e-4,2.92686822557079e-4,-0.029632651159314197
0,3.95787379563705e-4,2.92686822557079e-4,0.13105877185823936
1,1.1374216147146,2.92686822557079e-4,3.5895183070798207
0,2.25284874722148e-4,2.92686822557079e-4,-0.11367113508098066
0,1.15894669694215e-4,2.92686822557079e-4,-0.4023397078658414
0,4.15238607922725e-5,2.92686822557079e-4,-0.8481054435127312
0,1.72391791691502e-4,2.92686822557079e-4,-0.22988658655583144
0,2.65382885957271e-4,2.92686822557079e-4,-0.04253025732628821
0,7.16250685647018e-5,2.92686822557079e-4,-0.6113381192103771
0,1.87004859141164e-4,2.92686822557079e-4,-0.19455027851718215
0,2.92686822557079e-4,2.92686822557079e-4,0
0,9.01092321992476e-4,2.92686822557079e-4,0.4883661192545218
0,2.17798879426398e-4,2.92686822557079e-4,-0.12834752894049622
0,0.0012576630375615,2.92686822557079e-4,0.6331611273613565
0,1.07192948107188e-4,2.92686822557079e-4,-0.43623695451956374
0,1.33718226089719e-5,2.92686822557079e-4,-1.3402125633299429
0,2.57933636951392e-4,2.92686822557079e-4,-0.05489518804288165
0,8.80953491546054e-5,2.92686822557079e-4,-0.5214501887516793
0,4.39933460359853e-4,2.92686822557079e-4,0.1769838247806322
0,2.65382885957271e-4,1.33718226089719e-5,1.2976823060036546
0,8.80953491546054e-5,1.33718226089719e-5,0.8187623745782636
0,2.25284874722148e-4,1.33718226089719e-5,1.2265414282489624
0,1.33718226089719e-5,1.33718226089719e-5,0
0,1.1374216147146,1.33718226089719e-5,4.929730870409764
0,7.16250685647018e-5,1.33718226089719e-5,0.7288744441195658
0,4.05501334082366e-5,1.33718226089719e-5,0.48180168076593516
0,0.0012576630375615,1.33718226089719e-5,1.9733736906912995
0,1.15894669694215e-4,1.33718226089719e-5,0.9378728554641016
0,2.92686822557079e-4,1.33718226089719e-5,1.3402125633299429
0,2.73382379190227e-4,1.33718226089719e-5,1.3105799121706287
0,4.15238607922725e-5,1.33718226089719e-5,0.4921071198172118
0,1.87004859141164e-4,1.33718226089719e-5,1.145662284812761
0,2.17798879426398e-4,1.33718226089719e-5,1.2118650343894468
0,2.06579955051704e-4,1.33718226089719e-5,1.1888975719990074
0,1.72391791691502e-4,1.33718226089719e-5,1.1103259767741114
0,2.57933636951392e-4,1.33718226089719e-5,1.2853173752870612
0,1.07192948107188e-4,1.33718226089719e-5,0.9039756088103792
0,4.39933460359853e-4,1.33718226089719e-5,1.5171963881105752
0,3.95787379563705e-4,1.33718226089719e-5,1.4712713351881823
0,9.01092321992476e-4,1.33718226089719e-5,1.8285786825844648
0,1.87004859141164e-4,7.16250685647018e-5,0.41678784069319497
0,4.15238607922725e-5,7.16250685647018e-5,-0.23676732430235412
0,1.72391791691502e-4,7.16250685647018e-5,0.3814515326545456
0,1.33718226089719e-5,7.16250685647018e-5,-0.7288744441195658
1,1.1374216147146,7.16250685647018e-5,4.200856426290198
0,8.80953491546054e-5,7.16250685647018e-5,0.08988793045869785
0,2.06579955051704e-4,7.16250685647018e-5,0.46002312787944144
0,0.0012576630375615,7.16250685647018e-5,1.2444992465717337
0,2.57933636951392e-4,7.16250685647018e-5,0.5564429311674954
0,2.73382379190227e-4,7.16250685647018e-5,0.5817054680510629
0,4.05501334082366e-5,7.16250685647018e-5,-0.24707276335363068
0,2.92686822557079e-4,7.16250685647018e-5,0.6113381192103772
0,1.07192948107188e-4,7.16250685647018e-5,0.17510116469081335
0,3.95787379563705e-4,7.16250685647018e-5,0.7423968910686164
0,2.17798879426398e-4,7.16250685647018e-5,0.48299059026988084
1,2.25284874722148e-4,7.16250685647018e-5,0.4976669841293964
0,2.65382885957271e-4,7.16250685647018e-5,0.5688078618840889
0,7.16250685647018e-5,7.16250685647018e-5,0
0,1.15894669694215e-4,7.16250685647018e-5,0.20899841134453573
0,9.01092321992476e-4,7.16250685647018e-5,1.099704238464899
0,4.39933460359853e-4,7.16250685647018e-5,0.7883219439910093
0,2.92686822557079e-4,1.1374216147146,-3.5895183070798207
0,2.06579955051704e-4,1.1374216147146,-3.7408332984107564
0,2.65382885957271e-4,1.1374216147146,-3.632048564406109
0,2.17798879426398e-4,1.1374216147146,-3.717865836020317
0,0.0012576630375615,1.1374216147146,-2.9563571797184642
0,4.15238607922725e-5,1.1374216147146,-4.437623750592552
0,8.80953491546054e-5,1.1374216147146,-4.1109684958315
0,3.95787379563705e-4,1.1374216147146,-3.4584595352215812
0,1.15894669694215e-4,1.1374216147146,-3.991858014945662
0,1.72391791691502e-4,1.1374216147146,-3.819404893635652
0,4.05501334082366e-5,1.1374216147146,-4.447929189643829
0,4.39933460359853e-4,1.1374216147146,-3.4125344822991885
0,9.01092321992476e-4,1.1374216147146,-3.1011521878252988
0,2.25284874722148e-4,1.1374216147146,-3.7031894421608014
0,1.07192948107188e-4,1.1374216147146,-4.025755261599384
0,2.73382379190227e-4,1.1374216147146,-3.619150958239135
0,1.1374216147146,1.1374216147146,0
0,1.33718226089719e-5,1.1374216147146,-4.929730870409764
0,1.87004859141164e-4,1.1374216147146,-3.784068585597003
0,2.57933636951392e-4,1.1374216147146,-3.6444134951227025
0,7.16250685647018e-5,1.1374216147146,-4.200856426290198
0,1.55883498493157e-4,2.45746739391917e-5,0.8023123798486144
0,1.1374216147146,2.45746739391917e-5,4.665433712752052
0,4.02451143475671e-5,2.45746739391917e-5,0.2142254014289129
0,0.0395351966437194,2.45746739391917e-5,3.2064961390199596
0,2.26049367905971e-4,2.45746739391917e-5,0.9637155327174568
0,2.11024926027138e-5,2.45746739391917e-5,-0.06615400754813622
0,2.19493553100008e-4,2.45746739391917e-5,0.950934004543948
0,4.00457656130506e-4,2.45746739391917e-5,1.2120688368647672
0,1.32432837491039e-4,2.45746739391917e-5,0.7315079200431951
0,3.52988235175561e-4,2.45746739391917e-5,1.1572724666784577
0,3.89348541634769e-5,2.45746739391917e-5,0.19985078806609038
0,2.55723263790949e-4,2.45746739391917e-5,1.0172824744371511
1,4.95959300516756e-4,2.45746739391917e-5,1.3049582745644583
0,1.44349168623868e-4,2.45746739391917e-5,0.7689265226616976
0,3.82919646677863e-4,2.45746739391917e-5,1.192619885263415
0,3.31090498333772e-4,2.45746739391917e-5,1.129458953255143
0,2.45746739391917e-5,2.45746739391917e-5,0
0,0.00107312094143095,2.45746739391917e-5,1.6401609057440711
0,0.00346337485490998,2.45746739391917e-5,2.149011735269966
0,3.86498832713114e-4,2.45746739391917e-5,1.1966604223671917
0,1.19498868059895e-4,2.45746739391917e-5,0.6868760272442098
0,4.73941047516392e-4,2.45746739391917e-5,1.2852365598470776
0,1.49946276740502e-4,2.45746739391917e-5,0.7854479221748745
0,3.89596393952789e-5,2.45746739391917e-5,0.2001271642070933
0,1.5773776554369e-4,2.45746739391917e-5,0.8074479202226306
0,3.82919646677863e-4,1.5773776554369e-4,0.3851719650407843
0,4.00457656130506e-4,1.5773776554369e-4,0.4046209166421366
0,4.95959300516756e-4,1.5773776554369e-4,0.4975103543418278
0,2.11024926027138e-5,1.5773776554369e-4,-0.8736019277707667
0,4.73941047516392e-4,1.5773776554369e-4,0.4777886396244471
1,1.1374216147146,1.5773776554369e-4,3.8579857925294214
0,1.32432837491039e-4,1.5773776554369e-4,-0.07594000017943546
0,3.89596393952789e-5,1.5773776554369e-4,-0.6073207560155373
0,3.31090498333772e-4,1.5773776554369e-4,0.3220110330325125
0,2.45746739391917e-5,1.5773776554369e-4,-0.8074479202226306
0,1.55883498493157e-4,1.5773776554369e-4,-0.005135540374016153
0,4.02451143475671e-5,1.5773776554369e-4,-0.5932225187937177
0,1.5773776554369e-4,1.5773776554369e-4,0
0,3.89348541634769e-5,1.5773776554369e-4,-0.6075971321565401
0,0.0395351966437194,1.5773776554369e-4,2.399048218797329
0,3.52988235175561e-4,1.5773776554369e-4,0.34982454645582717
0,0.00346337485490998,1.5773776554369e-4,1.3415638150473355
0,2.26049367905971e-4,1.5773776554369e-4,0.15626761249482632
0,2.55723263790949e-4,1.5773776554369e-4,0.20983455421452063
0,1.44349168623868e-4,1.5773776554369e-4,-0.03852139756093296
0,2.19493553100008e-4,1.5773776554369e-4,0.14348608432131746
0,0.00107312094143095,1.5773776554369e-4,0.8327129855214408
0,1.19498868059895e-4,1.5773776554369e-4,-0.12057189297842077
0,3.86498832713114e-4,1.5773776554369e-4,0.38921250214456116
0,1.49946276740502e-4,1.5773776554369e-4,-0.021999998047756073
0,0.0395351966437194,0.0395351966437194,0
0,4.95959300516756e-4,0.0395351966437194,-1.9015378644555012
0,4.00457656130506e-4,0.0395351966437194,-1.9944273021551924
0,2.45746739391917e-5,0.0395351966437194,-3.2064961390199596
0,3.89348541634769e-5,0.0395351966437194,-3.0066453509538693
0,3.82919646677863e-4,0.0395351966437194,-2.013876253756545
1,1.1374216147146,0.0395351966437194,1.4589375737320924
0,4.02451143475671e-5,0.0395351966437194,-2.9922707375910464
0,2.26049367905971e-4,0.0395351966437194,-2.2427806063025026
0,1.55883498493157e-4,0.0395351966437194,-2.404183759171345
0,2.19493553100008e-4,0.0395351966437194,-2.2555621344760115
0,3.31090498333772e-4,0.0395351966437194,-2.0770371857648167
0,1.44349168623868e-4,0.0395351966437194,-2.437569616358262
0,0.00107312094143095,0.0395351966437194,-1.5663352332758882
0,2.11024926027138e-5,0.0395351966437194,-3.272650146568096
0,1.32432837491039e-4,0.0395351966437194,-2.4749882189767645
0,4.73941047516392e-4,0.0395351966437194,-1.921259579172882
0,2.55723263790949e-4,0.0395351966437194,-2.1892136645828084
0,1.19498868059895e-4,0.0395351966437194,-2.5196201117757497
0,1.5773776554369e-4,0.0395351966437194,-2.3990482187973288
0,3.89596393952789e-5,0.0395351966437194,-3.006368974812866
0,3.86498832713114e-4,0.0395351966437194,-2.0098357166527676
0,0.00346337485490998,0.0395351966437194,-1.0574844037499935
0,3.52988235175561e-4,0.0395351966437194,-2.0492236723415016
0,1.49946276740502e-4,0.0395351966437194,-2.421048216845085
0,3.82919646677863e-4,0.00346337485490998,-0.9563918500065512
0,1.5773776554369e-4,0.00346337485490998,-1.3415638150473355
0,2.55723263790949e-4,0.00346337485490998,-1.1317292608328149
0,1.1374216147146,0.00346337485490998,2.5164219774820857
0,2.45746739391917e-5,0.00346337485490998,-2.149011735269966
0,4.95959300516756e-4,0.00346337485490998,-0.8440534607055078
0,2.11024926027138e-5,0.00346337485490998,-2.2151657428181024
0,4.00457656130506e-4,0.00346337485490998,-0.936942898405199
0,3.86498832713114e-4,0.00346337485490998,-0.9523513129027744
0,1.55883498493157e-4,0.00346337485490998,-1.3466993554213518
0,0.0395351966437194,0.00346337485490998,1.0574844037499933
0,1.32432837491039e-4,0.00346337485490998,-1.417503815226771
0,2.26049367905971e-4,0.00346337485490998,-1.1852962025525091
0,3.52988235175561e-4,0.00346337485490998,-0.9917392685915084
0,3.89596393952789e-5,0.00346337485490998,-1.9488845710628726
0,1.49946276740502e-4,0.00346337485490998,-1.3635638130950916
0,4.02451143475671e-5,0.00346337485490998,-1.9347863338410531
0,4.73941047516392e-4,0.00346337485490998,-0.8637751754228884
0,2.19493553100008e-4,0.00346337485490998,-1.198077730726018
0,1.44349168623868e-4,0.00346337485490998,-1.3800852126082686
0,3.31090498333772e-4,0.00346337485490998,-1.0195527820148231
0,3.89348541634769e-5,0.00346337485490998,-1.9491609472038756
0,0.00346337485490998,0.00346337485490998,0
0,0.00107312094143095,0.00346337485490998,-0.5088508295258949
0,1.19498868059895e-4,0.00346337485490998,-1.4621357080257562
0,3.52988235175561e-4,1.19498868059895e-4,0.4703964394342479
0,2.55723263790949e-4,1.19498868059895e-4,0.3304064471929414
0,0.0395351966437194,1.19498868059895e-4,2.5196201117757497
0,2.11024926027138e-5,1.19498868059895e-4,-0.753030034792346
0,4.95959300516756e-4,1.19498868059895e-4,0.6180822473202485
1,4.00457656130506e-4,1.19498868059895e-4,0.5251928096205574
0,0.00107312094143095,1.19498868059895e-4,0.9532848784998614
1,3.82919646677863e-4,1.19498868059895e-4,0.5057438580192051
0,2.45746739391917e-5,1.19498868059895e-4,-0.6868760272442097
0,3.89596393952789e-5,1.19498868059895e-4,-0.48674886303711645
0,0.00346337485490998,1.19498868059895e-4,1.4621357080257562
0,3.31090498333772e-4,1.19498868059895e-4,0.44258292601093324
0,1.5773776554369e-4,1.19498868059895e-4,0.12057189297842075
0,1.49946276740502e-4,1.19498868059895e-4,0.09857189493066468
0,4.02451143475671e-5,1.19498868059895e-4,-0.47265062581529693
0,1.19498868059895e-4,1.19498868059895e-4,0
0,1.32432837491039e-4,1.19498868059895e-4,0.044631892798985266
1,1.1374216147146,1.19498868059895e-4,3.978557685507842
0,2.26049367905971e-4,1.19498868059895e-4,0.27683950547324704
0,1.55883498493157e-4,1.19498868059895e-4,0.11543635260440459
0,2.19493553100008e-4,1.19498868059895e-4,0.26405797729973823
0,3.89348541634769e-5,1.19498868059895e-4,-0.4870252391781194
0,1.44349168623868e-4,1.19498868059895e-4,0.08205049541748781
0,4.73941047516392e-4,1.19498868059895e-4,0.5983605326028679
0,3.86498832713114e-4,1.19498868059895e-4,0.5097843951229819
0,1.32432837491039e-4,3.52988235175561e-4,-0.42576454663526264
0,0.00107312094143095,3.52988235175561e-4,0.4828884390656135
0,3.86498832713114e-4,3.52988235175561e-4,0.039387955688733954
0,2.45746739391917e-5,3.52988235175561e-4,-1.1572724666784577
0,4.73941047516392e-4,3.52988235175561e-4,0.12796409316861998
0,1.49946276740502e-4,3.52988235175561e-4,-0.37182454450358327
0,2.26049367905971e-4,3.52988235175561e-4,-0.19355693396100085
0,3.31090498333772e-4,3.52988235175561e-4,-0.02781351342331474
0,1.5773776554369e-4,3.52988235175561e-4,-0.34982454645582717
0,1.19498868059895e-4,3.52988235175561e-4,-0.47039643943424797
0,3.52988235175561e-4,3.52988235175561e-4,0
0,0.00346337485490998,3.52988235175561e-4,0.9917392685915083
0,3.89348541634769e-5,3.52988235175561e-4,-0.9574216786123673
0,4.00457656130506e-4,3.52988235175561e-4,0.054796370186309465
0,1.55883498493157e-4,3.52988235175561e-4,-0.3549600868298433
0,2.55723263790949e-4,3.52988235175561e-4,-0.13998999224130654
0,3.89596393952789e-5,3.52988235175561e-4,-0.9571453024713644
0,0.0395351966437194,3.52988235175561e-4,2.0492236723415016
0,2.19493553100008e-4,3.52988235175561e-4,-0.2063384621345097
0,4.02451143475671e-5,3.52988235175561e-4,-0.9430470652495448
0,4.95959300516756e-4,3.52988235175561e-4,0.14768580788600055
0,3.82919646677863e-4,3.52988235175561e-4,0.03534741858495717
1,1.1374216147146,3.52988235175561e-4,3.5081612460735943
0,1.44349168623868e-4,3.52988235175561e-4,-0.38834594401676015
0,2.11024926027138e-5,3.52988235175561e-4,-1.223426474226594
0,3.82919646677863e-4,0.00107312094143095,-0.44754102048065647
0,1.49946276740502e-4,0.00107312094143095,-0.8547129835691968
0,2.55723263790949e-4,0.00107312094143095,-0.6228784313069201
0,3.52988235175561e-4,0.00107312094143095,-0.4828884390656136
0,4.02451143475671e-5,0.00107312094143095,-1.4259355043151585
0,3.31090498333772e-4,0.00107312094143095,-0.5107019524889282
0,2.26049367905971e-4,0.00107312094143095,-0.6764453730266144
0,4.00457656130506e-4,0.00107312094143095,-0.4280920688793041
0,2.11024926027138e-5,0.00107312094143095,-1.7063149132922075
0,3.86498832713114e-4,0.00107312094143095,-0.4435004833768796
0,0.0395351966437194,0.00107312094143095,1.5663352332758882
0,3.89596393952789e-5,0.00107312094143095,-1.440033741536978
0,1.55883498493157e-4,0.00107312094143095,-0.8378485258954569
0,1.19498868059895e-4,0.00107312094143095,-0.9532848784998614
0,1.1374216147146,0.00107312094143095,3.0252728070079806
0,1.44349168623868e-4,0.00107312094143095,-0.8712343830823737
0,3.89348541634769e-5,0.00107312094143095,-1.440310117677981
0,1.5773776554369e-4,0.00107312094143095,-0.8327129855214407
0,0.00107312094143095,0.00107312094143095,0
0,2.45746739391917e-5,0.00107312094143095,-1.6401609057440714
0,0.00346337485490998,0.00107312094143095,0.5088508295258948
0,1.32432837491039e-4,0.00107312094143095,-0.9086529857008762
0,4.73941047516392e-4,0.00107312094143095,-0.3549243458969936
0,4.95959300516756e-4,0.00107312094143095,-0.33520263117961296
0,2.19493553100008e-4,0.00107312094143095,-0.6892269012001233
0,1.5773776554369e-4,4.00457656130506e-4,-0.4046209166421366
0,3.82919646677863e-4,4.00457656130506e-4,-0.0194489516013523
0,4.02451143475671e-5,4.00457656130506e-4,-0.9978434354358543
0,4.95959300516756e-4,4.00457656130506e-4,0.09288943769969116
0,1.55883498493157e-4,4.00457656130506e-4,-0.4097564570161528
1,1.1374216147146,4.00457656130506e-4,3.4533648758872846
0,1.49946276740502e-4,4.00457656130506e-4,-0.4266209146898927
0,1.44349168623868e-4,4.00457656130506e-4,-0.4431423142030696
0,3.89596393952789e-5,4.00457656130506e-4,-1.0119416726576738
0,2.26049367905971e-4,4.00457656130506e-4,-0.24835330414731036
0,3.86498832713114e-4,4.00457656130506e-4,-0.015408414497575474
0,2.45746739391917e-5,4.00457656130506e-4,-1.2120688368647672
0,3.31090498333772e-4,4.00457656130506e-4,-0.08260988360962418
0,3.52988235175561e-4,4.00457656130506e-4,-0.05479637018630944
0,2.55723263790949e-4,4.00457656130506e-4,-0.19478636242761596
0,3.89348541634769e-5,4.00457656130506e-4,-1.0122180487986767
0,2.19493553100008e-4,4.00457656130506e-4,-0.2611348323208192
0,2.11024926027138e-5,4.00457656130506e-4,-1.2782228444129033
0,4.73941047516392e-4,4.00457656130506e-4,0.07316772298231047
0,4.00457656130506e-4,4.00457656130506e-4,0
0,0.00107312094143095,4.00457656130506e-4,0.4280920688793041
0,1.19498868059895e-4,4.00457656130506e-4,-0.5251928096205574
0,1.32432837491039e-4,4.00457656130506e-4,-0.48056091682157204
0,0.00346337485490998,4.00457656130506e-4,0.936942898405199
0,0.0395351966437194,4.00457656130506e-4,1.9944273021551924
0,1.49946276740502e-4,3.86498832713114e-4,-0.41121250019231725
1,0.0395351966437194,3.86498832713114e-4,2.0098357166527676
0,3.89596393952789e-5,3.86498832713114e-4,-0.9965332581600984
0,3.89348541634769e-5,3.86498832713114e-4,-0.9968096343011014
0,2.45746739391917e-5,3.86498832713114e-4,-1.1966604223671917
0,1.19498868059895e-4,3.86498832713114e-4,-0.5097843951229819
0,1.32432837491039e-4,3.86498832713114e-4,-0.46515250232399663
0,3.52988235175561e-4,3.86498832713114e-4,-0.03938795568873396
0,3.82919646677863e-4,3.86498832713114e-4,-0.004040537103776827
1,1.1374216147146,3.86498832713114e-4,3.4687732903848603
0,2.26049367905971e-4,3.86498832713114e-4,-0.23294488964973487
0,3.31090498333772e-4,3.86498832713114e-4,-0.0672014691120487
1,4.95959300516756e-4,3.86498832713114e-4,0.10829785219726656
0,0.00107312094143095,3.86498832713114e-4,0.4435004833768796
0,1.5773776554369e-4,3.86498832713114e-4,-0.38921250214456116
0,1.44349168623868e-4,3.86498832713114e-4,-0.42773389970549414
0,2.55723263790949e-4,3.86498832713114e-4,-0.17937794793004047
1,4.00457656130506e-4,3.86498832713114e-4,0.015408414497575473
0,4.02451143475671e-5,3.86498832713114e-4,-0.9824350209382788
0,4.73941047516392e-4,3.86498832713114e-4,0.08857613747988594
0,2.11024926027138e-5,3.86498832713114e-4,-1.2628144299153279
0,3.86498832713114e-4,3.86498832713114e-4,0
0,1.55883498493157e-4,3.86498832713114e-4,-0.3943480425185773
0,0.00346337485490998,3.86498832713114e-4,0.9523513129027744
0,2.19493553100008e-4,3.86498832713114e-4,-0.24572641782324367
0,2.19493553100008e-4,1.49946276740502e-4,0.16548608236907353
0,0.0395351966437194,1.49946276740502e-4,2.4210482168450853
0,0.00346337485490998,1.49946276740502e-4,1.3635638130950916
0,3.31090498333772e-4,1.49946276740502e-4,0.3440110310802685
0,3.82919646677863e-4,1.49946276740502e-4,0.4071719630885404
0,1.5773776554369e-4,1.49946276740502e-4,0.021999998047756052
0,1.19498868059895e-4,1.49946276740502e-4,-0.09857189493066466
0,3.89596393952789e-5,1.49946276740502e-4,-0.5853207579677812
0,2.55723263790949e-4,1.49946276740502e-4,0.2318345522622767
0,2.11024926027138e-5,1.49946276740502e-4,-0.8516019297230107
0,3.86498832713114e-4,1.49946276740502e-4,0.41121250019231725
0,4.95959300516756e-4,1.49946276740502e-4,0.5195103523895838
0,0.00107312094143095,1.49946276740502e-4,0.8547129835691968
0,1.32432837491039e-4,1.49946276740502e-4,-0.053940002131679377
0,1.44349168623868e-4,1.49946276740502e-4,-0.016521399513176896
0,3.89348541634769e-5,1.49946276740502e-4,-0.585597134108784
0,4.02451143475671e-5,1.49946276740502e-4,-0.5712225207459616
0,2.26049367905971e-4,1.49946276740502e-4,0.17826761054258236
0,1.55883498493157e-4,1.49946276740502e-4,0.016864457673739924
0,2.45746739391917e-5,1.49946276740502e-4,-0.7854479221748745
0,4.73941047516392e-4,1.49946276740502e-4,0.4997886376722032
0,3.52988235175561e-4,1.49946276740502e-4,0.37182454450358327
1,4.00457656130506e-4,1.49946276740502e-4,0.42662091468989266
0,1.49946276740502e-4,1.49946276740502e-4,0
0,1.1374216147146,1.49946276740502e-4,3.8799857905771775
0,3.89348541634769e-5,2.26049367905971e-4,-0.7638647446513664
0,0.0395351966437194,2.26049367905971e-4,2.2427806063025026
0,2.19493553100008e-4,2.26049367905971e-4,-0.012781528173508833
0,2.55723263790949e-4,2.26049367905971e-4,0.053566941719694394
0,0.00346337485490998,2.26049367905971e-4,1.1852962025525091
0,1.19498868059895e-4,2.26049367905971e-4,-0.2768395054732471
0,2.26049367905971e-4,2.26049367905971e-4,0
0,1.44349168623868e-4,2.26049367905971e-4,-0.19478901005575924
0,3.82919646677863e-4,2.26049367905971e-4,0.22890435254595803
0,2.11024926027138e-5,2.26049367905971e-4,-1.029869540265593
0,2.45746739391917e-5,2.26049367905971e-4,-0.9637155327174568
1,1.1374216147146,2.26049367905971e-4,3.701718180034595
0,1.32432837491039e-4,2.26049367905971e-4,-0.23220761267426177
0,3.89596393952789e-5,2.26049367905971e-4,-0.7635883685103635
0,1.55883498493157e-4,2.26049367905971e-4,-0.16140315286884246
0,4.00457656130506e-4,2.26049367905971e-4,0.24835330414731036
0,4.02451143475671e-5,2.26049367905971e-4,-0.7494901312885439
0,4.95959300516756e-4,2.26049367905971e-4,0.3412427418470015
0,3.52988235175561e-4,2.26049367905971e-4,0.19355693396100088
0,0.00107312094143095,2.26049367905971e-4,0.6764453730266144
0,3.86498832713114e-4,2.26049367905971e-4,0.23294488964973484
0,1.5773776554369e-4,2.26049367905971e-4,-0.15626761249482632
0,3.31090498333772e-4,2.26049367905971e-4,0.16574342053768618
0,4.73941047516392e-4,2.26049367905971e-4,0.3215210271296209
0,1.49946276740502e-4,2.26049367905971e-4,-0.17826761054258233
0,4.02451143475671e-5,2.19493553100008e-4,-0.7367086031150352
1,1.1374216147146,2.19493553100008e-4,3.7144997082081037
0,1.19498868059895e-4,2.19493553100008e-4,-0.2640579772997382
0,3.52988235175561e-4,2.19493553100008e-4,0.20633846213450974
0,2.11024926027138e-5,2.19493553100008e-4,-1.0170880120920842
0,4.73941047516392e-4,2.19493553100008e-4,0.33430255530312963
0,2.26049367905971e-4,2.19493553100008e-4,0.01278152817350883
0,2.55723263790949e-4,2.19493553100008e-4,0.06634846989320317
0,1.5773776554369e-4,2.19493553100008e-4,-0.14348608432131746
0,4.95959300516756e-4,2.19493553100008e-4,0.3540242700205103
0,0.00107312094143095,2.19493553100008e-4,0.6892269012001233
0,1.44349168623868e-4,2.19493553100008e-4,-0.18200748188225044
0,2.45746739391917e-5,2.19493553100008e-4,-0.950934004543948
0,4.00457656130506e-4,2.19493553100008e-4,0.26113483232081913
0,1.55883498493157e-4,2.19493553100008e-4,-0.14862162469533363
0,3.86498832713114e-4,2.19493553100008e-4,0.24572641782324367
0,3.89596393952789e-5,2.19493553100008e-4,-0.7508068403368547
0,3.31090498333772e-4,2.19493553100008e-4,0.17852494871119498
0,1.49946276740502e-4,2.19493553100008e-4,-0.16548608236907353
0,1.32432837491039e-4,2.19493553100008e-4,-0.2194260845007529
0,0.0395351966437194,2.19493553100008e-4,2.2555621344760115
0,0.00346337485490998,2.19493553100008e-4,1.198077730726018
0,3.82919646677863e-4,2.19493553100008e-4,0.24168588071946684
0,2.19493553100008e-4,2.19493553100008e-4,0
0,3.89348541634769e-5,2.19493553100008e-4,-0.7510832164778576
0,1.44349168623868e-4,4.02451143475671e-5,0.5547011212327847
0,0.00346337485490998,4.02451143475671e-5,1.9347863338410531
0,1.49946276740502e-4,4.02451143475671e-5,0.5712225207459616
0,4.95959300516756e-4,4.02451143475671e-5,1.0907328731355455
0,4.73941047516392e-4,4.02451143475671e-5,1.0710111584181647
0,3.89348541634769e-5,4.02451143475671e-5,-0.014374613362822437
0,3.89596393952789e-5,4.02451143475671e-5,-0.014098237221819548
0,2.45746739391917e-5,4.02451143475671e-5,-0.21422540142891286
1,1.1374216147146,4.02451143475671e-5,4.451208311323139
0,3.86498832713114e-4,4.02451143475671e-5,0.9824350209382788
0,3.82919646677863e-4,4.02451143475671e-5,0.9783944838345019
0,3.31090498333772e-4,4.02451143475671e-5,0.9152335518262301
0,2.19493553100008e-4,4.02451143475671e-5,0.736708603115035
0,1.5773776554369e-4,4.02451143475671e-5,0.5932225187937177
0,2.55723263790949e-4,4.02451143475671e-5,0.8030570730082384
0,2.11024926027138e-5,4.02451143475671e-5,-0.2803794089770491
0,2.26049367905971e-4,4.02451143475671e-5,0.7494901312885439
0,1.32432837491039e-4,4.02451143475671e-5,0.5172825186142822
1,4.02451143475671e-5,4.02451143475671e-5,0
1,4.00457656130506e-4,4.02451143475671e-5,0.9978434354358543
0,0.0395351966437194,4.02451143475671e-5,2.9922707375910464
0,1.55883498493157e-4,4.02451143475671e-5,0.5880869784197015
0,3.52988235175561e-4,4.02451143475671e-5,0.9430470652495448
0,0.00107312094143095,4.02451143475671e-5,1.4259355043151585
0,1.19498868059895e-4,4.02451143475671e-5,0.47265062581529693
0,1.32432837491039e-4,4.73941047516392e-4,-0.5537286398038826
0,1.19498868059895e-4,4.73941047516392e-4,-0.5983605326028679
0,2.19493553100008e-4,4.73941047516392e-4,-0.3343025553031297
0,3.82919646677863e-4,4.73941047516392e-4,-0.09261667458366282
0,3.86498832713114e-4,4.73941047516392e-4,-0.08857613747988596
0,2.55723263790949e-4,4.73941047516392e-4,-0.2679540854099265
0,1.44349168623868e-4,4.73941047516392e-4,-0.51631003718538
0,0.00346337485490998,4.73941047516392e-4,0.8637751754228884
0,3.31090498333772e-4,4.73941047516392e-4,-0.15577760659193468
0,4.73941047516392e-4,4.73941047516392e-4,0
0,3.52988235175561e-4,4.73941047516392e-4,-0.12796409316861995
0,0.00107312094143095,4.73941047516392e-4,0.3549243458969936
0,3.89596393952789e-5,4.73941047516392e-4,-1.0851093956399844
0,1.55883498493157e-4,4.73941047516392e-4,-0.4829241799984633
0,2.45746739391917e-5,4.73941047516392e-4,-1.2852365598470776
0,4.00457656130506e-4,4.73941047516392e-4,-0.07316772298231049
0,2.26049367905971e-4,4.73941047516392e-4,-0.32152102712962083
0,4.95959300516756e-4,4.73941047516392e-4,0.01972171471738064
0,1.5773776554369e-4,4.73941047516392e-4,-0.4777886396244471
0,1.1374216147146,4.73941047516392e-4,3.3801971529049744
0,0.0395351966437194,4.73941047516392e-4,1.921259579172882
0,2.11024926027138e-5,4.73941047516392e-4,-1.351390567395214
0,1.49946276740502e-4,4.73941047516392e-4,-0.49978863767220316
0,4.02451143475671e-5,4.73941047516392e-4,-1.0710111584181647
0,3.89348541634769e-5,4.73941047516392e-4,-1.0853857717809872
0,3.31090498333772e-4,3.89348541634769e-5,0.9296081651890525
0,1.19498868059895e-4,3.89348541634769e-5,0.48702523917811935
0,4.00457656130506e-4,3.89348541634769e-5,1.0122180487986767
0,1.5773776554369e-4,3.89348541634769e-5,0.6075971321565401
0,1.55883498493157e-4,3.89348541634769e-5,0.602461591782524
0,1.1374216147146,3.89348541634769e-5,4.465582924685961
0,0.00346337485490998,3.89348541634769e-5,1.9491609472038756
0,2.26049367905971e-4,3.89348541634769e-5,0.7638647446513664
0,1.49946276740502e-4,3.89348541634769e-5,0.585597134108784
0,2.19493553100008e-4,3.89348541634769e-5,0.7510832164778576
0,3.86498832713114e-4,3.89348541634769e-5,0.9968096343011013
0,2.11024926027138e-5,3.89348541634769e-5,-0.2660047956142267
0,0.0395351966437194,3.89348541634769e-5,3.006645350953869
0,3.89596393952789e-5,3.89348541634769e-5,2.763761410028993e-4
0,0.00107312094143095,3.89348541634769e-5,1.440310117677981
0,3.82919646677863e-4,3.89348541634769e-5,0.9927690971973244
0,3.52988235175561e-4,3.89348541634769e-5,0.9574216786123673
0,1.32432837491039e-4,3.89348541634769e-5,0.5316571319771046
0,3.89348541634769e-5,3.89348541634769e-5,0
0,1.44349168623868e-4,3.89348541634769e-5,0.5690757345956072
0,4.73941047516392e-4,3.89348541634769e-5,1.0853857717809874
0,2.55723263790949e-4,3.89348541634769e-5,0.8174316863710608
0,2.45746739391917e-5,3.89348541634769e-5,-0.19985078806609038
1,4.02451143475671e-5,3.89348541634769e-5,0.014374613362822483
1,4.95959300516756e-4,3.89348541634769e-5,1.1051074864983679
0,1.44349168623868e-4,1.44349168623868e-4,0
0,2.11024926027138e-5,1.44349168623868e-4,-0.8350805302098337
0,0.0395351966437194,1.44349168623868e-4,2.437569616358262
0,0.00346337485490998,1.44349168623868e-4,1.3800852126082686
0,4.00457656130506e-4,1.44349168623868e-4,0.44314231420306954
0,3.31090498333772e-4,1.44349168623868e-4,0.3605324305934454
0,3.52988235175561e-4,1.44349168623868e-4,0.38834594401676015
0,3.82919646677863e-4,1.44349168623868e-4,0.4236933626017173
0,2.26049367905971e-4,1.44349168623868e-4,0.19478901005575924
0,2.19493553100008e-4,1.44349168623868e-4,0.1820074818822504
0,1.1374216147146,1.44349168623868e-4,3.8965071900903543
0,3.89348541634769e-5,1.44349168623868e-4,-0.5690757345956071
0,0.00107312094143095,1.44349168623868e-4,0.8712343830823737
0,2.45746739391917e-5,1.44349168623868e-4,-0.7689265226616976
0,1.55883498493157e-4,1.44349168623868e-4,0.03338585718691679
0,4.02451143475671e-5,1.44349168623868e-4,-0.5547011212327847
0,4.95959300516756e-4,1.44349168623868e-4,0.5360317519027608
0,1.19498868059895e-4,1.44349168623868e-4,-0.0820504954174878
0,1.32432837491039e-4,1.44349168623868e-4,-0.0374186026185025
0,3.89596393952789e-5,1.44349168623868e-4,-0.5687993584546043
0,4.73941047516392e-4,1.44349168623868e-4,0.5163100371853802
0,1.5773776554369e-4,1.44349168623868e-4,0.03852139756093293
0,3.86498832713114e-4,1.44349168623868e-4,0.42773389970549414
0,2.55723263790949e-4,1.44349168623868e-4,0.24835595177545364
0,1.49946276740502e-4,1.44349168623868e-4,0.0165213995131769
0,0.00346337485490998,2.55723263790949e-4,1.1317292608328149
0,2.11024926027138e-5,2.55723263790949e-4,-1.0834364819852873
0,1.19498868059895e-4,2.55723263790949e-4,-0.3304064471929414
0,1.44349168623868e-4,2.55723263790949e-4,-0.2483559517754536
0,0.0395351966437194,2.55723263790949e-4,2.1892136645828084
0,1.5773776554369e-4,2.55723263790949e-4,-0.20983455421452066
0,3.89348541634769e-5,2.55723263790949e-4,-0.8174316863710608
0,2.19493553100008e-4,2.55723263790949e-4,-0.06634846989320321
0,3.82919646677863e-4,2.55723263790949e-4,0.17533741082626367
0,3.86498832713114e-4,2.55723263790949e-4,0.17937794793004047
0,2.26049367905971e-4,2.55723263790949e-4,-0.05356694171969437
0,1.1374216147146,2.55723263790949e-4,3.6481512383149006
0,2.55723263790949e-4,2.55723263790949e-4,0
0,0.00107312094143095,2.55723263790949e-4,0.6228784313069201
0,2.45746739391917e-5,2.55723263790949e-4,-1.0172824744371511
0,3.52988235175561e-4,2.55723263790949e-4,0.1399899922413065
1,4.02451143475671e-5,2.55723263790949e-4,-0.8030570730082384
1,4.00457656130506e-4,2.55723263790949e-4,0.19478636242761602
0,1.55883498493157e-4,2.55723263790949e-4,-0.21497009458853686
0,3.31090498333772e-4,2.55723263790949e-4,0.11217647881799177
1,4.95959300516756e-4,2.55723263790949e-4,0.2876758001273071
0,4.73941047516392e-4,2.55723263790949e-4,0.2679540854099265
0,3.89596393952789e-5,2.55723263790949e-4,-0.8171553102300578
0,1.49946276740502e-4,2.55723263790949e-4,-0.23183455226227676
0,1.32432837491039e-4,2.55723263790949e-4,-0.28577455439395616
0,3.89596393952789e-5,1.55883498493157e-4,-0.602185215641521
0,3.52988235175561e-4,1.55883498493157e-4,0.35496008682984337
0,0.0395351966437194,1.55883498493157e-4,2.404183759171345
0,0.00107312094143095,1.55883498493157e-4,0.8378485258954569
0,3.89348541634769e-5,1.55883498493157e-4,-0.602461591782524
0,4.02451143475671e-5,1.55883498493157e-4,-0.5880869784197015
0,1.49946276740502e-4,1.55883498493157e-4,-0.016864457673739883
0,1.44349168623868e-4,1.55883498493157e-4,-0.03338585718691677
0,1.32432837491039e-4,1.55883498493157e-4,-0.07080445980541926
0,2.11024926027138e-5,1.55883498493157e-4,-0.8684663873967505
0,4.00457656130506e-4,1.55883498493157e-4,0.4097564570161528
0,2.19493553100008e-4,1.55883498493157e-4,0.14862162469533366
0,2.55723263790949e-4,1.55883498493157e-4,0.2149700945885368
0,3.82919646677863e-4,1.55883498493157e-4,0.39030750541480047
0,4.73941047516392e-4,1.55883498493157e-4,0.48292417999846327
0,1.55883498493157e-4,1.55883498493157e-4,0
0,4.95959300516756e-4,1.55883498493157e-4,0.502645894715844
0,1.1374216147146,1.55883498493157e-4,3.8631213329034373
0,1.19498868059895e-4,1.55883498493157e-4,-0.11543635260440455
0,2.26049367905971e-4,1.55883498493157e-4,0.16140315286884244
0,1.5773776554369e-4,1.55883498493157e-4,0.0051355403740161445
0,3.31090498333772e-4,1.55883498493157e-4,0.3271465734065286
0,2.45746739391917e-5,1.55883498493157e-4,-0.8023123798486144
0,0.00346337485490998,1.55883498493157e-4,1.3466993554213518
0,3.86498832713114e-4,1.55883498493157e-4,0.3943480425185773
0,1.5773776554369e-4,3.31090498333772e-4,-0.32201103303251244
0,1.1374216147146,3.31090498333772e-4,3.535974759496909
0,4.02451143475671e-5,3.31090498333772e-4,-0.9152335518262301
0,3.89596393952789e-5,3.31090498333772e-4,-0.9293317890480497
0,1.49946276740502e-4,3.31090498333772e-4,-0.34401103108026854
0,0.00107312094143095,3.31090498333772e-4,0.5107019524889282
0,0.0395351966437194,3.31090498333772e-4,2.0770371857648167
0,2.55723263790949e-4,3.31090498333772e-4,-0.1121764788179918
0,1.19498868059895e-4,3.31090498333772e-4,-0.4425829260109332
0,4.73941047516392e-4,3.31090498333772e-4,0.15577760659193468
0,2.11024926027138e-5,3.31090498333772e-4,-1.1956129608032793
0,2.26049367905971e-4,3.31090498333772e-4,-0.16574342053768618
0,0.00346337485490998,3.31090498333772e-4,1.0195527820148231
0,3.31090498333772e-4,3.31090498333772e-4,0
0,3.82919646677863e-4,3.31090498333772e-4,0.06316093200827186
0,1.55883498493157e-4,3.31090498333772e-4,-0.32714657340652864
0,2.45746739391917e-5,3.31090498333772e-4,-1.129458953255143
0,4.00457656130506e-4,3.31090498333772e-4,0.08260988360962421
0,1.44349168623868e-4,3.31090498333772e-4,-0.3605324305934454
0,3.86498832713114e-4,3.31090498333772e-4,0.0672014691120487
0,2.19493553100008e-4,3.31090498333772e-4,-0.178524948711195
0,1.32432837491039e-4,3.31090498333772e-4,-0.3979510332119479
0,3.52988235175561e-4,3.31090498333772e-4,0.027813513423314704
0,3.89348541634769e-5,3.31090498333772e-4,-0.9296081651890525
0,4.95959300516756e-4,3.31090498333772e-4,0.1754993213093153
0,2.11024926027138e-5,4.95959300516756e-4,-1.3711122821125945
0,0.00107312094143095,4.95959300516756e-4,0.33520263117961296
0,4.73941047516392e-4,4.95959300516756e-4,-0.01972171471738064
0,2.19493553100008e-4,4.95959300516756e-4,-0.3540242700205103
0,2.55723263790949e-4,4.95959300516756e-4,-0.28767580012730715
0,3.31090498333772e-4,4.95959300516756e-4,-0.1754993213093153
0,1.32432837491039e-4,4.95959300516756e-4,-0.5734503545212633
0,3.52988235175561e-4,4.95959300516756e-4,-0.1476858078860006
0,1.55883498493157e-4,4.95959300516756e-4,-0.502645894715844
0,3.82919646677863e-4,4.95959300516756e-4,-0.11233838930104342
0,1.49946276740502e-4,4.95959300516756e-4,-0.5195103523895838
0,1.44349168623868e-4,4.95959300516756e-4,-0.5360317519027608
0,4.00457656130506e-4,4.95959300516756e-4,-0.09288943769969113
0,4.95959300516756e-4,4.95959300516756e-4,0
0,0.0395351966437194,4.95959300516756e-4,1.9015378644555012
0,1.19498868059895e-4,4.95959300516756e-4,-0.6180822473202485
0,2.45746739391917e-5,4.95959300516756e-4,-1.3049582745644583
0,3.89348541634769e-5,4.95959300516756e-4,-1.1051074864983679
0,3.86498832713114e-4,4.95959300516756e-4,-0.10829785219726659
0,1.5773776554369e-4,4.95959300516756e-4,-0.4975103543418278
1,1.1374216147146,4.95959300516756e-4,3.3604754381875934
0,0.00346337485490998,4.95959300516756e-4,0.8440534607055078
0,3.89596393952789e-5,4.95959300516756e-4,-1.104831110357365
0,4.02451143475671e-5,4.95959300516756e-4,-1.0907328731355455
0,2.26049367905971e-4,4.95959300516756e-4,-0.3412427418470015
0,1.5773776554369e-4,2.11024926027138e-5,0.8736019277707668
0,1.49946276740502e-4,2.11024926027138e-5,0.8516019297230107
0,1.1374216147146,2.11024926027138e-5,4.731587720300188
0,0.0395351966437194,2.11024926027138e-5,3.272650146568096
0,2.11024926027138e-5,2.11024926027138e-5,0
0,3.52988235175561e-4,2.11024926027138e-5,1.223426474226594
0,1.44349168623868e-4,2.11024926027138e-5,0.8350805302098339
0,4.95959300516756e-4,2.11024926027138e-5,1.3711122821125945
0,0.00346337485490998,2.11024926027138e-5,2.2151657428181024
0,3.86498832713114e-4,2.11024926027138e-5,1.2628144299153279
0,3.82919646677863e-4,2.11024926027138e-5,1.258773892811551
0,1.32432837491039e-4,2.11024926027138e-5,0.7976619275913314
0,1.19498868059895e-4,2.11024926027138e-5,0.753030034792346
0,1.55883498493157e-4,2.11024926027138e-5,0.8684663873967506
0,4.02451143475671e-5,2.11024926027138e-5,0.2803794089770491
0,2.45746739391917e-5,2.11024926027138e-5,0.06615400754813625
0,3.31090498333772e-4,2.11024926027138e-5,1.1956129608032793
0,4.73941047516392e-4,2.11024926027138e-5,1.3513905673952138
0,4.00457656130506e-4,2.11024926027138e-5,1.2782228444129033
0,0.00107312094143095,2.11024926027138e-5,1.7063149132922075
0,2.26049367905971e-4,2.11024926027138e-5,1.029869540265593
0,3.89348541634769e-5,2.11024926027138e-5,0.2660047956142267
0,3.89596393952789e-5,2.11024926027138e-5,0.26628117175522953
0,2.55723263790949e-4,2.11024926027138e-5,1.0834364819852875
0,2.19493553100008e-4,2.11024926027138e-5,1.0170880120920842
0,2.55723263790949e-4,1.32432837491039e-4,0.2857745543939561
0,1.32432837491039e-4,1.32432837491039e-4,0
0,2.45746739391917e-5,1.32432837491039e-4,-0.7315079200431951
0,1.55883498493157e-4,1.32432837491039e-4,0.07080445980541925
0,3.86498832713114e-4,1.32432837491039e-4,0.46515250232399663
0,4.00457656130506e-4,1.32432837491039e-4,0.4805609168215721
0,2.26049367905971e-4,1.32432837491039e-4,0.23220761267426177
0,0.00107312094143095,1.32432837491039e-4,0.9086529857008762
0,4.95959300516756e-4,1.32432837491039e-4,0.5734503545212633
0,1.44349168623868e-4,1.32432837491039e-4,0.03741860261850247
0,1.49946276740502e-4,1.32432837491039e-4,0.05394000213167936
0,3.31090498333772e-4,1.32432837491039e-4,0.39795103321194786
0,3.82919646677863e-4,1.32432837491039e-4,0.46111196522021974
0,3.52988235175561e-4,1.32432837491039e-4,0.42576454663526264
0,0.00346337485490998,1.32432837491039e-4,1.417503815226771
0,4.02451143475671e-5,1.32432837491039e-4,-0.5172825186142822
0,1.5773776554369e-4,1.32432837491039e-4,0.07594000017943546
0,4.73941047516392e-4,1.32432837491039e-4,0.5537286398038825
0,2.19493553100008e-4,1.32432837491039e-4,0.21942608450075293
0,3.89596393952789e-5,1.32432837491039e-4,-0.5313807558361018
0,1.19498868059895e-4,1.32432837491039e-4,-0.04463189279898531
0,2.11024926027138e-5,1.32432837491039e-4,-0.7976619275913314
1,1.1374216147146,1.32432837491039e-4,3.9339257927088567
0,3.89348541634769e-5,1.32432837491039e-4,-0.5316571319771047
0,0.0395351966437194,1.32432837491039e-4,2.4749882189767645
0,1.1374216147146,1.1374216147146,0
0,3.52988235175561e-4,1.1374216147146,-3.5081612460735943
0,0.00107312094143095,1.1374216147146,-3.0252728070079806
0,2.11024926027138e-5,1.1374216147146,-4.731587720300188
0,4.02451143475671e-5,1.1374216147146,-4.451208311323139
0,1.32432837491039e-4,1.1374216147146,-3.9339257927088567
0,3.89348541634769e-5,1.1374216147146,-4.465582924685961
0,1.19498868059895e-4,1.1374216147146,-3.978557685507842
0,4.00457656130506e-4,1.1374216147146,-3.4533648758872846
0,2.55723263790949e-4,1.1374216147146,-3.6481512383149006
0,1.5773776554369e-4,1.1374216147146,-3.8579857925294214
0,3.86498832713114e-4,1.1374216147146,-3.4687732903848603
0,1.44349168623868e-4,1.1374216147146,-3.8965071900903543
0,4.73941047516392e-4,1.1374216147146,-3.3801971529049744
0,1.55883498493157e-4,1.1374216147146,-3.8631213329034373
0,1.49946276740502e-4,1.1374216147146,-3.8799857905771775
0,0.0395351966437194,1.1374216147146,-1.4589375737320924
0,3.82919646677863e-4,1.1374216147146,-3.472813827488637
0,2.19493553100008e-4,1.1374216147146,-3.7144997082081037
0,2.45746739391917e-5,1.1374216147146,-4.665433712752052
0,3.31090498333772e-4,1.1374216147146,-3.535974759496909
0,3.89596393952789e-5,1.1374216147146,-4.465306548544959
0,4.95959300516756e-4,1.1374216147146,-3.3604754381875934
0,0.00346337485490998,1.1374216147146,-2.5164219774820857
0,2.26049367905971e-4,1.1374216147146,-3.701718180034595
0,0.00107312094143095,3.89596393952789e-5,1.440033741536978
0,2.26049367905971e-4,3.89596393952789e-5,0.7635883685103635
0,0.0395351966437194,3.89596393952789e-5,3.006368974812866
0,4.95959300516756e-4,3.89596393952789e-5,1.104831110357365
0,3.31090498333772e-4,3.89596393952789e-5,0.9293317890480497
0,4.00457656130506e-4,3.89596393952789e-5,1.0119416726576738
0,2.19493553100008e-4,3.89596393952789e-5,0.7508068403368546
0,4.73941047516392e-4,3.89596393952789e-5,1.0851093956399844
0,2.11024926027138e-5,3.89596393952789e-5,-0.26628117175522953
0,3.82919646677863e-4,3.89596393952789e-5,0.9924927210563216
0,1.55883498493157e-4,3.89596393952789e-5,0.602185215641521
0,1.19498868059895e-4,3.89596393952789e-5,0.4867488630371165
0,3.52988235175561e-4,3.89596393952789e-5,0.9571453024713643
0,3.86498832713114e-4,3.89596393952789e-5,0.9965332581600984
0,1.49946276740502e-4,3.89596393952789e-5,0.5853207579677812
0,2.45746739391917e-5,3.89596393952789e-5,-0.2001271642070933
0,0.00346337485490998,3.89596393952789e-5,1.9488845710628728
0,3.89348541634769e-5,3.89596393952789e-5,-2.76376141002908e-4
0,1.32432837491039e-4,3.89596393952789e-5,0.5313807558361018
0,1.44349168623868e-4,3.89596393952789e-5,0.5687993584546043
0,2.55723263790949e-4,3.89596393952789e-5,0.8171553102300579
1,1.1374216147146,3.89596393952789e-5,4.465306548544959
0,4.02451143475671e-5,3.89596393952789e-5,0.01409823722181955
0,3.89596393952789e-5,3.89596393952789e-5,0
0,1.5773776554369e-4,3.89596393952789e-5,0.6073207560155373
0,1.5773776554369e-4,3.82919646677863e-4,-0.3851719650407843
0,3.52988235175561e-4,3.82919646677863e-4,-0.03534741858495711
0,1.44349168623868e-4,3.82919646677863e-4,-0.4236933626017173
0,1.32432837491039e-4,3.82919646677863e-4,-0.46111196522021974
0,4.00457656130506e-4,3.82919646677863e-4,0.019448951601352318
0,2.45746739391917e-5,3.82919646677863e-4,-1.192619885263415
0,0.0395351966437194,3.82919646677863e-4,2.0138762537565444
0,4.73941047516392e-4,3.82919646677863e-4,0.09261667458366285
0,3.89596393952789e-5,3.82919646677863e-4,-0.9924927210563216
0,3.31090498333772e-4,3.82919646677863e-4,-0.06316093200827187
0,4.02451143475671e-5,3.82919646677863e-4,-0.978394483834502
0,1.55883498493157e-4,3.82919646677863e-4,-0.39030750541480047
0,1.19498868059895e-4,3.82919646677863e-4,-0.5057438580192051
0,1.1374216147146,3.82919646677863e-4,3.472813827488637
0,2.55723263790949e-4,3.82919646677863e-4,-0.17533741082626367
0,2.19493553100008e-4,3.82919646677863e-4,-0.24168588071946687
0,4.95959300516756e-4,3.82919646677863e-4,0.11233838930104342
0,1.49946276740502e-4,3.82919646677863e-4,-0.40717196308854037
0,3.82919646677863e-4,3.82919646677863e-4,0
0,2.26049367905971e-4,3.82919646677863e-4,-0.228904352545958
0,0.00346337485490998,3.82919646677863e-4,0.9563918500065511
0,0.00107312094143095,3.82919646677863e-4,0.44754102048065647
0,3.89348541634769e-5,3.82919646677863e-4,-0.9927690971973244
0,3.86498832713114e-4,3.82919646677863e-4,0.00404053710377682
0,2.11024926027138e-5,3.82919646677863e-4,-1.258773892811551
0,7.16382400721908e-4,5.43147796078391e-5,1.120226886402161
0,0.0012576630375615,5.43147796078391e-5,1.3646462756385955
0,2.08935489190609e-4,5.43147796078391e-5,0.5850941926301492
0,8.59216029184793e-5,5.43147796078391e-5,0.19918434880537228
0,9.47416297938082e-5,5.43147796078391e-5,0.24162282976434038
0,1.1374216147146,5.43147796078391e-5,4.32100345535706
0,5.48975116614567e-5,5.43147796078391e-5,0.0046346379909823045
0,1.0908327644753e-4,5.43147796078391e-5,0.3028401523761903
0,0.00108276648726348,5.43147796078391e-5,1.299616783798644
0,4.15879712738054e-4,5.43147796078391e-5,0.8840497136715938
0,2.82960975323653e-4,5.43147796078391e-5,0.7168085221097118
0,2.5927891074895e-4,5.43147796078391e-5,0.6788491718758802
0,7.8005283956248e-5,5.43147796078391e-5,0.15720600047070754
0,5.94663237042031e-4,5.43147796078391e-5,1.0393530689571393
0,5.78570509177196e-5,5.43147796078391e-5,0.027438271425821503
0,4.32989722848002e-4,5.43147796078391e-5,0.9015595667079103
0,1.01362364706858e-4,5.43147796078391e-5,0.27095871210653893
0,3.76151373812453e-4,5.43147796078391e-5,0.8404446306789167
0,4.05745857061543e-4,5.43147796078391e-5,0.8733360724348578
0,8.02235617048981e-4,5.43147796078391e-5,1.1693839179040486
0,3.45443143611884e-4,5.43147796078391e-5,0.8034585555406842
0,5.43147796078391e-5,5.43147796078391e-5,0
0,6.84610161913867e-5,5.43147796078391e-5,0.10052531959135731
0,4.15879712738054e-4,0.00108276648726348,-0.4155670701270503
0,5.78570509177196e-5,0.00108276648726348,-1.2721785123728226
0,0.0012576630375615,0.00108276648726348,0.06502949183995133
0,1.01362364706858e-4,0.00108276648726348,-1.0286580716921052
0,7.8005283956248e-5,0.00108276648726348,-1.1424107833279364
0,8.59216029184793e-5,0.00108276648726348,-1.1004324349932717
0,2.82960975323653e-4,0.00108276648726348,-0.5828082616889323
0,7.16382400721908e-4,0.00108276648726348,-0.1793898973964832
0,3.45443143611884e-4,0.00108276648726348,-0.4961582282579599
0,2.08935489190609e-4,0.00108276648726348,-0.7145225911684949
0,6.84610161913867e-5,0.00108276648726348,-1.1990914642072867
0,8.02235617048981e-4,0.00108276648726348,-0.13023286589459543
0,1.1374216147146,0.00108276648726348,3.0213866715584157
0,3.76151373812453e-4,0.00108276648726348,-0.45917215311972737
0,0.00108276648726348,0.00108276648726348,0
0,1.0908327644753e-4,0.00108276648726348,-0.9967766314224538
0,2.5927891074895e-4,0.00108276648726348,-0.620767611922764
0,5.94663237042031e-4,0.00108276648726348,-0.2602637148415046
0,9.47416297938082e-5,0.00108276648726348,-1.0579939540343037
0,4.32989722848002e-4,0.00108276648726348,-0.39805721709073383
0,5.48975116614567e-5,0.00108276648726348,-1.2949821458076618
0,5.43147796078391e-5,0.00108276648726348,-1.299616783798644
0,4.05745857061543e-4,0.00108276648726348,-0.4262807113637863
0,7.8005283956248e-5,3.45443143611884e-4,-0.6462525550699766
0,4.15879712738054e-4,3.45443143611884e-4,0.08059115813090961
0,8.59216029184793e-5,3.45443143611884e-4,-0.604274206735312
0,5.78570509177196e-5,3.45443143611884e-4,-0.7760202841148626
0,5.94663237042031e-4,3.45443143611884e-4,0.23589451341645523
1,1.1374216147146,3.45443143611884e-4,3.5175448998163756
0,9.47416297938082e-5,3.45443143611884e-4,-0.5618357257763438
0,1.0908327644753e-4,3.45443143611884e-4,-0.5006184031644939
0,2.5927891074895e-4,3.45443143611884e-4,-0.12460938366480402
0,6.84610161913867e-5,3.45443143611884e-4,-0.7029332359493269
0,5.48975116614567e-5,3.45443143611884e-4,-0.7988239175497018
0,8.02235617048981e-4,3.45443143611884e-4,0.3659253623633645
0,1.01362364706858e-4,3.45443143611884e-4,-0.5324998434341452
0,3.45443143611884e-4,3.45443143611884e-4,0
0,2.08935489190609e-4,3.45443143611884e-4,-0.21836436291053501
0,4.32989722848002e-4,3.45443143611884e-4,0.09810101116722607
0,4.05745857061543e-4,3.45443143611884e-4,0.06987751689417357
0,2.82960975323653e-4,3.45443143611884e-4,-0.08665003343097244
0,0.0012576630375615,3.45443143611884e-4,0.5611877200979113
0,7.16382400721908e-4,3.45443143611884e-4,0.31676833086147677
0,3.76151373812453e-4,3.45443143611884e-4,0.036986075138232544
0,5.43147796078391e-5,3.45443143611884e-4,-0.8034585555406842
0,0.00108276648726348,3.45443143611884e-4,0.4961582282579599
0,5.94663237042031e-4,1.01362364706858e-4,0.7683943568506004
0,8.59216029184793e-5,1.01362364706858e-4,-0.07177436330116667
0,6.84610161913867e-5,1.01362364706858e-4,-0.17043339251518164
0,3.76151373812453e-4,1.01362364706858e-4,0.5694859185723777
0,5.43147796078391e-5,1.01362364706858e-4,-0.27095871210653893
0,2.5927891074895e-4,1.01362364706858e-4,0.40789045976934124
0,4.05745857061543e-4,1.01362364706858e-4,0.6023773603283188
0,3.45443143611884e-4,1.01362364706858e-4,0.5324998434341452
0,0.0012576630375615,1.01362364706858e-4,1.0936875635320564
0,5.78570509177196e-5,1.01362364706858e-4,-0.24352044068071738
0,2.82960975323653e-4,1.01362364706858e-4,0.4458498100031728
0,9.47416297938082e-5,1.01362364706858e-4,-0.02933588234219854
0,0.00108276648726348,1.01362364706858e-4,1.0286580716921052
0,8.02235617048981e-4,1.01362364706858e-4,0.8984252057975097
0,5.48975116614567e-5,1.01362364706858e-4,-0.26632407411555664
0,4.15879712738054e-4,1.01362364706858e-4,0.6130910015650549
0,1.01362364706858e-4,1.01362364706858e-4,0
0,2.08935489190609e-4,1.01362364706858e-4,0.31413548052361023
0,1.1374216147146,1.01362364706858e-4,4.05004474325052
0,1.0908327644753e-4,1.01362364706858e-4,0.03188144026965141
0,7.8005283956248e-5,1.01362364706858e-4,-0.11375271163583135
0,7.16382400721908e-4,1.01362364706858e-4,0.849268174295622
0,4.32989722848002e-4,1.01362364706858e-4,0.6306008546013713
0,4.15879712738054e-4,8.59216029184793e-5,0.6848653648662215
0,3.45443143611884e-4,8.59216029184793e-5,0.6042742067353118
0,1.01362364706858e-4,8.59216029184793e-5,0.07177436330116665
0,6.84610161913867e-5,8.59216029184793e-5,-0.09865902921401498
0,7.16382400721908e-4,8.59216029184793e-5,0.9210425375967887
0,8.59216029184793e-5,8.59216029184793e-5,0
0,3.76151373812453e-4,8.59216029184793e-5,0.6412602818735444
0,5.48975116614567e-5,8.59216029184793e-5,-0.19454971081438996
0,7.8005283956248e-5,8.59216029184793e-5,-0.04197834833466471
0,2.82960975323653e-4,8.59216029184793e-5,0.5176241733043395
1,5.78570509177196e-5,8.59216029184793e-5,-0.17174607737955072
0,0.00108276648726348,8.59216029184793e-5,1.1004324349932717
0,1.1374216147146,8.59216029184793e-5,4.121819106551688
0,4.32989722848002e-4,8.59216029184793e-5,0.702375217902538
0,2.5927891074895e-4,8.59216029184793e-5,0.4796648230705079
0,8.02235617048981e-4,8.59216029184793e-5,0.9701995690986763
0,0.0012576630375615,8.59216029184793e-5,1.1654619268332231
0,5.43147796078391e-5,8.59216029184793e-5,-0.19918434880537222
0,5.94663237042031e-4,8.59216029184793e-5,0.8401687201517671
0,9.47416297938082e-5,8.59216029184793e-5,0.0424384809589681
0,2.08935489190609e-4,8.59216029184793e-5,0.3859098438247769
1,4.05745857061543e-4,8.59216029184793e-5,0.6741517236294855
0,1.0908327644753e-4,8.59216029184793e-5,0.10365580357081806
0,1.01362364706858e-4,4.15879712738054e-4,-0.6130910015650549
0,1.1374216147146,4.15879712738054e-4,3.436953741685466
0,5.48975116614567e-5,4.15879712738054e-4,-0.8794150756806115
0,6.84610161913867e-5,4.15879712738054e-4,-0.7835243940802366
1,4.32989722848002e-4,4.15879712738054e-4,0.017509853036316497
0,0.0012576630375615,4.15879712738054e-4,0.4805965619670016
0,3.45443143611884e-4,4.15879712738054e-4,-0.08059115813090964
0,5.43147796078391e-5,4.15879712738054e-4,-0.8840497136715938
0,7.16382400721908e-4,4.15879712738054e-4,0.2361771727305671
0,1.0908327644753e-4,4.15879712738054e-4,-0.5812095612954035
0,8.02235617048981e-4,4.15879712738054e-4,0.28533420423245487
0,2.82960975323653e-4,4.15879712738054e-4,-0.16724119156188208
0,4.05745857061543e-4,4.15879712738054e-4,-0.010713641236736057
0,3.76151373812453e-4,4.15879712738054e-4,-0.04360508299267706
0,2.08935489190609e-4,4.15879712738054e-4,-0.29895552104144457
0,9.47416297938082e-5,4.15879712738054e-4,-0.6424268839072534
0,0.00108276648726348,4.15879712738054e-4,0.4155670701270503
0,7.8005283956248e-5,4.15879712738054e-4,-0.7268437132008863
0,5.78570509177196e-5,4.15879712738054e-4,-0.8566114422457722
0,2.5927891074895e-4,4.15879712738054e-4,-0.20520054179571365
0,8.59216029184793e-5,4.15879712738054e-4,-0.6848653648662215
0,4.15879712738054e-4,4.15879712738054e-4,0
0,5.94663237042031e-4,4.15879712738054e-4,0.1553033552855456
0,0.00108276648726348,8.02235617048981e-4,0.13023286589459546
0,7.16382400721908e-4,8.02235617048981e-4,-0.04915703150188775
0,4.15879712738054e-4,8.02235617048981e-4,-0.2853342042324548
0,2.82960975323653e-4,8.02235617048981e-4,-0.4525753957943369
0,7.8005283956248e-5,8.02235617048981e-4,-1.0121779174333412
0,1.0908327644753e-4,8.02235617048981e-4,-0.8665437655278583
0,3.76151373812453e-4,8.02235617048981e-4,-0.3289392872251319
0,8.02235617048981e-4,8.02235617048981e-4,0
0,1.1374216147146,8.02235617048981e-4,3.151619537453011
0,5.94663237042031e-4,8.02235617048981e-4,-0.13003084894690922
0,8.59216029184793e-5,8.02235617048981e-4,-0.9701995690986763
0,9.47416297938082e-5,8.02235617048981e-4,-0.9277610881397083
0,5.48975116614567e-5,8.02235617048981e-4,-1.1647492799130663
0,2.08935489190609e-4,8.02235617048981e-4,-0.5842897252738994
0,2.5927891074895e-4,8.02235617048981e-4,-0.49053474602816843
0,4.05745857061543e-4,8.02235617048981e-4,-0.2960478454691909
0,5.43147796078391e-5,8.02235617048981e-4,-1.1693839179040486
0,5.78570509177196e-5,8.02235617048981e-4,-1.1419456464782272
0,1.01362364706858e-4,8.02235617048981e-4,-0.8984252057975096
0,6.84610161913867e-5,8.02235617048981e-4,-1.0688585983126915
0,0.0012576630375615,8.02235617048981e-4,0.19526235773454675
0,4.32989722848002e-4,8.02235617048981e-4,-0.26782435119613834
0,3.45443143611884e-4,8.02235617048981e-4,-0.3659253623633645
0,5.94663237042031e-4,5.78570509177196e-5,1.0119147975313179
0,4.05745857061543e-4,5.78570509177196e-5,0.8458978010090362
0,0.00108276648726348,5.78570509177196e-5,1.2721785123728226
0,7.16382400721908e-4,5.78570509177196e-5,1.0927886149763395
0,2.82960975323653e-4,5.78570509177196e-5,0.6893702506838901
0,1.01362364706858e-4,5.78570509177196e-5,0.2435204406807174
0,8.59216029184793e-5,5.78570509177196e-5,0.17174607737955075
0,0.0012576630375615,5.78570509177196e-5,1.3372080042127739
0,3.76151373812453e-4,5.78570509177196e-5,0.8130063592530952
0,5.78570509177196e-5,5.78570509177196e-5,0
0,5.43147796078391e-5,5.78570509177196e-5,-0.027438271425821503
0,1.1374216147146,5.78570509177196e-5,4.293565183931238
0,7.8005283956248e-5,5.78570509177196e-5,0.12976772904488604
0,1.0908327644753e-4,5.78570509177196e-5,0.2754018809503688
0,2.5927891074895e-4,5.78570509177196e-5,0.6514109004500587
0,9.47416297938082e-5,5.78570509177196e-5,0.21418455833851888
0,4.15879712738054e-4,5.78570509177196e-5,0.8566114422457722
0,3.45443143611884e-4,5.78570509177196e-5,0.7760202841148627
0,6.84610161913867e-5,5.78570509177196e-5,0.07308704816553575
0,4.32989722848002e-4,5.78570509177196e-5,0.8741212952820887
0,5.48975116614567e-5,5.78570509177196e-5,-0.022803633434839217
0,8.02235617048981e-4,5.78570509177196e-5,1.1419456464782272
0,2.08935489190609e-4,5.78570509177196e-5,0.5576559212043276
0,9.47416297938082e-5,2.82960975323653e-4,-0.47518569234537134
1,1.1374216147146,2.82960975323653e-4,3.604194933247348
0,5.94663237042031e-4,2.82960975323653e-4,0.32254454684742767
0,8.59216029184793e-5,2.82960975323653e-4,-0.5176241733043395
0,2.5927891074895e-4,2.82960975323653e-4,-0.03795935023383159
1,3.76151373812453e-4,2.82960975323653e-4,0.12363610856920501
0,5.48975116614567e-5,2.82960975323653e-4,-0.7121738841187295
1,0.00108276648726348,2.82960975323653e-4,0.5828082616889324
0,1.01362364706858e-4,2.82960975323653e-4,-0.44584981000317275
0,0.0012576630375615,2.82960975323653e-4,0.6478377535288836
0,5.43147796078391e-5,2.82960975323653e-4,-0.7168085221097117
0,1.0908327644753e-4,2.82960975323653e-4,-0.41396836973352136
0,7.16382400721908e-4,2.82960975323653e-4,0.4034183642924492
0,2.82960975323653e-4,2.82960975323653e-4,0
1,5.78570509177196e-5,2.82960975323653e-4,-0.6893702506838902
0,4.15879712738054e-4,2.82960975323653e-4,0.16724119156188205
1,4.32989722848002e-4,2.82960975323653e-4,0.18475104459819852
0,6.84610161913867e-5,2.82960975323653e-4,-0.6162832025183544
0,7.8005283956248e-5,2.82960975323653e-4,-0.5596025216390041
0,8.02235617048981e-4,2.82960975323653e-4,0.4525753957943369
0,3.45443143611884e-4,2.82960975323653e-4,0.08665003343097245
0,2.08935489190609e-4,2.82960975323653e-4,-0.13171432947956252
1,4.05745857061543e-4,2.82960975323653e-4,0.156527550325146
0,7.16382400721908e-4,3.76151373812453e-4,0.2797822557232442
0,8.59216029184793e-5,3.76151373812453e-4,-0.6412602818735444
0,0.00108276648726348,3.76151373812453e-4,0.45917215311972737
0,2.5927891074895e-4,3.76151373812453e-4,-0.16159545880303658
0,2.82960975323653e-4,3.76151373812453e-4,-0.12363610856920502
0,8.02235617048981e-4,3.76151373812453e-4,0.32893928722513194
0,1.0908327644753e-4,3.76151373812453e-4,-0.5376044783027264
0,5.78570509177196e-5,3.76151373812453e-4,-0.8130063592530952
0,4.15879712738054e-4,3.76151373812453e-4,0.04360508299267705
0,5.43147796078391e-5,3.76151373812453e-4,-0.8404446306789167
1,1.1374216147146,3.76151373812453e-4,3.480558824678143
0,3.45443143611884e-4,3.76151373812453e-4,-0.03698607513823254
0,7.8005283956248e-5,3.76151373812453e-4,-0.6832386302082092
0,1.01362364706858e-4,3.76151373812453e-4,-0.5694859185723778
0,6.84610161913867e-5,3.76151373812453e-4,-0.7399193110875595
0,5.48975116614567e-5,3.76151373812453e-4,-0.8358099926879344
0,0.0012576630375615,3.76151373812453e-4,0.5242016449596787
0,5.94663237042031e-4,3.76151373812453e-4,0.19890843827822266
1,4.32989722848002e-4,3.76151373812453e-4,0.06111493602899357
0,2.08935489190609e-4,3.76151373812453e-4,-0.2553504380487675
0,3.76151373812453e-4,3.76151373812453e-4,0
0,9.47416297938082e-5,3.76151373812453e-4,-0.5988218009145763
0,4.05745857061543e-4,3.76151373812453e-4,0.032891441755941046
0,0.0012576630375615,7.16382400721908e-4,0.24441938923643453
0,3.76151373812453e-4,7.16382400721908e-4,-0.2797822557232442
0,4.32989722848002e-4,7.16382400721908e-4,-0.21866731969425068
0,0.00108276648726348,7.16382400721908e-4,0.17938989739648317
0,7.16382400721908e-4,7.16382400721908e-4,0
0,1.0908327644753e-4,7.16382400721908e-4,-0.8173867340259706
0,8.59216029184793e-5,7.16382400721908e-4,-0.9210425375967887
0,5.94663237042031e-4,7.16382400721908e-4,-0.0808738174450215
0,7.8005283956248e-5,7.16382400721908e-4,-0.9630208859314533
0,3.45443143611884e-4,7.16382400721908e-4,-0.31676833086147677
0,1.01362364706858e-4,7.16382400721908e-4,-0.849268174295622
0,4.05745857061543e-4,7.16382400721908e-4,-0.2468908139673032
0,9.47416297938082e-5,7.16382400721908e-4,-0.8786040566378206
1,1.1374216147146,7.16382400721908e-4,3.2007765689548986
0,8.02235617048981e-4,7.16382400721908e-4,0.04915703150188776
0,5.48975116614567e-5,7.16382400721908e-4,-1.1155922484111787
0,2.08935489190609e-4,7.16382400721908e-4,-0.5351326937720117
0,6.84610161913867e-5,7.16382400721908e-4,-1.0197015668108036
0,4.15879712738054e-4,7.16382400721908e-4,-0.23617717273056707
0,5.78570509177196e-5,7.16382400721908e-4,-1.0927886149763395
0,5.43147796078391e-5,7.16382400721908e-4,-1.120226886402161
0,2.5927891074895e-4,7.16382400721908e-4,-0.4413777145262808
0,2.82960975323653e-4,7.16382400721908e-4,-0.40341836429244915
0,1.0908327644753e-4,0.0012576630375615,-1.061806123262405
0,2.5927891074895e-4,0.0012576630375615,-0.6857971037627153
0,9.47416297938082e-5,0.0012576630375615,-1.123023445874255
0,5.94663237042031e-4,0.0012576630375615,-0.325293206681456
0,7.16382400721908e-4,0.0012576630375615,-0.2444193892364345
0,4.15879712738054e-4,0.0012576630375615,-0.4805965619670017
0,3.45443143611884e-4,0.0012576630375615,-0.5611877200979112
1,4.32989722848002e-4,0.0012576630375615,-0.46308670893068515
0,5.78570509177196e-5,0.0012576630375615,-1.3372080042127739
0,1.1374216147146,0.0012576630375615,2.9563571797184642
0,2.82960975323653e-4,0.0012576630375615,-0.6478377535288837
0,8.59216029184793e-5,0.0012576630375615,-1.1654619268332231
0,6.84610161913867e-5,0.0012576630375615,-1.2641209560472382
0,0.00108276648726348,0.0012576630375615,-0.06502949183995138
0,5.43147796078391e-5,0.0012576630375615,-1.3646462756385955
0,1.01362364706858e-4,0.0012576630375615,-1.0936875635320564
0,0.0012576630375615,0.0012576630375615,0
0,3.76151373812453e-4,0.0012576630375615,-0.5242016449596787
0,8.02235617048981e-4,0.0012576630375615,-0.1952623577345468
0,7.8005283956248e-5,0.0012576630375615,-1.2074402751678879
0,2.08935489190609e-4,0.0012576630375615,-0.7795520830084463
0,5.48975116614567e-5,0.0012576630375615,-1.360011637647613
0,4.05745857061543e-4,0.0012576630375615,-0.4913102032037377
0,4.05745857061543e-4,4.32989722848002e-4,-0.028223494273052537
1,1.1374216147146,4.32989722848002e-4,3.419443888649149
1,0.00108276648726348,4.32989722848002e-4,0.3980572170907338
0,6.84610161913867e-5,4.32989722848002e-4,-0.8010342471165529
0,7.16382400721908e-4,4.32989722848002e-4,0.21866731969425066
0,2.82960975323653e-4,4.32989722848002e-4,-0.18475104459819852
0,1.01362364706858e-4,4.32989722848002e-4,-0.6306008546013713
0,5.94663237042031e-4,4.32989722848002e-4,0.13779350224922918
0,0.0012576630375615,4.32989722848002e-4,0.46308670893068515
0,3.76151373812453e-4,4.32989722848002e-4,-0.06111493602899353
0,4.32989722848002e-4,4.32989722848002e-4,0
0,1.0908327644753e-4,4.32989722848002e-4,-0.5987194143317199
0,2.5927891074895e-4,4.32989722848002e-4,-0.2227103948320301
0,4.15879712738054e-4,4.32989722848002e-4,-0.01750985303631645
0,8.02235617048981e-4,4.32989722848002e-4,0.2678243511961384
0,5.48975116614567e-5,4.32989722848002e-4,-0.896924928716928
0,3.45443143611884e-4,4.32989722848002e-4,-0.0981010111672261
0,9.47416297938082e-5,4.32989722848002e-4,-0.6599367369435699
0,8.59216029184793e-5,4.32989722848002e-4,-0.702375217902538
0,5.78570509177196e-5,4.32989722848002e-4,-0.8741212952820888
0,5.43147796078391e-5,4.32989722848002e-4,-0.9015595667079103
0,2.08935489190609e-4,4.32989722848002e-4,-0.3164653740777611
0,7.8005283956248e-5,4.32989722848002e-4,-0.7443535662372027
0,3.45443143611884e-4,2.5927891074895e-4,0.12460938366480405
0,4.15879712738054e-4,2.5927891074895e-4,0.20520054179571362
0,1.01362364706858e-4,2.5927891074895e-4,-0.40789045976934124
0,8.59216029184793e-5,2.5927891074895e-4,-0.4796648230705079
0,5.43147796078391e-5,2.5927891074895e-4,-0.6788491718758801
0,5.48975116614567e-5,2.5927891074895e-4,-0.6742145338848979
0,7.8005283956248e-5,2.5927891074895e-4,-0.5216431714051727
0,5.94663237042031e-4,2.5927891074895e-4,0.3605038970812593
0,2.08935489190609e-4,2.5927891074895e-4,-0.09375497924573095
0,3.76151373812453e-4,2.5927891074895e-4,0.16159545880303655
0,2.82960975323653e-4,2.5927891074895e-4,0.0379593502338316
0,4.05745857061543e-4,2.5927891074895e-4,0.1944869005589776
1,4.32989722848002e-4,2.5927891074895e-4,0.2227103948320301
0,1.0908327644753e-4,2.5927891074895e-4,-0.37600901949968984
0,6.84610161913867e-5,2.5927891074895e-4,-0.5783238522845229
0,0.0012576630375615,2.5927891074895e-4,0.6857971037627153
0,2.5927891074895e-4,2.5927891074895e-4,0
0,0.00108276648726348,2.5927891074895e-4,0.620767611922764
0,9.47416297938082e-5,2.5927891074895e-4,-0.4372263421115398
0,1.1374216147146,2.5927891074895e-4,3.6421542834811795
0,7.16382400721908e-4,2.5927891074895e-4,0.4413777145262808
0,8.02235617048981e-4,2.5927891074895e-4,0.4905347460281685
0,5.78570509177196e-5,2.5927891074895e-4,-0.6514109004500587
1,4.05745857061543e-4,5.48975116614567e-5,0.8687014344438755
0,8.59216029184793e-5,5.48975116614567e-5,0.19454971081438996
0,3.76151373812453e-4,5.48975116614567e-5,0.8358099926879344
0,1.01362364706858e-4,5.48975116614567e-5,0.26632407411555664
0,1.1374216147146,5.48975116614567e-5,4.316368817366078
0,5.94663237042031e-4,5.48975116614567e-5,1.0347184309661572
0,9.47416297938082e-5,5.48975116614567e-5,0.2369881917733581
0,6.84610161913867e-5,5.48975116614567e-5,0.095890681600375
0,3.45443143611884e-4,5.48975116614567e-5,0.798823917549702
0,2.5927891074895e-4,5.48975116614567e-5,0.6742145338848978
0,0.0012576630375615,5.48975116614567e-5,1.3600116376476132
0,0.00108276648726348,5.48975116614567e-5,1.2949821458076618
0,5.43147796078391e-5,5.48975116614567e-5,-0.004634637990982264
0,4.32989722848002e-4,5.48975116614567e-5,0.896924928716928
0,5.48975116614567e-5,5.48975116614567e-5,0
0,2.08935489190609e-4,5.48975116614567e-5,0.5804595546391669
0,2.82960975323653e-4,5.48975116614567e-5,0.7121738841187294
0,7.8005283956248e-5,5.48975116614567e-5,0.15257136247972528
0,1.0908327644753e-4,5.48975116614567e-5,0.29820551438520804
0,4.15879712738054e-4,5.48975116614567e-5,0.8794150756806115
1,5.78570509177196e-5,5.48975116614567e-5,0.022803633434839255
0,8.02235617048981e-4,5.48975116614567e-5,1.1647492799130663
0,7.16382400721908e-4,5.48975116614567e-5,1.1155922484111787
0,0.0012576630375615,2.08935489190609e-4,0.7795520830084463
0,0.00108276648726348,2.08935489190609e-4,0.7145225911684949
0,5.94663237042031e-4,2.08935489190609e-4,0.45425887632699025
1,1.1374216147146,2.08935489190609e-4,3.7359092627269104
0,4.15879712738054e-4,2.08935489190609e-4,0.29895552104144457
0,2.82960975323653e-4,2.08935489190609e-4,0.13171432947956255
0,1.0908327644753e-4,2.08935489190609e-4,-0.2822540402539589
0,1.01362364706858e-4,2.08935489190609e-4,-0.31413548052361023
0,9.47416297938082e-5,2.08935489190609e-4,-0.34347136286580876
0,8.59216029184793e-5,2.08935489190609e-4,-0.38590984382477694
0,8.02235617048981e-4,2.08935489190609e-4,0.5842897252738994
0,5.48975116614567e-5,2.08935489190609e-4,-0.5804595546391669
0,3.45443143611884e-4,2.08935489190609e-4,0.218364362910535
0,2.5927891074895e-4,2.08935489190609e-4,0.09375497924573101
0,2.08935489190609e-4,2.08935489190609e-4,0
1,4.32989722848002e-4,2.08935489190609e-4,0.31646537407776104
1,4.05745857061543e-4,2.08935489190609e-4,0.28824187980470856
0,7.16382400721908e-4,2.08935489190609e-4,0.5351326937720117
1,5.78570509177196e-5,2.08935489190609e-4,-0.5576559212043277
0,3.76151373812453e-4,2.08935489190609e-4,0.25535043804876756
0,6.84610161913867e-5,2.08935489190609e-4,-0.4845688730387919
0,5.43147796078391e-5,2.08935489190609e-4,-0.5850941926301492
0,7.8005283956248e-5,2.08935489190609e-4,-0.4278881921594416
0,1.01362364706858e-4,1.0908327644753e-4,-0.031881440269651395
0,2.82960975323653e-4,1.0908327644753e-4,0.4139683697335214
0,6.84610161913867e-5,1.0908327644753e-4,-0.202314832784833
0,5.78570509177196e-5,1.0908327644753e-4,-0.2754018809503688
0,4.05745857061543e-4,1.0908327644753e-4,0.5704959200586674
0,3.45443143611884e-4,1.0908327644753e-4,0.5006184031644938
0,3.76151373812453e-4,1.0908327644753e-4,0.5376044783027264
0,4.32989722848002e-4,1.0908327644753e-4,0.5987194143317199
0,2.5927891074895e-4,1.0908327644753e-4,0.37600901949968984
0,0.00108276648726348,1.0908327644753e-4,0.9967766314224538
0,8.59216029184793e-5,1.0908327644753e-4,-0.10365580357081806
0,1.1374216147146,1.0908327644753e-4,4.018163302980869
0,5.94663237042031e-4,1.0908327644753e-4,0.7365129165809491
0,1.0908327644753e-4,1.0908327644753e-4,0
0,9.47416297938082e-5,1.0908327644753e-4,-0.061217322611849916
0,5.43147796078391e-5,1.0908327644753e-4,-0.30284015237619033
0,0.0012576630375615,1.0908327644753e-4,1.0618061232624052
0,7.16382400721908e-4,1.0908327644753e-4,0.8173867340259706
0,7.8005283956248e-5,1.0908327644753e-4,-0.14563415190548276
0,4.15879712738054e-4,1.0908327644753e-4,0.5812095612954035
0,2.08935489190609e-4,1.0908327644753e-4,0.2822540402539589
0,5.48975116614567e-5,1.0908327644753e-4,-0.2982055143852081
0,8.02235617048981e-4,1.0908327644753e-4,0.8665437655278583
0,4.05745857061543e-4,7.8005283956248e-5,0.7161300719641501
0,4.32989722848002e-4,7.8005283956248e-5,0.7443535662372027
0,5.94663237042031e-4,7.8005283956248e-5,0.8821470684864319
0,4.15879712738054e-4,7.8005283956248e-5,0.7268437132008863
0,5.43147796078391e-5,7.8005283956248e-5,-0.1572060004707075
0,1.1374216147146,7.8005283956248e-5,4.163797454886352
0,1.01362364706858e-4,7.8005283956248e-5,0.11375271163583138
0,3.45443143611884e-4,7.8005283956248e-5,0.6462525550699766
0,0.0012576630375615,7.8005283956248e-5,1.2074402751678879
0,8.59216029184793e-5,7.8005283956248e-5,0.041978348334664704
0,1.0908327644753e-4,7.8005283956248e-5,0.14563415190548282
0,8.02235617048981e-4,7.8005283956248e-5,1.0121779174333412
0,9.47416297938082e-5,7.8005283956248e-5,0.08441682929363285
0,0.00108276648726348,7.8005283956248e-5,1.1424107833279364
0,2.08935489190609e-4,7.8005283956248e-5,0.4278881921594417
0,7.16382400721908e-4,7.8005283956248e-5,0.9630208859314533
0,7.8005283956248e-5,7.8005283956248e-5,0
0,3.76151373812453e-4,7.8005283956248e-5,0.6832386302082092
0,5.48975116614567e-5,7.8005283956248e-5,-0.15257136247972528
0,2.82960975323653e-4,7.8005283956248e-5,0.5596025216390041
0,2.5927891074895e-4,7.8005283956248e-5,0.5216431714051726
0,5.78570509177196e-5,7.8005283956248e-5,-0.12976772904488604
0,6.84610161913867e-5,7.8005283956248e-5,-0.05668068087935026
0,2.08935489190609e-4,4.05745857061543e-4,-0.28824187980470856
0,5.78570509177196e-5,4.05745857061543e-4,-0.8458978010090362
0,5.48975116614567e-5,4.05745857061543e-4,-0.8687014344438755
0,4.15879712738054e-4,4.05745857061543e-4,0.010713641236736054
0,9.47416297938082e-5,4.05745857061543e-4,-0.6317132426705173
0,2.5927891074895e-4,4.05745857061543e-4,-0.19448690055897758
0,0.0012576630375615,4.05745857061543e-4,0.4913102032037377
0,2.82960975323653e-4,4.05745857061543e-4,-0.15652755032514598
0,6.84610161913867e-5,4.05745857061543e-4,-0.7728107528435005
0,5.94663237042031e-4,4.05745857061543e-4,0.1660169965222817
0,1.1374216147146,4.05745857061543e-4,3.447667382922202
0,8.59216029184793e-5,4.05745857061543e-4,-0.6741517236294855
1,4.32989722848002e-4,4.05745857061543e-4,0.028223494273052496
0,1.01362364706858e-4,4.05745857061543e-4,-0.6023773603283188
0,4.05745857061543e-4,4.05745857061543e-4,0
0,7.16382400721908e-4,4.05745857061543e-4,0.2468908139673032
0,5.43147796078391e-5,4.05745857061543e-4,-0.8733360724348578
0,1.0908327644753e-4,4.05745857061543e-4,-0.5704959200586673
0,0.00108276648726348,4.05745857061543e-4,0.4262807113637863
0,3.45443143611884e-4,4.05745857061543e-4,-0.06987751689417356
0,3.76151373812453e-4,4.05745857061543e-4,-0.03289144175594103
0,8.02235617048981e-4,4.05745857061543e-4,0.2960478454691909
0,7.8005283956248e-5,4.05745857061543e-4,-0.7161300719641501
0,2.5927891074895e-4,1.1374216147146,-3.6421542834811795
0,8.59216029184793e-5,1.1374216147146,-4.121819106551688
0,0.0012576630375615,1.1374216147146,-2.9563571797184642
0,8.02235617048981e-4,1.1374216147146,-3.151619537453011
0,5.48975116614567e-5,1.1374216147146,-4.316368817366078
0,0.00108276648726348,1.1374216147146,-3.0213866715584157
0,4.15879712738054e-4,1.1374216147146,-3.436953741685466
0,9.47416297938082e-5,1.1374216147146,-4.079380625592719
0,4.32989722848002e-4,1.1374216147146,-3.419443888649149
0,7.16382400721908e-4,1.1374216147146,-3.2007765689548986
0,6.84610161913867e-5,1.1374216147146,-4.220478135765703
0,2.08935489190609e-4,1.1374216147146,-3.7359092627269104
0,7.8005283956248e-5,1.1374216147146,-4.163797454886352
0,4.05745857061543e-4,1.1374216147146,-3.447667382922202
0,3.45443143611884e-4,1.1374216147146,-3.5175448998163756
0,5.94663237042031e-4,1.1374216147146,-3.28165038639992
0,1.1374216147146,1.1374216147146,0
0,1.0908327644753e-4,1.1374216147146,-4.018163302980869
0,1.01362364706858e-4,1.1374216147146,-4.05004474325052
0,3.76151373812453e-4,1.1374216147146,-3.480558824678143
0,2.82960975323653e-4,1.1374216147146,-3.604194933247348
0,5.43147796078391e-5,1.1374216147146,-4.32100345535706
0,5.78570509177196e-5,1.1374216147146,-4.293565183931238
0,6.84610161913867e-5,6.84610161913867e-5,0
0,2.08935489190609e-4,6.84610161913867e-5,0.4845688730387919
0,4.32989722848002e-4,6.84610161913867e-5,0.801034247116553
0,2.82960975323653e-4,6.84610161913867e-5,0.6162832025183544
0,1.0908327644753e-4,6.84610161913867e-5,0.20231483278483306
0,1.1374216147146,6.84610161913867e-5,4.220478135765703
0,5.78570509177196e-5,6.84610161913867e-5,-0.07308704816553575
0,5.94663237042031e-4,6.84610161913867e-5,0.9388277493657822
0,8.02235617048981e-4,6.84610161913867e-5,1.0688585983126915
0,5.43147796078391e-5,6.84610161913867e-5,-0.10052531959135728
0,4.15879712738054e-4,6.84610161913867e-5,0.7835243940802364
0,7.16382400721908e-4,6.84610161913867e-5,1.0197015668108036
0,0.0012576630375615,6.84610161913867e-5,1.2641209560472382
0,3.45443143611884e-4,6.84610161913867e-5,0.7029332359493269
0,5.48975116614567e-5,6.84610161913867e-5,-0.09589068160037496
0,1.01362364706858e-4,6.84610161913867e-5,0.17043339251518164
0,9.47416297938082e-5,6.84610161913867e-5,0.1410975101729831
0,0.00108276648726348,6.84610161913867e-5,1.1990914642072867
0,4.05745857061543e-4,6.84610161913867e-5,0.7728107528435004
0,8.59216029184793e-5,6.84610161913867e-5,0.09865902921401497
0,7.8005283956248e-5,6.84610161913867e-5,0.056680680879350236
0,2.5927891074895e-4,6.84610161913867e-5,0.5783238522845229
0,3.76151373812453e-4,6.84610161913867e-5,0.7399193110875595
0,8.59216029184793e-5,5.94663237042031e-4,-0.8401687201517671
0,3.45443143611884e-4,5.94663237042031e-4,-0.23589451341645526
0,5.43147796078391e-5,5.94663237042031e-4,-1.0393530689571395
0,2.08935489190609e-4,5.94663237042031e-4,-0.45425887632699025
0,9.47416297938082e-5,5.94663237042031e-4,-0.797730239192799
0,2.82960975323653e-4,5.94663237042031e-4,-0.3225445468474277
0,1.01362364706858e-4,5.94663237042031e-4,-0.7683943568506004
0,0.0012576630375615,5.94663237042031e-4,0.32529320668145606
0,2.5927891074895e-4,5.94663237042031e-4,-0.36050389708125924
0,4.05745857061543e-4,5.94663237042031e-4,-0.16601699652228166
0,1.0908327644753e-4,5.94663237042031e-4,-0.7365129165809491
0,7.8005283956248e-5,5.94663237042031e-4,-0.8821470684864319
0,4.15879712738054e-4,5.94663237042031e-4,-0.1553033552855456
0,6.84610161913867e-5,5.94663237042031e-4,-0.9388277493657822
0,5.78570509177196e-5,5.94663237042031e-4,-1.0119147975313179
0,5.48975116614567e-5,5.94663237042031e-4,-1.034718430966157
0,1.1374216147146,5.94663237042031e-4,3.28165038639992
0,3.76151373812453e-4,5.94663237042031e-4,-0.1989084382782227
0,0.00108276648726348,5.94663237042031e-4,0.2602637148415046
0,5.94663237042031e-4,5.94663237042031e-4,0
0,4.32989722848002e-4,5.94663237042031e-4,-0.13779350224922912
0,7.16382400721908e-4,5.94663237042031e-4,0.08087381744502146
0,8.02235617048981e-4,5.94663237042031e-4,0.1300308489469092
0,0.0012576630375615,9.47416297938082e-5,1.123023445874255
0,3.45443143611884e-4,9.47416297938082e-5,0.5618357257763438
0,5.78570509177196e-5,9.47416297938082e-5,-0.21418455833851885
0,5.94663237042031e-4,9.47416297938082e-5,0.7977302391927991
0,4.05745857061543e-4,9.47416297938082e-5,0.6317132426705173
0,6.84610161913867e-5,9.47416297938082e-5,-0.1410975101729831
0,2.08935489190609e-4,9.47416297938082e-5,0.3434713628658088
0,0.00108276648726348,9.47416297938082e-5,1.0579939540343037
0,4.15879712738054e-4,9.47416297938082e-5,0.6424268839072534
0,5.43147796078391e-5,9.47416297938082e-5,-0.24162282976434038
0,9.47416297938082e-5,9.47416297938082e-5,0
0,8.02235617048981e-4,9.47416297938082e-5,0.9277610881397083
0,1.1374216147146,9.47416297938082e-5,4.079380625592719
0,1.0908327644753e-4,9.47416297938082e-5,0.06121732261184992
0,5.48975116614567e-5,9.47416297938082e-5,-0.23698819177335814
0,8.59216029184793e-5,9.47416297938082e-5,-0.04243848095896812
0,4.32989722848002e-4,9.47416297938082e-5,0.6599367369435699
0,3.76151373812453e-4,9.47416297938082e-5,0.5988218009145764
0,7.8005283956248e-5,9.47416297938082e-5,-0.08441682929363284
0,1.01362364706858e-4,9.47416297938082e-5,0.029335882342198537
0,2.5927891074895e-4,9.47416297938082e-5,0.43722634211153977
0,7.16382400721908e-4,9.47416297938082e-5,0.8786040566378205
0,2.82960975323653e-4,9.47416297938082e-5,0.47518569234537134
0,0.00112011255753577,0.00112011255753577,0
0,2.12805963470167e-4,0.00112011255753577,-0.7212778720716152
0,3.30990442167077e-5,0.00112011255753577,-1.5294462130483941
0,6.34673255619948e-4,0.00112011255753577,-0.2467114680731617
0,0.00111235642158898,0.00112011255753577,-0.003017699799602506
0,7.57683915187514e-5,0.00112011255753577,-1.169773598373327
0,6.00927201840966e-4,0.00112011255753577,-0.27043980268955176
0,1.14177913905943e-4,0.00112011255753577,-0.9916795621759107
0,2.03278674102481e-4,0.00112011255753577,-0.7411698467777063
0,0.158609022551648,0.00112011255753577,2.1510662226207495
0,1.95420071675734e-5,0.00112011255753577,-1.758292497878979
0,1.50532894031359e-4,0.00112011255753577,-0.8716302549888255
0,0.0163388716278754,0.00112011255753577,1.1639603944815051
0,2.14633217384757e-5,0.00112011255753577,-1.7175647303579429
0,2.90861472085221e-4,0.00112011255753577,-0.5855754683108616
0,1.98022183092616e-5,0.00112011255753577,-1.7525478220420174
0,6.26608667947488e-4,0.00112011255753577,-0.25226526788590375
0,6.65912427544363e-5,0.00112011255753577,-1.2258445461583403
0,1.08898282658436e-4,0.00112011255753577,-1.012240635193678
0,5.50431717429693e-4,0.00112011255753577,-0.3085582148943109
0,7.57683915187514e-5,2.90861472085221e-4,-0.5841981300624655
0,0.00112011255753577,2.90861472085221e-4,0.5855754683108616
0,6.34673255619948e-4,2.90861472085221e-4,0.3388640002376998
0,2.14633217384757e-5,2.90861472085221e-4,-1.1319892620470813
0,1.98022183092616e-5,2.90861472085221e-4,-1.1669723537311558
0,1.08898282658436e-4,2.90861472085221e-4,-0.4266651668828164
0,2.90861472085221e-4,2.90861472085221e-4,0
0,0.00111235642158898,2.90861472085221e-4,0.5825577685112591
0,3.30990442167077e-5,2.90861472085221e-4,-0.9438707447375324
0,2.12805963470167e-4,2.90861472085221e-4,-0.13570240376075363
0,1.95420071675734e-5,2.90861472085221e-4,-1.1727170295681173
0,6.26608667947488e-4,2.90861472085221e-4,0.33331020042495785
0,6.65912427544363e-5,2.90861472085221e-4,-0.6402690778474788
0,5.50431717429693e-4,2.90861472085221e-4,0.2770172534165507
0,0.158609022551648,2.90861472085221e-4,2.736641690931611
0,1.50532894031359e-4,2.90861472085221e-4,-0.2860547866779639
0,1.14177913905943e-4,2.90861472085221e-4,-0.40610409386504914
0,6.00927201840966e-4,2.90861472085221e-4,0.3151356656213098
0,2.03278674102481e-4,2.90861472085221e-4,-0.1555943784668447
0,0.0163388716278754,2.90861472085221e-4,1.7495358627923667
0,2.03278674102481e-4,2.12805963470167e-4,-0.01989197470609113
0,7.57683915187514e-5,2.12805963470167e-4,-0.4484957263017119
0,1.08898282658436e-4,2.12805963470167e-4,-0.2909627631220628
0,0.0163388716278754,2.12805963470167e-4,1.8852382665531202
0,6.00927201840966e-4,2.12805963470167e-4,0.4508380693820634
0,0.00111235642158898,2.12805963470167e-4,0.7182601722720127
0,6.34673255619948e-4,2.12805963470167e-4,0.4745664039984534
0,2.14633217384757e-5,2.12805963470167e-4,-0.9962868582863278
0,2.90861472085221e-4,2.12805963470167e-4,0.13570240376075363
0,1.14177913905943e-4,2.12805963470167e-4,-0.2704016901042955
0,6.26608667947488e-4,2.12805963470167e-4,0.46901260418571145
0,0.00112011255753577,2.12805963470167e-4,0.7212778720716151
0,2.12805963470167e-4,2.12805963470167e-4,0
0,3.30990442167077e-5,2.12805963470167e-4,-0.8081683409767789
0,1.50532894031359e-4,2.12805963470167e-4,-0.1503523829172104
0,6.65912427544363e-5,2.12805963470167e-4,-0.5045666740867252
1,0.158609022551648,2.12805963470167e-4,2.8723440946923646
0,1.98022183092616e-5,2.12805963470167e-4,-1.0312699499704023
0,1.95420071675734e-5,2.12805963470167e-4,-1.0370146258073638
0,5.50431717429693e-4,2.12805963470167e-4,0.4127196571773043
0,0.00111235642158898,6.26608667947488e-4,0.24924756808630122
0,0.00112011255753577,6.26608667947488e-4,0.25226526788590375
0,1.95420071675734e-5,6.26608667947488e-4,-1.5060272299930753
0,5.50431717429693e-4,6.26608667947488e-4,-0.05629294700840715
0,2.03278674102481e-4,6.26608667947488e-4,-0.48890457889180255
0,1.14177913905943e-4,6.26608667947488e-4,-0.7394142942900069
0,7.57683915187514e-5,6.26608667947488e-4,-0.9175083304874233
0,6.26608667947488e-4,6.26608667947488e-4,0
0,1.50532894031359e-4,6.26608667947488e-4,-0.6193649871029218
0,1.98022183092616e-5,6.26608667947488e-4,-1.5002825541561136
0,3.30990442167077e-5,6.26608667947488e-4,-1.2771809451624903
0,1.08898282658436e-4,6.26608667947488e-4,-0.7599753673077743
0,6.00927201840966e-4,6.26608667947488e-4,-0.01817453480364802
0,2.14633217384757e-5,6.26608667947488e-4,-1.4652994624720392
0,0.0163388716278754,6.26608667947488e-4,1.4162256623674088
0,6.34673255619948e-4,6.26608667947488e-4,0.005553799812742014
0,6.65912427544363e-5,6.26608667947488e-4,-0.9735792782724366
0,2.90861472085221e-4,6.26608667947488e-4,-0.33331020042495785
0,2.12805963470167e-4,6.26608667947488e-4,-0.46901260418571145
1,0.158609022551648,6.26608667947488e-4,2.403331490506653
0,2.90861472085221e-4,6.65912427544363e-5,0.6402690778474788
0,0.158609022551648,6.65912427544363e-5,3.37691076877909
0,1.08898282658436e-4,6.65912427544363e-5,0.21360391096466236
0,0.00111235642158898,6.65912427544363e-5,1.2228268463587377
1,1.98022183092616e-5,6.65912427544363e-5,-0.526703275883677
0,2.14633217384757e-5,6.65912427544363e-5,-0.4917201841996027
0,7.57683915187514e-5,6.65912427544363e-5,0.05607094778501321
1,6.34673255619948e-4,6.65912427544363e-5,0.9791330780851786
1,0.00112011255753577,6.65912427544363e-5,1.2258445461583403
0,1.50532894031359e-4,6.65912427544363e-5,0.35421429116951475
0,6.26608667947488e-4,6.65912427544363e-5,0.9735792782724366
0,1.14177913905943e-4,6.65912427544363e-5,0.23416498398242963
0,3.30990442167077e-5,6.65912427544363e-5,-0.3036016668900537
0,6.65912427544363e-5,6.65912427544363e-5,0
0,5.50431717429693e-4,6.65912427544363e-5,0.9172863312640294
0,6.00927201840966e-4,6.65912427544363e-5,0.9554047434687886
0,2.12805963470167e-4,6.65912427544363e-5,0.5045666740867252
0,2.03278674102481e-4,6.65912427544363e-5,0.484674699380634
0,0.0163388716278754,6.65912427544363e-5,2.3898049406398454
0,1.95420071675734e-5,6.65912427544363e-5,-0.5324479517206386
0,7.57683915187514e-5,1.50532894031359e-4,-0.2981433433845015
0,5.50431717429693e-4,1.50532894031359e-4,0.5630720400945146
1,1.98022183092616e-5,1.50532894031359e-4,-0.8809175670531919
0,2.03278674102481e-4,1.50532894031359e-4,0.13046040821111923
0,1.08898282658436e-4,1.50532894031359e-4,-0.14061038020485245
0,0.00112011255753577,1.50532894031359e-4,0.8716302549888255
0,6.65912427544363e-5,1.50532894031359e-4,-0.3542142911695148
0,1.14177913905943e-4,1.50532894031359e-4,-0.12004930718708513
0,1.95420071675734e-5,1.50532894031359e-4,-0.8866622428901535
0,2.14633217384757e-5,1.50532894031359e-4,-0.8459344753691174
0,6.34673255619948e-4,1.50532894031359e-4,0.6249187869156638
0,0.0163388716278754,1.50532894031359e-4,2.0355906494703304
0,2.90861472085221e-4,1.50532894031359e-4,0.28605478667796397
0,0.00111235642158898,1.50532894031359e-4,0.868612555189223
0,6.00927201840966e-4,1.50532894031359e-4,0.6011904522992738
0,2.12805963470167e-4,1.50532894031359e-4,0.1503523829172104
1,0.158609022551648,1.50532894031359e-4,3.0226964776095753
0,6.26608667947488e-4,1.50532894031359e-4,0.6193649871029219
0,3.30990442167077e-5,1.50532894031359e-4,-0.6578159580595685
0,1.50532894031359e-4,1.50532894031359e-4,0
0,3.30990442167077e-5,5.50431717429693e-4,-1.2208879981540832
0,6.34673255619948e-4,5.50431717429693e-4,0.0618467468211492
0,1.98022183092616e-5,5.50431717429693e-4,-1.4439896071477065
0,6.26608667947488e-4,5.50431717429693e-4,0.056292947008407174
0,5.50431717429693e-4,5.50431717429693e-4,0
0,1.08898282658436e-4,5.50431717429693e-4,-0.7036824202993671
0,0.00112011255753577,5.50431717429693e-4,0.30855821489431084
0,1.14177913905943e-4,5.50431717429693e-4,-0.6831213472815998
0,1.95420071675734e-5,5.50431717429693e-4,-1.449734282984668
0,1.50532894031359e-4,5.50431717429693e-4,-0.5630720400945146
0,0.0163388716278754,5.50431717429693e-4,1.472518609375816
0,2.12805963470167e-4,5.50431717429693e-4,-0.41271965717730424
0,0.158609022551648,5.50431717429693e-4,2.4596244375150604
0,2.03278674102481e-4,5.50431717429693e-4,-0.4326116318833954
0,6.65912427544363e-5,5.50431717429693e-4,-0.9172863312640294
0,0.00111235642158898,5.50431717429693e-4,0.3055405150947083
0,2.90861472085221e-4,5.50431717429693e-4,-0.27701725341655065
0,6.00927201840966e-4,5.50431717429693e-4,0.03811841220475918
0,2.14633217384757e-5,5.50431717429693e-4,-1.409006515463632
0,7.57683915187514e-5,5.50431717429693e-4,-0.8612153834790162
0,6.65912427544363e-5,0.158609022551648,-3.37691076877909
0,6.34673255619948e-4,0.158609022551648,-2.3977776906939114
0,1.98022183092616e-5,0.158609022551648,-3.903614044662767
0,0.00111235642158898,0.158609022551648,-2.154083922420352
0,2.12805963470167e-4,0.158609022551648,-2.8723440946923646
0,1.95420071675734e-5,0.158609022551648,-3.9093587204997284
0,2.03278674102481e-4,0.158609022551648,-2.892236069398456
0,5.50431717429693e-4,0.158609022551648,-2.4596244375150604
0,2.90861472085221e-4,0.158609022551648,-2.736641690931611
0,6.26608667947488e-4,0.158609022551648,-2.403331490506653
0,3.30990442167077e-5,0.158609022551648,-3.6805124356691437
0,0.00112011255753577,0.158609022551648,-2.1510662226207495
0,1.14177913905943e-4,0.158609022551648,-3.1427457847966602
0,1.50532894031359e-4,0.158609022551648,-3.0226964776095753
0,0.158609022551648,0.158609022551648,0
0,6.00927201840966e-4,0.158609022551648,-2.4215060253103013
0,7.57683915187514e-5,0.158609022551648,-3.3208398209940766
0,0.0163388716278754,0.158609022551648,-0.9871058281392445
0,1.08898282658436e-4,0.158609022551648,-3.1633068578144274
0,2.14633217384757e-5,0.158609022551648,-3.8686309529786924
0,1.08898282658436e-4,0.00111235642158898,-1.0092229353940754
0,6.65912427544363e-5,0.00111235642158898,-1.2228268463587377
0,5.50431717429693e-4,0.00111235642158898,-0.30554051509470836
0,0.00111235642158898,0.00111235642158898,0
0,1.14177913905943e-4,0.00111235642158898,-0.9886618623763082
0,0.00112011255753577,0.00111235642158898,0.0030176997996025036
0,6.26608667947488e-4,0.00111235642158898,-0.2492475680863012
0,1.95420071675734e-5,0.00111235642158898,-1.7552747980793766
0,2.14633217384757e-5,0.00111235642158898,-1.7145470305583403
0,2.12805963470167e-4,0.00111235642158898,-0.7182601722720126
0,1.98022183092616e-5,0.00111235642158898,-1.7495301222424149
0,7.57683915187514e-5,0.00111235642158898,-1.1667558985737245
0,2.03278674102481e-4,0.00111235642158898,-0.7381521469781038
0,6.00927201840966e-4,0.00111235642158898,-0.2674221028899493
0,1.50532894031359e-4,0.00111235642158898,-0.868612555189223
0,0.0163388716278754,0.00111235642158898,1.1669780942811077
0,3.30990442167077e-5,0.00111235642158898,-1.5264285132487916
0,6.34673255619948e-4,0.00111235642158898,-0.24369376827355918
0,2.90861472085221e-4,0.00111235642158898,-0.5825577685112591
0,0.158609022551648,0.00111235642158898,2.154083922420352
0,2.90861472085221e-4,1.08898282658436e-4,0.42666516688281636
0,1.98022183092616e-5,1.08898282658436e-4,-0.7403071868483394
0,2.14633217384757e-5,1.08898282658436e-4,-0.705324095164265
0,5.50431717429693e-4,1.08898282658436e-4,0.7036824202993671
0,1.08898282658436e-4,1.08898282658436e-4,0
0,2.03278674102481e-4,1.08898282658436e-4,0.27107078841597165
0,0.0163388716278754,1.08898282658436e-4,2.176201029675183
0,0.00112011255753577,1.08898282658436e-4,1.012240635193678
0,1.95420071675734e-5,1.08898282658436e-4,-0.746051862685301
0,6.34673255619948e-4,1.08898282658436e-4,0.7655291671205162
0,2.12805963470167e-4,1.08898282658436e-4,0.2909627631220628
0,0.00111235642158898,1.08898282658436e-4,1.0092229353940754
0,6.65912427544363e-5,1.08898282658436e-4,-0.2136039109646623
0,1.50532894031359e-4,1.08898282658436e-4,0.14061038020485245
0,7.57683915187514e-5,1.08898282658436e-4,-0.1575329631796491
1,0.158609022551648,1.08898282658436e-4,3.1633068578144274
0,6.00927201840966e-4,1.08898282658436e-4,0.7418008325041262
0,6.26608667947488e-4,1.08898282658436e-4,0.7599753673077743
0,1.14177913905943e-4,1.08898282658436e-4,0.02056107301776732
0,3.30990442167077e-5,1.08898282658436e-4,-0.517205577854716
0,2.90861472085221e-4,6.34673255619948e-4,-0.33886400023769986
0,1.14177913905943e-4,6.34673255619948e-4,-0.7449680941027489
0,1.95420071675734e-5,6.34673255619948e-4,-1.5115810298058172
0,6.34673255619948e-4,6.34673255619948e-4,0
0,7.57683915187514e-5,6.34673255619948e-4,-0.9230621303001654
0,2.03278674102481e-4,6.34673255619948e-4,-0.4944583787045445
0,6.26608667947488e-4,6.34673255619948e-4,-0.005553799812742008
0,2.12805963470167e-4,6.34673255619948e-4,-0.4745664039984534
0,1.98022183092616e-5,6.34673255619948e-4,-1.5058363539688557
0,6.65912427544363e-5,6.34673255619948e-4,-0.9791330780851786
0,5.50431717429693e-4,6.34673255619948e-4,-0.06184674682114915
0,6.00927201840966e-4,6.34673255619948e-4,-0.02372833461639004
0,1.50532894031359e-4,6.34673255619948e-4,-0.6249187869156638
0,0.0163388716278754,6.34673255619948e-4,1.4106718625546668
0,0.00112011255753577,6.34673255619948e-4,0.24671146807316174
0,2.14633217384757e-5,6.34673255619948e-4,-1.4708532622847812
0,0.158609022551648,6.34673255619948e-4,2.3977776906939114
0,0.00111235642158898,6.34673255619948e-4,0.2436937682735592
0,3.30990442167077e-5,6.34673255619948e-4,-1.2827347449752322
0,1.08898282658436e-4,6.34673255619948e-4,-0.7655291671205162
1,0.00112011255753577,2.14633217384757e-5,1.7175647303579429
1,1.98022183092616e-5,2.14633217384757e-5,-0.03498309168407444
0,1.50532894031359e-4,2.14633217384757e-5,0.8459344753691175
0,6.34673255619948e-4,2.14633217384757e-5,1.4708532622847812
0,2.14633217384757e-5,2.14633217384757e-5,0
0,6.00927201840966e-4,2.14633217384757e-5,1.4471249276683913
0,1.14177913905943e-4,2.14633217384757e-5,0.7258851681820323
0,6.26608667947488e-4,2.14633217384757e-5,1.4652994624720392
1,0.158609022551648,2.14633217384757e-5,3.8686309529786924
0,2.03278674102481e-4,2.14633217384757e-5,0.9763948835802366
0,0.00111235642158898,2.14633217384757e-5,1.7145470305583403
0,1.95420071675734e-5,2.14633217384757e-5,-0.04072776752103602
0,3.30990442167077e-5,2.14633217384757e-5,0.1881185173095489
0,1.08898282658436e-4,2.14633217384757e-5,0.705324095164265
0,2.90861472085221e-4,2.14633217384757e-5,1.1319892620470815
0,7.57683915187514e-5,2.14633217384757e-5,0.5477911319846158
0,6.65912427544363e-5,2.14633217384757e-5,0.4917201841996026
0,2.12805963470167e-4,2.14633217384757e-5,0.9962868582863278
0,0.0163388716278754,2.14633217384757e-5,2.881525124839448
0,5.50431717429693e-4,2.14633217384757e-5,1.409006515463632
0,1.95420071675734e-5,2.03278674102481e-4,-1.0171226511012728
0,7.57683915187514e-5,2.03278674102481e-4,-0.42860375159562075
0,2.03278674102481e-4,2.03278674102481e-4,0
0,5.50431717429693e-4,2.03278674102481e-4,0.4326116318833954
0,2.14633217384757e-5,2.03278674102481e-4,-0.9763948835802366
0,1.08898282658436e-4,2.03278674102481e-4,-0.27107078841597165
0,3.30990442167077e-5,2.03278674102481e-4,-0.7882763662706878
0,1.14177913905943e-4,2.03278674102481e-4,-0.2505097153982043
0,6.65912427544363e-5,2.03278674102481e-4,-0.48467469938063396
0,0.158609022551648,2.03278674102481e-4,2.892236069398456
0,1.50532894031359e-4,2.03278674102481e-4,-0.13046040821111923
0,0.00111235642158898,2.03278674102481e-4,0.7381521469781037
0,6.26608667947488e-4,2.03278674102481e-4,0.4889045788918026
0,2.12805963470167e-4,2.03278674102481e-4,0.019891974706091112
0,6.34673255619948e-4,2.03278674102481e-4,0.49445837870454457
0,2.90861472085221e-4,2.03278674102481e-4,0.1555943784668447
0,0.00112011255753577,2.03278674102481e-4,0.7411698467777063
0,1.98022183092616e-5,2.03278674102481e-4,-1.011377975264311
0,0.0163388716278754,2.03278674102481e-4,1.9051302412592113
0,6.00927201840966e-4,2.03278674102481e-4,0.4707300440881545
0,1.95420071675734e-5,3.30990442167077e-5,-0.22884628483058492
0,6.34673255619948e-4,3.30990442167077e-5,1.2827347449752322
0,1.14177913905943e-4,3.30990442167077e-5,0.5377666508724833
0,2.90861472085221e-4,3.30990442167077e-5,0.9438707447375325
0,2.14633217384757e-5,3.30990442167077e-5,-0.1881185173095489
0,3.30990442167077e-5,3.30990442167077e-5,0
0,0.00112011255753577,3.30990442167077e-5,1.5294462130483941
0,0.158609022551648,3.30990442167077e-5,3.6805124356691437
0,2.03278674102481e-4,3.30990442167077e-5,0.7882763662706878
0,6.00927201840966e-4,3.30990442167077e-5,1.2590064103588423
0,6.65912427544363e-5,3.30990442167077e-5,0.3036016668900537
0,5.50431717429693e-4,3.30990442167077e-5,1.220887998154083
0,2.12805963470167e-4,3.30990442167077e-5,0.8081683409767789
0,1.50532894031359e-4,3.30990442167077e-5,0.6578159580595685
0,7.57683915187514e-5,3.30990442167077e-5,0.359672614675067
0,0.00111235642158898,3.30990442167077e-5,1.5264285132487916
0,6.26608667947488e-4,3.30990442167077e-5,1.2771809451624903
0,1.98022183092616e-5,3.30990442167077e-5,-0.22310160899362336
0,0.0163388716278754,3.30990442167077e-5,2.6934066075298992
0,1.08898282658436e-4,3.30990442167077e-5,0.5172055778547161
0,2.90861472085221e-4,7.57683915187514e-5,0.5841981300624655
0,2.03278674102481e-4,7.57683915187514e-5,0.4286037515956208
0,2.14633217384757e-5,7.57683915187514e-5,-0.5477911319846158
0,0.00111235642158898,7.57683915187514e-5,1.1667558985737245
0,1.14177913905943e-4,7.57683915187514e-5,0.17809403619741643
0,1.08898282658436e-4,7.57683915187514e-5,0.1575329631796491
0,0.158609022551648,7.57683915187514e-5,3.3208398209940766
0,2.12805963470167e-4,7.57683915187514e-5,0.4484957263017119
0,0.0163388716278754,7.57683915187514e-5,2.333733992854832
0,6.34673255619948e-4,7.57683915187514e-5,0.9230621303001653
0,5.50431717429693e-4,7.57683915187514e-5,0.8612153834790162
0,0.00112011255753577,7.57683915187514e-5,1.169773598373327
0,6.65912427544363e-5,7.57683915187514e-5,-0.056070947785013266
0,1.95420071675734e-5,7.57683915187514e-5,-0.5885188995056518
0,7.57683915187514e-5,7.57683915187514e-5,0
0,1.50532894031359e-4,7.57683915187514e-5,0.29814334338450155
0,3.30990442167077e-5,7.57683915187514e-5,-0.359672614675067
0,1.98022183092616e-5,7.57683915187514e-5,-0.5827742236686904
0,6.26608667947488e-4,7.57683915187514e-5,0.9175083304874234
0,6.00927201840966e-4,7.57683915187514e-5,0.8993337956837754
0,2.03278674102481e-4,1.95420071675734e-5,1.0171226511012728
0,0.00111235642158898,1.95420071675734e-5,1.7552747980793764
0,7.57683915187514e-5,1.95420071675734e-5,0.588518899505652
0,6.34673255619948e-4,1.95420071675734e-5,1.5115810298058172
0,0.0163388716278754,1.95420071675734e-5,2.922252892360484
0,1.08898282658436e-4,1.95420071675734e-5,0.746051862685301
0,1.95420071675734e-5,1.95420071675734e-5,0
0,3.30990442167077e-5,1.95420071675734e-5,0.22884628483058492
0,1.14177913905943e-4,1.95420071675734e-5,0.7666129357030683
0,5.50431717429693e-4,1.95420071675734e-5,1.449734282984668
0,2.14633217384757e-5,1.95420071675734e-5,0.04072776752103602
0,6.65912427544363e-5,1.95420071675734e-5,0.5324479517206386
0,0.00112011255753577,1.95420071675734e-5,1.758292497878979
0,6.26608667947488e-4,1.95420071675734e-5,1.5060272299930753
0,1.50532894031359e-4,1.95420071675734e-5,0.8866622428901535
0,2.12805963470167e-4,1.95420071675734e-5,1.0370146258073638
0,1.98022183092616e-5,1.95420071675734e-5,0.005744675836961552
0,2.90861472085221e-4,1.95420071675734e-5,1.1727170295681173
0,0.158609022551648,1.95420071675734e-5,3.9093587204997284
0,6.00927201840966e-4,1.95420071675734e-5,1.4878526951894273
0,1.08898282658436e-4,0.0163388716278754,-2.176201029675183
0,0.00111235642158898,0.0163388716278754,-1.1669780942811077
0,6.34673255619948e-4,0.0163388716278754,-1.4106718625546668
0,2.14633217384757e-5,0.0163388716278754,-2.881525124839448
0,7.57683915187514e-5,0.0163388716278754,-2.333733992854832
0,1.95420071675734e-5,0.0163388716278754,-2.922252892360484
0,5.50431717429693e-4,0.0163388716278754,-1.472518609375816
0,0.00112011255753577,0.0163388716278754,-1.1639603944815051
0,6.26608667947488e-4,0.0163388716278754,-1.4162256623674088
0,6.00927201840966e-4,0.0163388716278754,-1.434400197171057
0,3.30990442167077e-5,0.0163388716278754,-2.6934066075298992
0,6.65912427544363e-5,0.0163388716278754,-2.3898049406398454
0,1.50532894031359e-4,0.0163388716278754,-2.0355906494703304
0,2.03278674102481e-4,0.0163388716278754,-1.9051302412592115
1,0.158609022551648,0.0163388716278754,0.9871058281392445
0,1.14177913905943e-4,0.0163388716278754,-2.155639956657416
0,2.12805963470167e-4,0.0163388716278754,-1.8852382665531202
0,1.98022183092616e-5,0.0163388716278754,-2.9165082165235225
0,2.90861472085221e-4,0.0163388716278754,-1.7495358627923667
0,0.0163388716278754,0.0163388716278754,0
0,1.98022183092616e-5,1.98022183092616e-5,0
0,2.14633217384757e-5,1.98022183092616e-5,0.034983091684074444
0,1.14177913905943e-4,1.98022183092616e-5,0.7608682598661067
0,1.08898282658436e-4,1.98022183092616e-5,0.7403071868483394
0,7.57683915187514e-5,1.98022183092616e-5,0.5827742236686904
0,1.50532894031359e-4,1.98022183092616e-5,0.8809175670531918
0,5.50431717429693e-4,1.98022183092616e-5,1.4439896071477065
0,0.00111235642158898,1.98022183092616e-5,1.7495301222424149
0,6.34673255619948e-4,1.98022183092616e-5,1.5058363539688555
0,6.26608667947488e-4,1.98022183092616e-5,1.5002825541561136
0,1.95420071675734e-5,1.98022183092616e-5,-0.00574467583696162
0,2.03278674102481e-4,1.98022183092616e-5,1.011377975264311
0,2.12805963470167e-4,1.98022183092616e-5,1.0312699499704023
0,0.158609022551648,1.98022183092616e-5,3.903614044662767
0,0.00112011255753577,1.98022183092616e-5,1.7525478220420174
0,0.0163388716278754,1.98022183092616e-5,2.9165082165235225
0,6.65912427544363e-5,1.98022183092616e-5,0.526703275883677
0,6.00927201840966e-4,1.98022183092616e-5,1.4821080193524656
0,3.30990442167077e-5,1.98022183092616e-5,0.22310160899362338
0,2.90861472085221e-4,1.98022183092616e-5,1.1669723537311558
0,3.30990442167077e-5,1.14177913905943e-4,-0.5377666508724833
0,7.57683915187514e-5,1.14177913905943e-4,-0.17809403619741643
0,2.90861472085221e-4,1.14177913905943e-4,0.4061040938650491
0,0.0163388716278754,1.14177913905943e-4,2.155639956657416
0,1.95420071675734e-5,1.14177913905943e-4,-0.7666129357030683
0,6.65912427544363e-5,1.14177913905943e-4,-0.23416498398242963
0,0.00112011255753577,1.14177913905943e-4,0.9916795621759107
0,0.158609022551648,1.14177913905943e-4,3.1427457847966602
0,6.34673255619948e-4,1.14177913905943e-4,0.7449680941027489
0,1.50532894031359e-4,1.14177913905943e-4,0.12004930718708516
0,5.50431717429693e-4,1.14177913905943e-4,0.6831213472815998
0,2.03278674102481e-4,1.14177913905943e-4,0.2505097153982043
0,1.98022183092616e-5,1.14177913905943e-4,-0.7608682598661067
0,6.26608667947488e-4,1.14177913905943e-4,0.7394142942900069
0,1.14177913905943e-4,1.14177913905943e-4,0
0,2.12805963470167e-4,1.14177913905943e-4,0.2704016901042955
0,0.00111235642158898,1.14177913905943e-4,0.9886618623763082
0,2.14633217384757e-5,1.14177913905943e-4,-0.7258851681820323
0,1.08898282658436e-4,1.14177913905943e-4,-0.020561073017767318
0,6.00927201840966e-4,1.14177913905943e-4,0.7212397594863589
0,1.98022183092616e-5,6.00927201840966e-4,-1.4821080193524656
0,0.158609022551648,6.00927201840966e-4,2.4215060253103013
0,2.14633217384757e-5,6.00927201840966e-4,-1.447124927668391
0,1.95420071675734e-5,6.00927201840966e-4,-1.4878526951894273
0,1.14177913905943e-4,6.00927201840966e-4,-0.7212397594863589
0,2.90861472085221e-4,6.00927201840966e-4,-0.3151356656213098
0,0.00112011255753577,6.00927201840966e-4,0.27043980268955176
0,6.26608667947488e-4,6.00927201840966e-4,0.01817453480364807
0,2.12805963470167e-4,6.00927201840966e-4,-0.4508380693820634
0,6.65912427544363e-5,6.00927201840966e-4,-0.9554047434687886
0,2.03278674102481e-4,6.00927201840966e-4,-0.47073004408815455
0,6.00927201840966e-4,6.00927201840966e-4,0
0,7.57683915187514e-5,6.00927201840966e-4,-0.8993337956837754
0,0.00111235642158898,6.00927201840966e-4,0.2674221028899492
0,0.0163388716278754,6.00927201840966e-4,1.434400197171057
0,3.30990442167077e-5,6.00927201840966e-4,-1.2590064103588423
0,1.50532894031359e-4,6.00927201840966e-4,-0.6011904522992738
0,5.50431717429693e-4,6.00927201840966e-4,-0.03811841220475912
0,6.34673255619948e-4,6.00927201840966e-4,0.02372833461638997
0,1.08898282658436e-4,6.00927201840966e-4,-0.7418008325041262
0,1.97852889156011e-4,1.4313553573212e-4,0.1405949286165896
0,1.48696451921028e-4,1.4313553573212e-4,0.016553138011647657
0,7.57683915187514e-5,1.4313553573212e-4,-0.2762594000933702
0,0.158609022551648,1.4313553573212e-4,3.0445804209007066
0,3.6206708094466e-5,1.4313553573212e-4,-0.596958427179137
1,0.142054162866205,1.4313553573212e-4,2.996706497313219
0,8.84466259638972e-4,1.4313553573212e-4,0.7909338023853287
0,4.63926763544556e-6,1.4313553573212e-4,-1.4892980405124925
0,6.90628524839403e-4,1.4313553573212e-4,0.6834970440919153
0,0.00765371672279505,1.4313553573212e-4,1.728124916363925
0,1.02673901969817e-4,1.4313553573212e-4,-0.14428740078184035
0,3.33314717713717e-4,1.4313553573212e-4,0.36710702278330765
0,3.95466762343965e-4,1.4313553573212e-4,0.44136252053464264
0,1.3049206593246e-4,1.4313553573212e-4,-0.040163360963598335
0,2.86475886097282e-4,1.4313553573212e-4,0.30134060357751236
0,2.83902736558045e-4,1.4313553573212e-4,0.2974221109033561
0,1.01098482131148e-4,1.4313553573212e-4,-0.15100283259246183
0,4.53577563885802e-4,1.4313553573212e-4,0.5009040962982212
1,1.1374216147146,1.4313553573212e-4,3.9001740091668466
0,4.34372260684589e-4,1.4313553573212e-4,0.4821146152807959
1,48.9770688821638,1.4313553573212e-4,5.534245322620975
0,4.82073574540759e-5,1.4313553573212e-4,-0.47263414209083165
0,1.43405321632739e-4,1.4313553573212e-4,8.178000417344065e-4
0,2.38122766221864e-5,1.4313553573212e-4,-0.7789465488208632
0,1.44857972081287e-5,1.4313553573212e-4,-0.9948050667741045
0,2.01183124850846e-5,1.4313553573212e-4,-0.8521559183494426
0,2.98743224508135e-4,1.4313553573212e-4,0.31955059643841244
0,0.00452691926151199,1.4313553573212e-4,1.5000552810004097
0,4.98550150378764e-4,1.4313553573212e-4,0.5419613837519229
0,6.72442127054127e-5,1.4313553573212e-4,-0.32809255460144526
0,1.4313553573212e-4,1.4313553573212e-4,0
0,0.00501399154804295,1.4313553573212e-4,1.5444361297066165
0,1.98119159826358e-5,1.4313553573212e-4,-0.8588209902567154
0,8.84466259638972e-4,48.9770688821638,-4.743311520235646
0,4.34372260684589e-4,48.9770688821638,-5.052130707340178
0,3.6206708094466e-5,48.9770688821638,-6.131203749800111
0,2.86475886097282e-4,48.9770688821638,-5.232904719043462
0,4.98550150378764e-4,48.9770688821638,-4.992283938869051
0,1.44857972081287e-5,48.9770688821638,-6.529050389395079
0,1.1374216147146,48.9770688821638,-1.6340713134541276
0,1.43405321632739e-4,48.9770688821638,-5.53342752257924
0,0.158609022551648,48.9770688821638,-2.4896649017202677
0,6.90628524839403e-4,48.9770688821638,-4.850748278529059
0,2.98743224508135e-4,48.9770688821638,-5.214694726182562
0,1.48696451921028e-4,48.9770688821638,-5.517692184609326
0,1.97852889156011e-4,48.9770688821638,-5.393650394004385
0,4.63926763544556e-6,48.9770688821638,-7.0235433631334665
0,1.3049206593246e-4,48.9770688821638,-5.574408683584573
0,0.00501399154804295,48.9770688821638,-3.989809192914358
0,7.57683915187514e-5,48.9770688821638,-5.810504722714344
0,3.33314717713717e-4,48.9770688821638,-5.167138299837666
0,4.53577563885802e-4,48.9770688821638,-5.0333412263227535
0,6.72442127054127e-5,48.9770688821638,-5.862337877222419
0,48.9770688821638,48.9770688821638,0
0,0.00452691926151199,48.9770688821638,-4.0341900416205645
0,1.98119159826358e-5,48.9770688821638,-6.39306631287769
0,1.4313553573212e-4,48.9770688821638,-5.534245322620975
0,2.01183124850846e-5,48.9770688821638,-6.386401240970417
0,2.83902736558045e-4,48.9770688821638,-5.236823211717618
0,1.02673901969817e-4,48.9770688821638,-5.678532723402815
0,4.82073574540759e-5,48.9770688821638,-6.006879464711806
0,3.95466762343965e-4,48.9770688821638,-5.092882802086332
0,1.01098482131148e-4,48.9770688821638,-5.685248155213436
0,2.38122766221864e-5,48.9770688821638,-6.313191871441838
0,0.00765371672279505,48.9770688821638,-3.8061204062570493
0,0.142054162866205,48.9770688821638,-2.537538825307755
0,3.6206708094466e-5,6.72442127054127e-5,-0.26886587257769173
0,1.43405321632739e-4,6.72442127054127e-5,0.32891035464317964
1,48.9770688821638,6.72442127054127e-5,5.862337877222419
0,1.44857972081287e-5,6.72442127054127e-5,-0.6667125121726593
0,4.82073574540759e-5,6.72442127054127e-5,-0.14454158748938634
0,1.4313553573212e-4,6.72442127054127e-5,0.32809255460144526
0,1.01098482131148e-4,6.72442127054127e-5,0.17708972200898346
0,7.57683915187514e-5,6.72442127054127e-5,0.051833154508075026
0,4.34372260684589e-4,6.72442127054127e-5,0.8102071698822412
1,0.158609022551648,6.72442127054127e-5,3.3726729755021516
0,1.97852889156011e-4,6.72442127054127e-5,0.4686874832180349
0,6.90628524839403e-4,6.72442127054127e-5,1.0115895986933605
0,2.01183124850846e-5,6.72442127054127e-5,-0.5240633637479973
0,1.98119159826358e-5,6.72442127054127e-5,-0.5307284356552702
0,0.00501399154804295,6.72442127054127e-5,1.8725286843080617
0,2.83902736558045e-4,6.72442127054127e-5,0.6255146655048014
0,2.38122766221864e-5,6.72442127054127e-5,-0.45085399421941796
0,4.53577563885802e-4,6.72442127054127e-5,0.8289966508996665
0,6.72442127054127e-5,6.72442127054127e-5,0
0,1.48696451921028e-4,6.72442127054127e-5,0.34464569261309286
1,4.98550150378764e-4,6.72442127054127e-5,0.8700539383533682
0,8.84466259638972e-4,6.72442127054127e-5,1.119026356986774
1,4.63926763544556e-6,6.72442127054127e-5,-1.1612054859110472
1,1.1374216147146,6.72442127054127e-5,4.228266563768292
0,3.33314717713717e-4,6.72442127054127e-5,0.6951995773847529
0,2.86475886097282e-4,6.72442127054127e-5,0.6294331581789576
1,0.142054162866205,6.72442127054127e-5,3.3247990519146646
0,0.00452691926151199,6.72442127054127e-5,1.828147835601855
0,0.00765371672279505,6.72442127054127e-5,2.05621747096537
0,1.02673901969817e-4,6.72442127054127e-5,0.18380515381960488
0,3.95466762343965e-4,6.72442127054127e-5,0.7694550751360879
0,1.3049206593246e-4,6.72442127054127e-5,0.2879291936378469
0,2.98743224508135e-4,6.72442127054127e-5,0.6476431510398577
0,6.90628524839403e-4,8.84466259638972e-4,-0.10743675829341352
0,4.34372260684589e-4,8.84466259638972e-4,-0.3088191871045328
0,0.00765371672279505,8.84466259638972e-4,0.9371911139785962
0,2.83902736558045e-4,8.84466259638972e-4,-0.4935116914819726
0,6.72442127054127e-5,8.84466259638972e-4,-1.119026356986774
0,2.86475886097282e-4,8.84466259638972e-4,-0.4895931988078163
0,1.44857972081287e-5,8.84466259638972e-4,-1.7857388691594331
1,0.142054162866205,8.84466259638972e-4,2.205772694927891
0,1.48696451921028e-4,8.84466259638972e-4,-0.7743806643736811
0,4.53577563885802e-4,8.84466259638972e-4,-0.29002970608710754
0,4.98550150378764e-4,8.84466259638972e-4,-0.2489724186334058
0,1.4313553573212e-4,8.84466259638972e-4,-0.7909338023853287
0,1.97852889156011e-4,8.84466259638972e-4,-0.6503388737687391
0,1.98119159826358e-5,8.84466259638972e-4,-1.6497547926420442
0,1.43405321632739e-4,8.84466259638972e-4,-0.7901160023435944
0,0.00501399154804295,8.84466259638972e-4,0.7535023273212877
0,4.82073574540759e-5,8.84466259638972e-4,-1.2635679444761603
0,2.38122766221864e-5,8.84466259638972e-4,-1.5698803512061918
0,3.33314717713717e-4,8.84466259638972e-4,-0.4238267796020211
0,7.57683915187514e-5,8.84466259638972e-4,-1.067193202478699
0,1.3049206593246e-4,8.84466259638972e-4,-0.831097163348927
0,1.01098482131148e-4,8.84466259638972e-4,-0.9419366349777905
0,3.6206708094466e-5,8.84466259638972e-4,-1.3878922295644658
0,2.01183124850846e-5,8.84466259638972e-4,-1.6430897207347714
1,0.158609022551648,8.84466259638972e-4,2.253646618515378
0,0.00452691926151199,8.84466259638972e-4,0.709121478615081
0,3.95466762343965e-4,8.84466259638972e-4,-0.3495712818506861
0,8.84466259638972e-4,8.84466259638972e-4,0
0,1.02673901969817e-4,8.84466259638972e-4,-0.9352212031671691
0,4.63926763544556e-6,8.84466259638972e-4,-2.2802318428978214
1,1.1374216147146,8.84466259638972e-4,3.109240206781518
0,2.98743224508135e-4,8.84466259638972e-4,-0.47138320594691624
0,48.9770688821638,8.84466259638972e-4,4.743311520235646
0,3.95466762343965e-4,0.00452691926151199,-1.0586927604657672
0,4.34372260684589e-4,0.00452691926151199,-1.0179406657196137
0,6.90628524839403e-4,0.00452691926151199,-0.8165582369084945
0,8.84466259638972e-4,0.00452691926151199,-0.709121478615081
0,4.53577563885802e-4,0.00452691926151199,-0.9991511847021886
0,1.4313553573212e-4,0.00452691926151199,-1.5000552810004097
0,6.72442127054127e-5,0.00452691926151199,-1.828147835601855
0,1.02673901969817e-4,0.00452691926151199,-1.6443426817822502
0,4.82073574540759e-5,0.00452691926151199,-1.9726894230912413
0,1.3049206593246e-4,0.00452691926151199,-1.540218641964008
0,4.98550150378764e-4,0.00452691926151199,-0.9580938972484868
0,2.01183124850846e-5,0.00452691926151199,-2.3522111993498522
0,1.48696451921028e-4,0.00452691926151199,-1.4835021429887623
0,0.00765371672279505,0.00452691926151199,0.22806963536351518
0,0.142054162866205,0.00452691926151199,1.4966512163128096
0,1.98119159826358e-5,0.00452691926151199,-2.358876271257125
0,0.00501399154804295,0.00452691926151199,0.0443808487062067
0,7.57683915187514e-5,0.00452691926151199,-1.77631468109378
0,2.38122766221864e-5,0.00452691926151199,-2.279001829821273
0,1.43405321632739e-4,0.00452691926151199,-1.4992374809586753
0,3.6206708094466e-5,0.00452691926151199,-2.0970137081795466
0,2.86475886097282e-4,0.00452691926151199,-1.1987146774228974
0,2.98743224508135e-4,0.00452691926151199,-1.1805046845619973
0,0.158609022551648,0.00452691926151199,1.5445251399002968
0,3.33314717713717e-4,0.00452691926151199,-1.1329482582171022
0,1.01098482131148e-4,0.00452691926151199,-1.6510581135928715
0,1.44857972081287e-5,0.00452691926151199,-2.494860347774514
0,2.83902736558045e-4,0.00452691926151199,-1.2026331700970536
0,48.9770688821638,0.00452691926151199,4.0341900416205645
0,1.97852889156011e-4,0.00452691926151199,-1.35946035238382
1,1.1374216147146,0.00452691926151199,2.400118728166437
0,4.63926763544556e-6,0.00452691926151199,-2.9893533215129025
0,0.00452691926151199,0.00452691926151199,0
0,4.63926763544556e-6,4.82073574540759e-5,-1.016663898421661
0,4.34372260684589e-4,4.82073574540759e-5,0.9547487573716275
0,1.01098482131148e-4,4.82073574540759e-5,0.3216313094983698
0,1.3049206593246e-4,4.82073574540759e-5,0.43247078112723325
0,4.98550150378764e-4,4.82073574540759e-5,1.0145955258427546
0,1.43405321632739e-4,4.82073574540759e-5,0.473451942132566
0,0.00765371672279505,4.82073574540759e-5,2.2007590584547567
0,1.44857972081287e-5,4.82073574540759e-5,-0.5221709246832729
0,2.86475886097282e-4,4.82073574540759e-5,0.773974745668344
0,48.9770688821638,4.82073574540759e-5,6.006879464711806
0,8.84466259638972e-4,4.82073574540759e-5,1.2635679444761603
0,0.142054162866205,4.82073574540759e-5,3.469340639404051
0,6.72442127054127e-5,4.82073574540759e-5,0.14454158748938636
0,0.158609022551648,4.82073574540759e-5,3.517214562991538
0,2.01183124850846e-5,4.82073574540759e-5,-0.379521776258611
0,3.33314717713717e-4,4.82073574540759e-5,0.8397411648741393
1,1.4313553573212e-4,4.82073574540759e-5,0.4726341420908316
0,0.00501399154804295,4.82073574540759e-5,2.017070271797448
1,1.1374216147146,4.82073574540759e-5,4.372808151257678
0,2.83902736558045e-4,4.82073574540759e-5,0.7700562529941877
0,2.38122766221864e-5,4.82073574540759e-5,-0.30631240673003163
0,3.6206708094466e-5,4.82073574540759e-5,-0.12432428508830543
0,2.98743224508135e-4,4.82073574540759e-5,0.792184738529244
0,1.02673901969817e-4,4.82073574540759e-5,0.3283467413089913
0,1.48696451921028e-4,4.82073574540759e-5,0.48918728010247925
0,6.90628524839403e-4,4.82073574540759e-5,1.1561311861827468
0,3.95466762343965e-4,4.82073574540759e-5,0.9139966626254743
0,0.00452691926151199,4.82073574540759e-5,1.9726894230912413
0,4.53577563885802e-4,4.82073574540759e-5,0.9735382383890528
0,1.97852889156011e-4,4.82073574540759e-5,0.6132290707074213
0,4.82073574540759e-5,4.82073574540759e-5,0
0,7.57683915187514e-5,4.82073574540759e-5,0.19637474199746138
0,1.98119159826358e-5,4.82073574540759e-5,-0.38618684816588383
0,2.83902736558045e-4,1.98119159826358e-5,1.1562431011600716
0,48.9770688821638,1.98119159826358e-5,6.39306631287769
0,7.57683915187514e-5,1.98119159826358e-5,0.5825615901633452
0,1.4313553573212e-4,1.98119159826358e-5,0.8588209902567154
0,1.02673901969817e-4,1.98119159826358e-5,0.7145335894748751
0,0.00765371672279505,1.98119159826358e-5,2.5869459066206404
1,0.00452691926151199,1.98119159826358e-5,2.358876271257125
0,1.97852889156011e-4,1.98119159826358e-5,0.999415918873305
0,2.86475886097282e-4,1.98119159826358e-5,1.1601615938342278
0,1.1374216147146,1.98119159826358e-5,4.758994999423562
0,3.33314717713717e-4,1.98119159826358e-5,1.2259280130400232
0,1.3049206593246e-4,1.98119159826358e-5,0.8186576292931171
0,0.158609022551648,1.98119159826358e-5,3.903401411157422
0,1.44857972081287e-5,1.98119159826358e-5,-0.13598407651738903
0,6.90628524839403e-4,1.98119159826358e-5,1.5423180343486307
0,1.01098482131148e-4,1.98119159826358e-5,0.7078181576642537
0,1.43405321632739e-4,1.98119159826358e-5,0.8596387902984498
0,2.38122766221864e-5,1.98119159826358e-5,0.07987444143585228
0,2.01183124850846e-5,1.98119159826358e-5,0.006665071907272877
0,4.53577563885802e-4,1.98119159826358e-5,1.3597250865549366
0,1.98119159826358e-5,1.98119159826358e-5,0
0,3.95466762343965e-4,1.98119159826358e-5,1.3001835107913582
0,8.84466259638972e-4,1.98119159826358e-5,1.6497547926420442
0,0.142054162866205,1.98119159826358e-5,3.855527487569935
0,0.00501399154804295,1.98119159826358e-5,2.403257119963332
0,1.48696451921028e-4,1.98119159826358e-5,0.8753741282683631
0,6.72442127054127e-5,1.98119159826358e-5,0.5307284356552702
0,3.6206708094466e-5,1.98119159826358e-5,0.26186256307757844
0,4.63926763544556e-6,1.98119159826358e-5,-0.630477050255777
0,2.98743224508135e-4,1.98119159826358e-5,1.1783715866951279
0,4.98550150378764e-4,1.98119159826358e-5,1.4007823740086385
0,4.34372260684589e-4,1.98119159826358e-5,1.3409356055375115
0,4.82073574540759e-5,1.98119159826358e-5,0.38618684816588383
0,0.00765371672279505,1.43405321632739e-4,1.7273071163221905
0,4.53577563885802e-4,1.43405321632739e-4,0.5000862962564868
1,4.98550150378764e-4,1.43405321632739e-4,0.5411435837101886
0,4.34372260684589e-4,1.43405321632739e-4,0.4812968152390615
0,3.95466762343965e-4,1.43405321632739e-4,0.44054472049290816
0,2.98743224508135e-4,1.43405321632739e-4,0.31873279639667806
0,1.48696451921028e-4,1.43405321632739e-4,0.015735337969913193
0,4.63926763544556e-6,1.43405321632739e-4,-1.490115840554227
0,1.98119159826358e-5,1.43405321632739e-4,-0.8596387902984498
0,3.33314717713717e-4,1.43405321632739e-4,0.3662892227415732
1,0.00452691926151199,1.43405321632739e-4,1.4992374809586755
0,0.142054162866205,1.43405321632739e-4,2.995888697271485
0,4.82073574540759e-5,1.43405321632739e-4,-0.473451942132566
1,1.1374216147146,1.43405321632739e-4,3.8993562091251124
0,1.44857972081287e-5,1.43405321632739e-4,-0.9956228668158389
0,2.01183124850846e-5,1.43405321632739e-4,-0.852973718391177
0,1.3049206593246e-4,1.43405321632739e-4,-0.04098116100533272
0,6.90628524839403e-4,1.43405321632739e-4,0.6826792440501808
0,2.86475886097282e-4,1.43405321632739e-4,0.3005228035357779
0,0.158609022551648,1.43405321632739e-4,3.043762620858972
0,1.4313553573212e-4,1.43405321632739e-4,-8.178000417343984e-4
0,3.6206708094466e-5,1.43405321632739e-4,-0.5977762272208714
0,7.57683915187514e-5,1.43405321632739e-4,-0.2770772001351046
0,6.72442127054127e-5,1.43405321632739e-4,-0.32891035464317964
0,1.43405321632739e-4,1.43405321632739e-4,0
0,1.02673901969817e-4,1.43405321632739e-4,-0.14510520082357473
0,2.38122766221864e-5,1.43405321632739e-4,-0.7797643488625976
0,0.00501399154804295,1.43405321632739e-4,1.543618329664882
0,48.9770688821638,1.43405321632739e-4,5.53342752257924
0,1.97852889156011e-4,1.43405321632739e-4,0.13977712857485525
0,2.83902736558045e-4,1.43405321632739e-4,0.29660431086162165
0,8.84466259638972e-4,1.43405321632739e-4,0.7901160023435944
0,1.01098482131148e-4,1.43405321632739e-4,-0.1518206326341962
0,4.34372260684589e-4,4.34372260684589e-4,0
0,2.01183124850846e-5,4.34372260684589e-4,-1.3342705336302385
0,1.3049206593246e-4,4.34372260684589e-4,-0.5222779762443942
0,3.95466762343965e-4,4.34372260684589e-4,-0.040752094746153274
1,0.142054162866205,4.34372260684589e-4,2.5145918820324233
0,4.82073574540759e-5,4.34372260684589e-4,-0.9547487573716275
0,2.98743224508135e-4,4.34372260684589e-4,-0.16256401884238347
1,2.86475886097282e-4,4.34372260684589e-4,-0.18077401170328358
0,8.84466259638972e-4,4.34372260684589e-4,0.3088191871045328
0,4.98550150378764e-4,4.34372260684589e-4,0.059846768471127035
0,0.00501399154804295,4.34372260684589e-4,1.0623215144258205
0,1.98119159826358e-5,4.34372260684589e-4,-1.3409356055375115
0,6.72442127054127e-5,4.34372260684589e-4,-0.8102071698822412
0,2.83902736558045e-4,4.34372260684589e-4,-0.18469250437743984
0,2.38122766221864e-5,4.34372260684589e-4,-1.2610611641016591
1,1.4313553573212e-4,4.34372260684589e-4,-0.4821146152807959
0,3.33314717713717e-4,4.34372260684589e-4,-0.11500759249748825
0,1.44857972081287e-5,4.34372260684589e-4,-1.4769196820549004
0,6.90628524839403e-4,4.34372260684589e-4,0.2013824288111193
0,7.57683915187514e-5,4.34372260684589e-4,-0.7583740153741662
0,48.9770688821638,4.34372260684589e-4,5.052130707340178
0,1.48696451921028e-4,4.34372260684589e-4,-0.4655614772691483
0,4.63926763544556e-6,4.34372260684589e-4,-1.9714126557932885
0,0.00452691926151199,4.34372260684589e-4,1.0179406657196137
0,1.43405321632739e-4,4.34372260684589e-4,-0.4812968152390615
1,1.1374216147146,4.34372260684589e-4,3.418059393886051
0,1.97852889156011e-4,4.34372260684589e-4,-0.3415196866642063
0,0.00765371672279505,4.34372260684589e-4,1.2460103010831292
0,4.53577563885802e-4,4.34372260684589e-4,0.018789481017425336
0,1.01098482131148e-4,4.34372260684589e-4,-0.6331174478732577
0,0.158609022551648,4.34372260684589e-4,2.5624658056199108
0,1.02673901969817e-4,4.34372260684589e-4,-0.6264020160626362
0,3.6206708094466e-5,4.34372260684589e-4,-1.0790730424599329
0,7.57683915187514e-5,0.00501399154804295,-1.8206955297999867
0,2.83902736558045e-4,0.00501399154804295,-1.2470140188032603
0,3.33314717713717e-4,0.00501399154804295,-1.1773291069233087
0,2.86475886097282e-4,0.00501399154804295,-1.2430955261291041
0,3.95466762343965e-4,0.00501399154804295,-1.103073609171974
0,0.00765371672279505,0.00501399154804295,0.18368878665730848
0,1.97852889156011e-4,0.00501399154804295,-1.403841201090027
0,1.4313553573212e-4,0.00501399154804295,-1.5444361297066165
1,48.9770688821638,0.00501399154804295,3.989809192914358
0,2.38122766221864e-5,0.00501399154804295,-2.3233826785274796
0,0.00501399154804295,0.00501399154804295,0
0,1.48696451921028e-4,0.00501399154804295,-1.5278829916949688
1,0.158609022551648,0.00501399154804295,1.5001442911940899
1,1.1374216147146,0.00501399154804295,2.3557378794602304
0,4.34372260684589e-4,0.00501399154804295,-1.0623215144258207
0,1.02673901969817e-4,0.00501399154804295,-1.6887235304884567
0,1.43405321632739e-4,0.00501399154804295,-1.543618329664882
0,4.82073574540759e-5,0.00501399154804295,-2.017070271797448
0,8.84466259638972e-4,0.00501399154804295,-0.7535023273212877
0,1.98119159826358e-5,0.00501399154804295,-2.4032571199633317
0,3.6206708094466e-5,0.00501399154804295,-2.1413945568857535
0,1.3049206593246e-4,0.00501399154804295,-1.5845994906702148
0,4.98550150378764e-4,0.00501399154804295,-1.0024747459546934
0,1.01098482131148e-4,0.00501399154804295,-1.6954389622990782
0,4.63926763544556e-6,0.00501399154804295,-3.033734170219109
0,4.53577563885802e-4,0.00501399154804295,-1.0435320334083953
0,6.72442127054127e-5,0.00501399154804295,-1.8725286843080617
0,2.98743224508135e-4,0.00501399154804295,-1.224885533268204
0,2.01183124850846e-5,0.00501399154804295,-2.396592048056059
0,0.142054162866205,0.00501399154804295,1.4522703676066029
0,6.90628524839403e-4,0.00501399154804295,-0.8609390856147013
0,1.44857972081287e-5,0.00501399154804295,-2.539241196480721
0,0.00452691926151199,0.00501399154804295,-0.044380848706206726
0,0.00765371672279505,4.98550150378764e-4,1.1861635326120021
0,1.4313553573212e-4,4.98550150378764e-4,-0.5419613837519229
0,2.83902736558045e-4,4.98550150378764e-4,-0.24453927284856686
0,1.43405321632739e-4,4.98550150378764e-4,-0.5411435837101886
0,0.00501399154804295,4.98550150378764e-4,1.0024747459546934
0,4.53577563885802e-4,4.98550150378764e-4,-0.04105728745370175
0,4.98550150378764e-4,4.98550150378764e-4,0
0,6.90628524839403e-4,4.98550150378764e-4,0.14153566033999226
0,3.6206708094466e-5,4.98550150378764e-4,-1.13891981093106
0,4.34372260684589e-4,4.98550150378764e-4,-0.05984676847112701
0,1.01098482131148e-4,4.98550150378764e-4,-0.6929642163443848
1,4.63926763544556e-6,4.98550150378764e-4,-2.0312594242644155
0,2.86475886097282e-4,4.98550150378764e-4,-0.24062078017441055
0,48.9770688821638,4.98550150378764e-4,4.992283938869051
0,1.02673901969817e-4,4.98550150378764e-4,-0.6862487845337634
0,8.84466259638972e-4,4.98550150378764e-4,0.24897241863340577
0,3.33314717713717e-4,4.98550150378764e-4,-0.1748543609686153
0,1.44857972081287e-5,4.98550150378764e-4,-1.5367664505260274
0,7.57683915187514e-5,4.98550150378764e-4,-0.8182207838452932
0,4.82073574540759e-5,4.98550150378764e-4,-1.0145955258427546
0,1.98119159826358e-5,4.98550150378764e-4,-1.4007823740086385
0,6.72442127054127e-5,4.98550150378764e-4,-0.8700539383533682
0,0.158609022551648,4.98550150378764e-4,2.5026190371487838
0,1.97852889156011e-4,4.98550150378764e-4,-0.40136645513533337
0,2.98743224508135e-4,4.98550150378764e-4,-0.22241078731351052
1,0.142054162866205,4.98550150378764e-4,2.4547451135612963
0,1.3049206593246e-4,4.98550150378764e-4,-0.5821247447155213
0,2.38122766221864e-5,4.98550150378764e-4,-1.3209079325727862
1,0.00452691926151199,4.98550150378764e-4,0.9580938972484868
0,3.95466762343965e-4,4.98550150378764e-4,-0.10059886321728033
0,2.01183124850846e-5,4.98550150378764e-4,-1.3941173021013655
0,1.48696451921028e-4,4.98550150378764e-4,-0.5254082457402753
1,1.1374216147146,4.98550150378764e-4,3.358212625414924
0,1.01098482131148e-4,1.3049206593246e-4,-0.11083947162886346
1,2.98743224508135e-4,1.3049206593246e-4,0.3597139574020108
1,0.00452691926151199,1.3049206593246e-4,1.540218641964008
0,0.00501399154804295,1.3049206593246e-4,1.5845994906702148
0,2.38122766221864e-5,1.3049206593246e-4,-0.7387831878572648
1,1.4313553573212e-4,1.3049206593246e-4,0.04016336096359835
1,3.33314717713717e-4,1.3049206593246e-4,0.407270383746906
1,0.158609022551648,1.3049206593246e-4,3.084743781864305
0,4.63926763544556e-6,1.3049206593246e-4,-1.4491346795488942
0,6.90628524839403e-4,1.3049206593246e-4,0.7236604050555135
0,3.6206708094466e-5,1.3049206593246e-4,-0.5567950662155388
0,2.01183124850846e-5,1.3049206593246e-4,-0.8119925573858443
0,1.97852889156011e-4,1.3049206593246e-4,0.18075828958018794
0,2.83902736558045e-4,1.3049206593246e-4,0.33758547186695437
0,2.86475886097282e-4,1.3049206593246e-4,0.3415039645411107
0,1.3049206593246e-4,1.3049206593246e-4,0
1,0.00765371672279505,1.3049206593246e-4,1.7682882773275233
1,8.84466259638972e-4,1.3049206593246e-4,0.831097163348927
0,3.95466762343965e-4,1.3049206593246e-4,0.481525881498241
0,1.43405321632739e-4,1.3049206593246e-4,0.04098116100533273
1,48.9770688821638,1.3049206593246e-4,5.574408683584573
1,1.1374216147146,1.3049206593246e-4,3.940337370130445
0,7.57683915187514e-5,1.3049206593246e-4,-0.23609603912977192
0,1.48696451921028e-4,1.3049206593246e-4,0.05671649897524596
0,1.02673901969817e-4,1.3049206593246e-4,-0.10412403981824199
1,0.142054162866205,1.3049206593246e-4,3.036869858276818
0,4.34372260684589e-4,1.3049206593246e-4,0.5222779762443942
1,4.98550150378764e-4,1.3049206593246e-4,0.5821247447155213
0,1.44857972081287e-5,1.3049206593246e-4,-0.9546417058105061
0,4.82073574540759e-5,1.3049206593246e-4,-0.43247078112723325
1,6.72442127054127e-5,1.3049206593246e-4,-0.2879291936378469
0,4.53577563885802e-4,1.3049206593246e-4,0.5410674572618196
0,1.98119159826358e-5,1.3049206593246e-4,-0.8186576292931171
1,1.1374216147146,4.53577563885802e-4,3.3992699128686255
0,2.86475886097282e-4,4.53577563885802e-4,-0.19956349272070886
0,0.00501399154804295,4.53577563885802e-4,1.0435320334083953
0,0.00765371672279505,4.53577563885802e-4,1.2272208200657038
0,4.82073574540759e-5,4.53577563885802e-4,-0.9735382383890527
0,2.98743224508135e-4,4.53577563885802e-4,-0.18135349985980875
0,6.90628524839403e-4,4.53577563885802e-4,0.18259294779369403
0,1.4313553573212e-4,4.53577563885802e-4,-0.5009040962982212
0,1.48696451921028e-4,4.53577563885802e-4,-0.48435095828657354
0,8.84466259638972e-4,4.53577563885802e-4,0.29002970608710754
0,3.6206708094466e-5,4.53577563885802e-4,-1.0978625234773582
0,4.63926763544556e-6,4.53577563885802e-4,-1.9902021368107137
1,4.98550150378764e-4,4.53577563885802e-4,0.04105728745370178
0,0.142054162866205,4.53577563885802e-4,2.495802401014998
0,7.57683915187514e-5,4.53577563885802e-4,-0.7771634963915914
0,4.53577563885802e-4,4.53577563885802e-4,0
0,48.9770688821638,4.53577563885802e-4,5.0333412263227535
0,1.98119159826358e-5,4.53577563885802e-4,-1.3597250865549366
0,1.3049206593246e-4,4.53577563885802e-4,-0.5410674572618195
0,3.33314717713717e-4,4.53577563885802e-4,-0.13379707351491357
0,1.97852889156011e-4,4.53577563885802e-4,-0.36030916768163157
0,2.38122766221864e-5,4.53577563885802e-4,-1.2798506451190843
0,1.43405321632739e-4,4.53577563885802e-4,-0.5000862962564868
0,6.72442127054127e-5,4.53577563885802e-4,-0.8289966508996665
0,1.01098482131148e-4,4.53577563885802e-4,-0.651906928890683
0,3.95466762343965e-4,4.53577563885802e-4,-0.0595415757635786
0,2.83902736558045e-4,4.53577563885802e-4,-0.20348198539486514
0,0.00452691926151199,4.53577563885802e-4,0.9991511847021886
0,1.44857972081287e-5,4.53577563885802e-4,-1.4957091630723256
0,4.34372260684589e-4,4.53577563885802e-4,-0.018789481017425287
0,2.01183124850846e-5,4.53577563885802e-4,-1.353060014647664
0,1.02673901969817e-4,4.53577563885802e-4,-0.6451914970800615
0,0.158609022551648,4.53577563885802e-4,2.5436763246024854
0,3.95466762343965e-4,6.90628524839403e-4,-0.2421345235572726
0,3.6206708094466e-5,6.90628524839403e-4,-1.2804554712710523
0,1.02673901969817e-4,6.90628524839403e-4,-0.8277844448737556
0,6.90628524839403e-4,6.90628524839403e-4,0
0,1.48696451921028e-4,6.90628524839403e-4,-0.6669439060802677
0,2.38122766221864e-5,6.90628524839403e-4,-1.4624435929127784
0,1.3049206593246e-4,6.90628524839403e-4,-0.7236604050555135
0,1.44857972081287e-5,6.90628524839403e-4,-1.6783021108660197
0,3.33314717713717e-4,6.90628524839403e-4,-0.31639002130860755
0,1.97852889156011e-4,6.90628524839403e-4,-0.5429021154753256
0,1.4313553573212e-4,6.90628524839403e-4,-0.6834970440919153
0,0.00452691926151199,6.90628524839403e-4,0.8165582369084946
0,1.01098482131148e-4,6.90628524839403e-4,-0.8344998766843771
0,2.83902736558045e-4,6.90628524839403e-4,-0.3860749331885591
0,4.82073574540759e-5,6.90628524839403e-4,-1.1561311861827468
0,0.142054162866205,6.90628524839403e-4,2.313209453221304
0,7.57683915187514e-5,6.90628524839403e-4,-0.9597564441852855
0,0.00765371672279505,6.90628524839403e-4,1.0446278722720097
0,4.63926763544556e-6,6.90628524839403e-4,-2.1727950846044077
0,0.00501399154804295,6.90628524839403e-4,0.8609390856147012
0,8.84466259638972e-4,6.90628524839403e-4,0.10743675829341348
0,1.1374216147146,6.90628524839403e-4,3.2166769650749316
0,2.01183124850846e-5,6.90628524839403e-4,-1.5356529624413577
0,48.9770688821638,6.90628524839403e-4,4.850748278529059
0,2.98743224508135e-4,6.90628524839403e-4,-0.36394644765350276
0,0.158609022551648,6.90628524839403e-4,2.361083376808791
0,1.43405321632739e-4,6.90628524839403e-4,-0.6826792440501808
0,4.53577563885802e-4,6.90628524839403e-4,-0.18259294779369398
0,4.34372260684589e-4,6.90628524839403e-4,-0.2013824288111193
0,2.86475886097282e-4,6.90628524839403e-4,-0.38215644051440284
0,4.98550150378764e-4,6.90628524839403e-4,-0.1415356603399923
0,1.98119159826358e-5,6.90628524839403e-4,-1.5423180343486307
0,6.72442127054127e-5,6.90628524839403e-4,-1.0115895986933605
0,0.158609022551648,0.158609022551648,0
0,0.00452691926151199,0.158609022551648,-1.5445251399002968
0,2.86475886097282e-4,0.158609022551648,-2.743239817323194
0,3.95466762343965e-4,0.158609022551648,-2.603217900366064
0,1.44857972081287e-5,0.158609022551648,-4.039385487674811
0,4.98550150378764e-4,0.158609022551648,-2.5026190371487833
0,7.57683915187514e-5,0.158609022551648,-3.3208398209940766
0,4.63926763544556e-6,0.158609022551648,-4.533878461413199
0,1.4313553573212e-4,0.158609022551648,-3.0445804209007066
0,0.00765371672279505,0.158609022551648,-1.3164555045367814
0,4.82073574540759e-5,0.158609022551648,-3.517214562991538
0,2.01183124850846e-5,0.158609022551648,-3.896736339250149
0,8.84466259638972e-4,0.158609022551648,-2.253646618515378
0,4.34372260684589e-4,0.158609022551648,-2.5624658056199108
0,1.02673901969817e-4,0.158609022551648,-3.188867821682547
0,2.38122766221864e-5,0.158609022551648,-3.8235269697215695
0,6.90628524839403e-4,0.158609022551648,-2.361083376808791
0,1.3049206593246e-4,0.158609022551648,-3.084743781864305
0,2.98743224508135e-4,0.158609022551648,-2.725029824462294
0,1.43405321632739e-4,0.158609022551648,-3.043762620858972
0,3.33314717713717e-4,0.158609022551648,-2.677473398117399
0,3.6206708094466e-5,0.158609022551648,-3.6415388480798434
0,1.48696451921028e-4,0.158609022551648,-3.0280272828890586
0,1.98119159826358e-5,0.158609022551648,-3.903401411157422
0,0.142054162866205,0.158609022551648,-0.047873923587487106
0,1.1374216147146,0.158609022551648,0.8555935882661403
0,48.9770688821638,0.158609022551648,2.4896649017202677
0,1.97852889156011e-4,0.158609022551648,-2.9039854922841166
0,2.83902736558045e-4,0.158609022551648,-2.7471583099973502
0,1.01098482131148e-4,0.158609022551648,-3.1955832534931683
0,0.00501399154804295,0.158609022551648,-1.5001442911940899
0,4.53577563885802e-4,0.158609022551648,-2.5436763246024854
0,6.72442127054127e-5,0.158609022551648,-3.3726729755021516
0,3.6206708094466e-5,0.142054162866205,-3.5936649244923564
0,0.00501399154804295,0.142054162866205,-1.4522703676066029
0,0.00765371672279505,0.142054162866205,-1.2685815809492944
0,0.142054162866205,0.142054162866205,0
0,0.00452691926151199,0.142054162866205,-1.4966512163128096
0,4.34372260684589e-4,0.142054162866205,-2.5145918820324233
0,6.72442127054127e-5,0.142054162866205,-3.3247990519146646
0,4.82073574540759e-5,0.142054162866205,-3.469340639404051
0,1.43405321632739e-4,0.142054162866205,-2.995888697271485
0,1.97852889156011e-4,0.142054162866205,-2.8561115686966296
0,1.01098482131148e-4,0.142054162866205,-3.1477093299056813
0,1.4313553573212e-4,0.142054162866205,-2.996706497313219
0,1.02673901969817e-4,0.142054162866205,-3.1409938980950596
0,1.1374216147146,0.142054162866205,0.9034675118536274
0,1.48696451921028e-4,0.142054162866205,-2.9801533593015717
0,4.63926763544556e-6,0.142054162866205,-4.486004537825712
0,2.01183124850846e-5,0.142054162866205,-3.848862415662662
0,2.86475886097282e-4,0.142054162866205,-2.695365893735707
0,2.83902736558045e-4,0.142054162866205,-2.6992843864098632
0,6.90628524839403e-4,0.142054162866205,-2.313209453221304
0,7.57683915187514e-5,0.142054162866205,-3.2729658974065896
0,4.53577563885802e-4,0.142054162866205,-2.495802401014998
0,1.44857972081287e-5,0.142054162866205,-3.991511564087324
0,1.3049206593246e-4,0.142054162866205,-3.036869858276818
0,2.98743224508135e-4,0.142054162866205,-2.677155900874807
0,2.38122766221864e-5,0.142054162866205,-3.7756530461340825
0,1.98119159826358e-5,0.142054162866205,-3.855527487569935
0,3.33314717713717e-4,0.142054162866205,-2.6295994745299116
0,8.84466259638972e-4,0.142054162866205,-2.205772694927891
0,4.98550150378764e-4,0.142054162866205,-2.4547451135612963
0,0.158609022551648,0.142054162866205,0.04787392358748714
0,48.9770688821638,0.142054162866205,2.537538825307755
0,3.95466762343965e-4,0.142054162866205,-2.555343976778577
0,6.90628524839403e-4,1.48696451921028e-4,0.6669439060802677
0,0.142054162866205,1.48696451921028e-4,2.9801533593015717
0,3.33314717713717e-4,1.48696451921028e-4,0.35055388477166005
0,1.1374216147146,1.48696451921028e-4,3.883620871155199
0,1.98119159826358e-5,1.48696451921028e-4,-0.8753741282683631
0,1.48696451921028e-4,1.48696451921028e-4,0
0,2.86475886097282e-4,1.48696451921028e-4,0.2847874655658647
1,48.9770688821638,1.48696451921028e-4,5.517692184609326
0,0.00501399154804295,1.48696451921028e-4,1.5278829916949688
0,1.4313553573212e-4,1.48696451921028e-4,-0.016553138011647598
0,1.43405321632739e-4,1.48696451921028e-4,-0.01573533796991322
0,2.38122766221864e-5,1.48696451921028e-4,-0.7954996868325108
0,1.97852889156011e-4,1.48696451921028e-4,0.12404179060494201
0,7.57683915187514e-5,1.48696451921028e-4,-0.29281253810501784
0,4.98550150378764e-4,1.48696451921028e-4,0.5254082457402753
0,0.00452691926151199,1.48696451921028e-4,1.483502142988762
0,2.98743224508135e-4,1.48696451921028e-4,0.30299745842676484
0,6.72442127054127e-5,1.48696451921028e-4,-0.34464569261309286
0,4.53577563885802e-4,1.48696451921028e-4,0.4843509582865736
0,2.83902736558045e-4,1.48696451921028e-4,0.2808689728917085
0,1.44857972081287e-5,1.48696451921028e-4,-1.0113582047857521
0,0.00765371672279505,1.48696451921028e-4,1.7115717783522773
0,4.82073574540759e-5,1.48696451921028e-4,-0.4891872801024792
0,4.63926763544556e-6,1.48696451921028e-4,-1.5058511785241402
0,2.01183124850846e-5,1.48696451921028e-4,-0.8687090563610902
0,8.84466259638972e-4,1.48696451921028e-4,0.7743806643736811
0,1.3049206593246e-4,1.48696451921028e-4,-0.05671649897524596
0,1.02673901969817e-4,1.48696451921028e-4,-0.16084053879348795
0,3.95466762343965e-4,1.48696451921028e-4,0.42480938252299494
0,3.6206708094466e-5,1.48696451921028e-4,-0.6135115651907846
0,1.01098482131148e-4,1.48696451921028e-4,-0.16755597060410943
0,0.158609022551648,1.48696451921028e-4,3.028027282889059
0,4.34372260684589e-4,1.48696451921028e-4,0.46556147726914826
0,2.83902736558045e-4,2.01183124850846e-5,1.1495780292527986
0,3.33314717713717e-4,2.01183124850846e-5,1.2192629411327502
0,2.86475886097282e-4,2.01183124850846e-5,1.153496521926955
0,3.6206708094466e-5,2.01183124850846e-5,0.2551974911703056
0,1.48696451921028e-4,2.01183124850846e-5,0.8687090563610902
0,1.98119159826358e-5,2.01183124850846e-5,-0.0066650719072728236
0,0.142054162866205,2.01183124850846e-5,3.848862415662662
0,0.158609022551648,2.01183124850846e-5,3.896736339250149
0,1.4313553573212e-4,2.01183124850846e-5,0.8521559183494426
0,4.63926763544556e-6,2.01183124850846e-5,-0.63714212216305
0,6.72442127054127e-5,2.01183124850846e-5,0.5240633637479973
0,2.38122766221864e-5,2.01183124850846e-5,0.07320936952857941
0,4.34372260684589e-4,2.01183124850846e-5,1.3342705336302385
0,1.97852889156011e-4,2.01183124850846e-5,0.9927508469660322
0,0.00765371672279505,2.01183124850846e-5,2.5802808347133674
0,0.00501399154804295,2.01183124850846e-5,2.396592048056059
0,1.02673901969817e-4,2.01183124850846e-5,0.7078685175676023
0,6.90628524839403e-4,2.01183124850846e-5,1.5356529624413577
1,0.00452691926151199,2.01183124850846e-5,2.3522111993498522
0,8.84466259638972e-4,2.01183124850846e-5,1.6430897207347712
0,1.01098482131148e-4,2.01183124850846e-5,0.7011530857569808
0,1.1374216147146,2.01183124850846e-5,4.752329927516289
0,2.98743224508135e-4,2.01183124850846e-5,1.1717065147878551
0,3.95466762343965e-4,2.01183124850846e-5,1.2935184388840852
0,48.9770688821638,2.01183124850846e-5,6.386401240970417
0,7.57683915187514e-5,2.01183124850846e-5,0.5758965182560724
0,1.44857972081287e-5,2.01183124850846e-5,-0.14264914842466186
0,4.53577563885802e-4,2.01183124850846e-5,1.353060014647664
0,2.01183124850846e-5,2.01183124850846e-5,0
0,1.3049206593246e-4,2.01183124850846e-5,0.8119925573858443
0,4.98550150378764e-4,2.01183124850846e-5,1.3941173021013655
0,4.82073574540759e-5,2.01183124850846e-5,0.379521776258611
0,1.43405321632739e-4,2.01183124850846e-5,0.852973718391177
0,3.6206708094466e-5,0.00765371672279505,-2.325083343543062
0,1.1374216147146,0.00765371672279505,2.1720490928029217
0,3.95466762343965e-4,0.00765371672279505,-1.2867623958292824
0,2.86475886097282e-4,0.00765371672279505,-1.4267843127864126
0,0.00501399154804295,0.00765371672279505,-0.1836887866573085
0,4.98550150378764e-4,0.00765371672279505,-1.1861635326120021
0,6.72442127054127e-5,0.00765371672279505,-2.0562174709653704
0,8.84466259638972e-4,0.00765371672279505,-0.9371911139785962
0,0.00452691926151199,0.00765371672279505,-0.22806963536351524
0,0.142054162866205,0.00765371672279505,1.2685815809492944
0,1.44857972081287e-5,0.00765371672279505,-2.7229299831380294
0,4.34372260684589e-4,0.00765371672279505,-1.2460103010831292
0,2.38122766221864e-5,0.00765371672279505,-2.5070714651847883
0,1.97852889156011e-4,0.00765371672279505,-1.5875299877473352
0,4.63926763544556e-6,0.00765371672279505,-3.2174229568764177
0,1.01098482131148e-4,0.00765371672279505,-1.8791277489563867
0,3.33314717713717e-4,0.00765371672279505,-1.3610178935806172
0,4.53577563885802e-4,0.00765371672279505,-1.2272208200657038
0,1.98119159826358e-5,0.00765371672279505,-2.5869459066206404
0,6.90628524839403e-4,0.00765371672279505,-1.0446278722720097
0,2.98743224508135e-4,0.00765371672279505,-1.4085743199255125
0,1.3049206593246e-4,0.00765371672279505,-1.7682882773275233
0,2.83902736558045e-4,0.00765371672279505,-1.4307028054605688
0,0.158609022551648,0.00765371672279505,1.3164555045367814
0,0.00765371672279505,0.00765371672279505,0
0,2.01183124850846e-5,0.00765371672279505,-2.5802808347133674
0,1.48696451921028e-4,0.00765371672279505,-1.7115717783522773
0,4.82073574540759e-5,0.00765371672279505,-2.2007590584547567
0,1.4313553573212e-4,0.00765371672279505,-1.728124916363925
0,48.9770688821638,0.00765371672279505,3.8061204062570493
0,7.57683915187514e-5,0.00765371672279505,-2.004384316457295
0,1.02673901969817e-4,0.00765371672279505,-1.8724123171457654
0,1.43405321632739e-4,0.00765371672279505,-1.7273071163221905
0,4.34372260684589e-4,3.95466762343965e-4,0.0407520947461533
0,0.00452691926151199,3.95466762343965e-4,1.0586927604657672
0,1.3049206593246e-4,3.95466762343965e-4,-0.481525881498241
0,2.83902736558045e-4,3.95466762343965e-4,-0.14394040963128657
0,1.43405321632739e-4,3.95466762343965e-4,-0.4405447204929082
0,4.53577563885802e-4,3.95466762343965e-4,0.05954157576357859
0,2.98743224508135e-4,3.95466762343965e-4,-0.12181192409623015
0,1.97852889156011e-4,3.95466762343965e-4,-0.30076759191805297
0,2.86475886097282e-4,3.95466762343965e-4,-0.14002191695713026
0,1.98119159826358e-5,3.95466762343965e-4,-1.3001835107913582
0,1.01098482131148e-4,3.95466762343965e-4,-0.5923653531271045
0,3.95466762343965e-4,3.95466762343965e-4,0
0,1.44857972081287e-5,3.95466762343965e-4,-1.4361675873087472
0,2.01183124850846e-5,3.95466762343965e-4,-1.2935184388840852
0,8.84466259638972e-4,3.95466762343965e-4,0.34957128185068614
0,4.63926763544556e-6,3.95466762343965e-4,-1.9306605610471352
0,3.6206708094466e-5,3.95466762343965e-4,-1.0383209477137796
0,0.00501399154804295,3.95466762343965e-4,1.103073609171974
1,0.158609022551648,3.95466762343965e-4,2.603217900366064
0,4.82073574540759e-5,3.95466762343965e-4,-0.9139966626254742
1,48.9770688821638,3.95466762343965e-4,5.092882802086332
0,3.33314717713717e-4,3.95466762343965e-4,-0.07425549775133498
0,1.48696451921028e-4,3.95466762343965e-4,-0.424809382522995
0,6.90628524839403e-4,3.95466762343965e-4,0.2421345235572726
0,1.4313553573212e-4,3.95466762343965e-4,-0.4413625205346426
1,0.142054162866205,3.95466762343965e-4,2.555343976778577
1,1.1374216147146,3.95466762343965e-4,3.4588114886322043
0,1.02673901969817e-4,3.95466762343965e-4,-0.585649921316483
0,4.98550150378764e-4,3.95466762343965e-4,0.1005988632172803
0,2.38122766221864e-5,3.95466762343965e-4,-1.2203090693555059
0,0.00765371672279505,3.95466762343965e-4,1.2867623958292824
0,6.72442127054127e-5,3.95466762343965e-4,-0.7694550751360878
0,7.57683915187514e-5,3.95466762343965e-4,-0.7176219206280128
0,4.98550150378764e-4,1.44857972081287e-5,1.5367664505260274
0,8.84466259638972e-4,1.44857972081287e-5,1.7857388691594331
0,0.00501399154804295,1.44857972081287e-5,2.539241196480721
0,1.01098482131148e-4,1.44857972081287e-5,0.8438022341816427
0,2.98743224508135e-4,1.44857972081287e-5,1.3143556632125168
0,1.43405321632739e-4,1.44857972081287e-5,0.9956228668158389
0,1.48696451921028e-4,1.44857972081287e-5,1.0113582047857521
0,1.44857972081287e-5,1.44857972081287e-5,0
0,3.33314717713717e-4,1.44857972081287e-5,1.3619120895574122
0,0.158609022551648,1.44857972081287e-5,4.039385487674811
0,3.6206708094466e-5,1.44857972081287e-5,0.39784663959496747
1,2.38122766221864e-5,1.44857972081287e-5,0.21585851795324126
0,1.97852889156011e-4,1.44857972081287e-5,1.1353999953906941
0,48.9770688821638,1.44857972081287e-5,6.529050389395079
0,4.82073574540759e-5,1.44857972081287e-5,0.5221709246832729
0,4.34372260684589e-4,1.44857972081287e-5,1.4769196820549004
0,2.83902736558045e-4,1.44857972081287e-5,1.2922271776774605
0,0.00452691926151199,1.44857972081287e-5,2.494860347774514
0,2.86475886097282e-4,1.44857972081287e-5,1.2961456703516168
1,0.142054162866205,1.44857972081287e-5,3.991511564087324
0,1.4313553573212e-4,1.44857972081287e-5,0.9948050667741044
0,1.98119159826358e-5,1.44857972081287e-5,0.135984076517389
0,0.00765371672279505,1.44857972081287e-5,2.7229299831380294
1,7.57683915187514e-5,1.44857972081287e-5,0.7185456666807343
1,1.1374216147146,1.44857972081287e-5,4.8949790759409515
0,6.90628524839403e-4,1.44857972081287e-5,1.6783021108660197
0,4.53577563885802e-4,1.44857972081287e-5,1.4957091630723256
0,2.01183124850846e-5,1.44857972081287e-5,0.14264914842466184
0,1.3049206593246e-4,1.44857972081287e-5,0.9546417058105061
1,4.63926763544556e-6,1.44857972081287e-5,-0.4944929737383881
0,6.72442127054127e-5,1.44857972081287e-5,0.6667125121726593
0,1.02673901969817e-4,1.44857972081287e-5,0.8505176659922641
1,3.95466762343965e-4,1.44857972081287e-5,1.4361675873087472
0,0.00501399154804295,1.02673901969817e-4,1.688723530488457
0,2.01183124850846e-5,1.02673901969817e-4,-0.7078685175676023
0,0.158609022551648,1.02673901969817e-4,3.188867821682547
0,48.9770688821638,1.02673901969817e-4,5.678532723402815
0,4.53577563885802e-4,1.02673901969817e-4,0.6451914970800615
0,0.00765371672279505,1.02673901969817e-4,1.8724123171457654
0,3.6206708094466e-5,1.02673901969817e-4,-0.4526710263972967
0,2.83902736558045e-4,1.02673901969817e-4,0.44170951168519645
0,1.4313553573212e-4,1.02673901969817e-4,0.14428740078184035
0,1.3049206593246e-4,1.02673901969817e-4,0.10412403981824199
0,4.63926763544556e-6,1.02673901969817e-4,-1.3450106397306523
0,1.98119159826358e-5,1.02673901969817e-4,-0.7145335894748751
1,7.57683915187514e-5,1.02673901969817e-4,-0.13197199931152986
0,1.44857972081287e-5,1.02673901969817e-4,-0.8505176659922642
0,2.86475886097282e-4,1.02673901969817e-4,0.4456280043593527
0,6.72442127054127e-5,1.02673901969817e-4,-0.1838051538196049
0,1.02673901969817e-4,1.02673901969817e-4,0
0,1.97852889156011e-4,1.02673901969817e-4,0.28488232939842995
0,1.1374216147146,1.02673901969817e-4,4.0444614099486875
0,1.43405321632739e-4,1.02673901969817e-4,0.14510520082357473
0,8.84466259638972e-4,1.02673901969817e-4,0.9352212031671691
0,1.01098482131148e-4,1.02673901969817e-4,-0.0067154318106214675
0,3.33314717713717e-4,1.02673901969817e-4,0.511394423565148
0,0.00452691926151199,1.02673901969817e-4,1.6443426817822502
0,4.34372260684589e-4,1.02673901969817e-4,0.6264020160626362
0,1.48696451921028e-4,1.02673901969817e-4,0.160840538793488
0,3.95466762343965e-4,1.02673901969817e-4,0.585649921316483
0,2.98743224508135e-4,1.02673901969817e-4,0.46383799722025276
0,4.82073574540759e-5,1.02673901969817e-4,-0.3283467413089913
0,6.90628524839403e-4,1.02673901969817e-4,0.8277844448737556
1,2.38122766221864e-5,1.02673901969817e-4,-0.6346591480390229
0,0.142054162866205,1.02673901969817e-4,3.1409938980950596
0,4.98550150378764e-4,1.02673901969817e-4,0.6862487845337633
0,2.01183124850846e-5,3.6206708094466e-5,-0.25519749117030555
0,4.82073574540759e-5,3.6206708094466e-5,0.12432428508830538
0,7.57683915187514e-5,3.6206708094466e-5,0.32069902708576675
0,1.98119159826358e-5,3.6206708094466e-5,-0.26186256307757844
0,1.44857972081287e-5,3.6206708094466e-5,-0.3978466395949674
0,2.38122766221864e-5,3.6206708094466e-5,-0.18198812164172617
0,1.43405321632739e-4,3.6206708094466e-5,0.5977762272208714
0,6.90628524839403e-4,3.6206708094466e-5,1.2804554712710523
0,6.72442127054127e-5,3.6206708094466e-5,0.2688658725776918
0,4.53577563885802e-4,3.6206708094466e-5,1.0978625234773582
0,4.34372260684589e-4,3.6206708094466e-5,1.0790730424599329
0,3.95466762343965e-4,3.6206708094466e-5,1.0383209477137796
0,3.33314717713717e-4,3.6206708094466e-5,0.9640654499624447
0,1.4313553573212e-4,3.6206708094466e-5,0.596958427179137
1,48.9770688821638,3.6206708094466e-5,6.131203749800111
0,2.83902736558045e-4,3.6206708094466e-5,0.8943805380824931
0,0.142054162866205,3.6206708094466e-5,3.5936649244923564
0,4.98550150378764e-4,3.6206708094466e-5,1.13891981093106
1,0.00452691926151199,3.6206708094466e-5,2.0970137081795466
0,8.84466259638972e-4,3.6206708094466e-5,1.3878922295644658
0,1.01098482131148e-4,3.6206708094466e-5,0.4459555945866752
0,2.98743224508135e-4,3.6206708094466e-5,0.9165090236175495
0,0.158609022551648,3.6206708094466e-5,3.6415388480798434
0,1.97852889156011e-4,3.6206708094466e-5,0.7375533557957266
0,3.6206708094466e-5,3.6206708094466e-5,0
0,1.1374216147146,3.6206708094466e-5,4.497132436345984
0,1.02673901969817e-4,3.6206708094466e-5,0.45267102639729667
0,4.63926763544556e-6,3.6206708094466e-5,-0.8923396133333555
0,0.00765371672279505,3.6206708094466e-5,2.325083343543062
0,1.48696451921028e-4,3.6206708094466e-5,0.6135115651907846
0,0.00501399154804295,3.6206708094466e-5,2.1413945568857535
0,2.86475886097282e-4,3.6206708094466e-5,0.8982990307566493
0,1.3049206593246e-4,3.6206708094466e-5,0.5567950662155386
1,1.1374216147146,1.97852889156011e-4,3.759579080550257
1,4.98550150378764e-4,1.97852889156011e-4,0.40136645513533337
0,1.97852889156011e-4,1.97852889156011e-4,0
1,0.00452691926151199,1.97852889156011e-4,1.35946035238382
0,0.00765371672279505,1.97852889156011e-4,1.5875299877473352
0,7.57683915187514e-5,1.97852889156011e-4,-0.4168543287099598
0,1.3049206593246e-4,1.97852889156011e-4,-0.18075828958018794
0,2.01183124850846e-5,1.97852889156011e-4,-0.9927508469660322
1,3.95466762343965e-4,1.97852889156011e-4,0.30076759191805297
0,1.44857972081287e-5,1.97852889156011e-4,-1.1353999953906941
0,6.90628524839403e-4,1.97852889156011e-4,0.5429021154753255
0,1.98119159826358e-5,1.97852889156011e-4,-0.999415918873305
1,2.86475886097282e-4,1.97852889156011e-4,0.1607456749609227
0,4.53577563885802e-4,1.97852889156011e-4,0.36030916768163157
1,6.72442127054127e-5,1.97852889156011e-4,-0.46868748321803483
0,0.00501399154804295,1.97852889156011e-4,1.403841201090027
0,4.34372260684589e-4,1.97852889156011e-4,0.34151968666420623
1,1.4313553573212e-4,1.97852889156011e-4,-0.14059492861658962
0,1.01098482131148e-4,1.97852889156011e-4,-0.2915977612090514
0,1.02673901969817e-4,1.97852889156011e-4,-0.28488232939843
1,8.84466259638972e-4,1.97852889156011e-4,0.6503388737687391
1,4.63926763544556e-6,1.97852889156011e-4,-1.6298929691290822
1,1.43405321632739e-4,1.97852889156011e-4,-0.13977712857485525
0,4.82073574540759e-5,1.97852889156011e-4,-0.6132290707074212
0,3.33314717713717e-4,1.97852889156011e-4,0.22651209416671803
0,2.83902736558045e-4,1.97852889156011e-4,0.15682718228676643
0,2.38122766221864e-5,1.97852889156011e-4,-0.9195414774374528
0,1.48696451921028e-4,1.97852889156011e-4,-0.12404179060494198
1,2.98743224508135e-4,1.97852889156011e-4,0.17895566782182282
1,0.142054162866205,1.97852889156011e-4,2.8561115686966296
1,0.158609022551648,1.97852889156011e-4,2.903985492284117
0,48.9770688821638,1.97852889156011e-4,5.393650394004385
0,3.6206708094466e-5,1.97852889156011e-4,-0.7375533557957267
0,4.82073574540759e-5,1.01098482131148e-4,-0.32163130949836977
0,4.53577563885802e-4,1.01098482131148e-4,0.6519069288906829
0,6.90628524839403e-4,1.01098482131148e-4,0.834499876684377
0,2.86475886097282e-4,1.01098482131148e-4,0.45234343616997413
0,2.38122766221864e-5,1.01098482131148e-4,-0.6279437162284014
0,1.97852889156011e-4,1.01098482131148e-4,0.2915977612090514
0,8.84466259638972e-4,1.01098482131148e-4,0.9419366349777905
0,3.33314717713717e-4,1.01098482131148e-4,0.5181098553757695
1,0.142054162866205,1.01098482131148e-4,3.1477093299056813
0,4.34372260684589e-4,1.01098482131148e-4,0.6331174478732577
0,4.98550150378764e-4,1.01098482131148e-4,0.6929642163443848
0,3.6206708094466e-5,1.01098482131148e-4,-0.4459555945866752
0,6.72442127054127e-5,1.01098482131148e-4,-0.17708972200898343
0,2.83902736558045e-4,1.01098482131148e-4,0.4484249434958179
0,1.98119159826358e-5,1.01098482131148e-4,-0.7078181576642537
1,48.9770688821638,1.01098482131148e-4,5.685248155213436
0,4.63926763544556e-6,1.01098482131148e-4,-1.3382952079200308
0,0.00452691926151199,1.01098482131148e-4,1.6510581135928715
0,7.57683915187514e-5,1.01098482131148e-4,-0.1252565675009084
0,3.95466762343965e-4,1.01098482131148e-4,0.5923653531271044
0,2.98743224508135e-4,1.01098482131148e-4,0.47055342903087427
0,0.158609022551648,1.01098482131148e-4,3.1955832534931683
0,1.01098482131148e-4,1.01098482131148e-4,0
0,0.00765371672279505,1.01098482131148e-4,1.8791277489563867
0,2.01183124850846e-5,1.01098482131148e-4,-0.7011530857569809
0,1.4313553573212e-4,1.01098482131148e-4,0.15100283259246178
0,1.02673901969817e-4,1.01098482131148e-4,0.006715431810621485
1,1.1374216147146,1.01098482131148e-4,4.051176841759308
0,1.3049206593246e-4,1.01098482131148e-4,0.11083947162886344
0,1.43405321632739e-4,1.01098482131148e-4,0.15182063263419618
0,0.00501399154804295,1.01098482131148e-4,1.6954389622990784
0,1.44857972081287e-5,1.01098482131148e-4,-0.8438022341816427
0,1.48696451921028e-4,1.01098482131148e-4,0.1675559706041094
0,3.95466762343965e-4,2.98743224508135e-4,0.12181192409623016
1,0.158609022551648,2.98743224508135e-4,2.725029824462294
1,0.00452691926151199,2.98743224508135e-4,1.1805046845619973
0,4.82073574540759e-5,2.98743224508135e-4,-0.7921847385292441
0,4.63926763544556e-6,2.98743224508135e-4,-1.808848636950905
0,2.01183124850846e-5,2.98743224508135e-4,-1.171706514787855
0,1.02673901969817e-4,2.98743224508135e-4,-0.4638379972202528
0,1.4313553573212e-4,2.98743224508135e-4,-0.31955059643841244
0,0.00501399154804295,2.98743224508135e-4,1.224885533268204
0,2.98743224508135e-4,2.98743224508135e-4,0
0,4.53577563885802e-4,2.98743224508135e-4,0.18135349985980875
0,8.84466259638972e-4,2.98743224508135e-4,0.4713832059469163
0,2.86475886097282e-4,2.98743224508135e-4,-0.018209992860900113
0,7.57683915187514e-5,2.98743224508135e-4,-0.5958099965317827
0,48.9770688821638,2.98743224508135e-4,5.214694726182562
1,1.1374216147146,2.98743224508135e-4,3.580623412728434
0,2.83902736558045e-4,2.98743224508135e-4,-0.022128485535056377
0,3.33314717713717e-4,2.98743224508135e-4,0.047556426344895174
0,3.6206708094466e-5,2.98743224508135e-4,-0.9165090236175495
0,4.98550150378764e-4,2.98743224508135e-4,0.22241078731351052
0,1.44857972081287e-5,2.98743224508135e-4,-1.3143556632125168
0,1.01098482131148e-4,2.98743224508135e-4,-0.47055342903087427
0,6.72442127054127e-5,2.98743224508135e-4,-0.6476431510398577
0,1.48696451921028e-4,2.98743224508135e-4,-0.3029974584267648
0,0.00765371672279505,2.98743224508135e-4,1.4085743199255125
0,6.90628524839403e-4,2.98743224508135e-4,0.3639464476535028
1,0.142054162866205,2.98743224508135e-4,2.6771559008748067
0,1.43405321632739e-4,2.98743224508135e-4,-0.31873279639667806
0,4.34372260684589e-4,2.98743224508135e-4,0.16256401884238345
0,1.98119159826358e-5,2.98743224508135e-4,-1.1783715866951279
0,1.97852889156011e-4,2.98743224508135e-4,-0.17895566782182284
0,1.3049206593246e-4,2.98743224508135e-4,-0.3597139574020108
0,2.38122766221864e-5,2.98743224508135e-4,-1.0984971452592756
0,1.48696451921028e-4,7.57683915187514e-5,0.29281253810501784
0,1.1374216147146,7.57683915187514e-5,4.176433409260217
0,3.33314717713717e-4,7.57683915187514e-5,0.6433664228766779
0,0.00501399154804295,7.57683915187514e-5,1.8206955297999867
0,4.53577563885802e-4,7.57683915187514e-5,0.7771634963915914
0,4.34372260684589e-4,7.57683915187514e-5,0.7583740153741662
0,48.9770688821638,7.57683915187514e-5,5.810504722714344
0,1.43405321632739e-4,7.57683915187514e-5,0.2770772001351047
0,4.82073574540759e-5,7.57683915187514e-5,-0.19637474199746136
0,1.97852889156011e-4,7.57683915187514e-5,0.4168543287099598
0,1.4313553573212e-4,7.57683915187514e-5,0.27625940009337024
0,2.01183124850846e-5,7.57683915187514e-5,-0.5758965182560724
0,0.158609022551648,7.57683915187514e-5,3.3208398209940766
0,7.57683915187514e-5,7.57683915187514e-5,0
0,3.95466762343965e-4,7.57683915187514e-5,0.7176219206280129
0,8.84466259638972e-4,7.57683915187514e-5,1.067193202478699
0,1.3049206593246e-4,7.57683915187514e-5,0.2360960391297719
0,1.02673901969817e-4,7.57683915187514e-5,0.13197199931152992
0,6.72442127054127e-5,7.57683915187514e-5,-0.05183315450807504
0,1.98119159826358e-5,7.57683915187514e-5,-0.5825615901633452
0,6.90628524839403e-4,7.57683915187514e-5,0.9597564441852855
0,1.01098482131148e-4,7.57683915187514e-5,0.1252565675009084
0,0.00765371672279505,7.57683915187514e-5,2.004384316457295
0,2.38122766221864e-5,7.57683915187514e-5,-0.502687148727493
0,2.98743224508135e-4,7.57683915187514e-5,0.5958099965317827
0,2.83902736558045e-4,7.57683915187514e-5,0.5736815109967264
0,0.00452691926151199,7.57683915187514e-5,1.77631468109378
0,4.98550150378764e-4,7.57683915187514e-5,0.8182207838452932
0,4.63926763544556e-6,7.57683915187514e-5,-1.2130386404191225
0,3.6206708094466e-5,7.57683915187514e-5,-0.32069902708576675
0,1.44857972081287e-5,7.57683915187514e-5,-0.7185456666807343
0,2.86475886097282e-4,7.57683915187514e-5,0.5776000036708826
0,0.142054162866205,7.57683915187514e-5,3.2729658974065896
0,1.01098482131148e-4,2.38122766221864e-5,0.6279437162284014
0,4.82073574540759e-5,2.38122766221864e-5,0.30631240673003163
0,2.83902736558045e-4,2.38122766221864e-5,1.0763686597242192
0,2.01183124850846e-5,2.38122766221864e-5,-0.0732093695285794
0,0.00501399154804295,2.38122766221864e-5,2.3233826785274796
1,0.158609022551648,2.38122766221864e-5,3.8235269697215695
1,0.00452691926151199,2.38122766221864e-5,2.279001829821273
0,3.95466762343965e-4,2.38122766221864e-5,1.2203090693555059
0,4.53577563885802e-4,2.38122766221864e-5,1.2798506451190845
1,0.142054162866205,2.38122766221864e-5,3.7756530461340825
0,1.4313553573212e-4,2.38122766221864e-5,0.7789465488208632
1,1.1374216147146,2.38122766221864e-5,4.6791205579877095
0,3.6206708094466e-5,2.38122766221864e-5,0.18198812164172615
0,6.72442127054127e-5,2.38122766221864e-5,0.45085399421941796
0,0.00765371672279505,2.38122766221864e-5,2.5070714651847883
0,4.34372260684589e-4,2.38122766221864e-5,1.2610611641016591
0,1.43405321632739e-4,2.38122766221864e-5,0.7797643488625976
0,7.57683915187514e-5,2.38122766221864e-5,0.502687148727493
0,4.63926763544556e-6,2.38122766221864e-5,-0.7103514916916294
0,3.33314717713717e-4,2.38122766221864e-5,1.1460535716041709
0,2.98743224508135e-4,2.38122766221864e-5,1.0984971452592756
0,2.38122766221864e-5,2.38122766221864e-5,0
0,8.84466259638972e-4,2.38122766221864e-5,1.5698803512061918
1,4.98550150378764e-4,2.38122766221864e-5,1.3209079325727862
0,1.3049206593246e-4,2.38122766221864e-5,0.7387831878572648
0,1.44857972081287e-5,2.38122766221864e-5,-0.2158585179532413
0,1.02673901969817e-4,2.38122766221864e-5,0.6346591480390229
0,1.97852889156011e-4,2.38122766221864e-5,0.9195414774374528
0,1.98119159826358e-5,2.38122766221864e-5,-0.07987444143585226
0,6.90628524839403e-4,2.38122766221864e-5,1.4624435929127784
1,48.9770688821638,2.38122766221864e-5,6.313191871441838
0,1.48696451921028e-4,2.38122766221864e-5,0.7954996868325108
1,2.86475886097282e-4,2.38122766221864e-5,1.0802871523983755
0,3.33314717713717e-4,1.1374216147146,-3.533066986383539
0,4.82073574540759e-5,1.1374216147146,-4.372808151257678
0,1.4313553573212e-4,1.1374216147146,-3.9001740091668466
0,4.98550150378764e-4,1.1374216147146,-3.358212625414924
0,2.38122766221864e-5,1.1374216147146,-4.6791205579877095
0,48.9770688821638,1.1374216147146,1.6340713134541276
0,1.43405321632739e-4,1.1374216147146,-3.8993562091251124
0,6.90628524839403e-4,1.1374216147146,-3.2166769650749316
0,0.00452691926151199,1.1374216147146,-2.400118728166437
0,2.01183124850846e-5,1.1374216147146,-4.752329927516289
0,0.00765371672279505,1.1374216147146,-2.1720490928029217
0,1.01098482131148e-4,1.1374216147146,-4.051176841759308
0,0.142054162866205,1.1374216147146,-0.9034675118536274
0,1.97852889156011e-4,1.1374216147146,-3.759579080550257
0,0.00501399154804295,1.1374216147146,-2.3557378794602304
0,1.48696451921028e-4,1.1374216147146,-3.883620871155199
0,4.63926763544556e-6,1.1374216147146,-5.389472049679339
0,2.83902736558045e-4,1.1374216147146,-3.6027518982634907
0,8.84466259638972e-4,1.1374216147146,-3.109240206781518
0,6.72442127054127e-5,1.1374216147146,-4.228266563768292
0,2.98743224508135e-4,1.1374216147146,-3.580623412728434
0,1.44857972081287e-5,1.1374216147146,-4.8949790759409515
0,1.02673901969817e-4,1.1374216147146,-4.0444614099486875
0,7.57683915187514e-5,1.1374216147146,-4.176433409260217
0,0.158609022551648,1.1374216147146,-0.8555935882661403
0,1.3049206593246e-4,1.1374216147146,-3.940337370130445
0,4.53577563885802e-4,1.1374216147146,-3.3992699128686255
0,1.1374216147146,1.1374216147146,0
0,2.86475886097282e-4,1.1374216147146,-3.5988334055893345
0,3.6206708094466e-5,1.1374216147146,-4.497132436345984
0,4.34372260684589e-4,1.1374216147146,-3.418059393886051
0,1.98119159826358e-5,1.1374216147146,-4.758994999423562
0,3.95466762343965e-4,1.1374216147146,-3.4588114886322043
0,1.97852889156011e-4,4.63926763544556e-6,1.6298929691290822
0,7.57683915187514e-5,4.63926763544556e-6,1.2130386404191225
0,1.3049206593246e-4,4.63926763544556e-6,1.4491346795488942
0,6.72442127054127e-5,4.63926763544556e-6,1.1612054859110472
0,2.01183124850846e-5,4.63926763544556e-6,0.6371421221630499
0,1.98119159826358e-5,4.63926763544556e-6,0.6304770502557772
0,1.48696451921028e-4,4.63926763544556e-6,1.5058511785241402
0,0.158609022551648,4.63926763544556e-6,4.533878461413199
0,4.98550150378764e-4,4.63926763544556e-6,2.0312594242644155
0,1.4313553573212e-4,4.63926763544556e-6,1.4892980405124925
0,1.43405321632739e-4,4.63926763544556e-6,1.490115840554227
0,3.95466762343965e-4,4.63926763544556e-6,1.9306605610471352
0,0.00765371672279505,4.63926763544556e-6,3.2174229568764177
0,1.02673901969817e-4,4.63926763544556e-6,1.3450106397306523
0,1.44857972081287e-5,4.63926763544556e-6,0.4944929737383881
0,2.38122766221864e-5,4.63926763544556e-6,0.7103514916916294
0,1.01098482131148e-4,4.63926763544556e-6,1.3382952079200308
0,3.6206708094466e-5,4.63926763544556e-6,0.8923396133333555
1,1.1374216147146,4.63926763544556e-6,5.389472049679339
0,48.9770688821638,4.63926763544556e-6,7.0235433631334665
0,2.86475886097282e-4,4.63926763544556e-6,1.7906386440900048
0,6.90628524839403e-4,4.63926763544556e-6,2.1727950846044077
0,4.53577563885802e-4,4.63926763544556e-6,1.9902021368107137
1,0.142054162866205,4.63926763544556e-6,4.486004537825712
0,2.83902736558045e-4,4.63926763544556e-6,1.7867201514158486
0,0.00501399154804295,4.63926763544556e-6,3.033734170219109
0,4.34372260684589e-4,4.63926763544556e-6,1.9714126557932885
0,4.63926763544556e-6,4.63926763544556e-6,0
0,8.84466259638972e-4,4.63926763544556e-6,2.2802318428978214
0,2.98743224508135e-4,4.63926763544556e-6,1.808848636950905
0,3.33314717713717e-4,4.63926763544556e-6,1.8564050632958002
0,4.82073574540759e-5,4.63926763544556e-6,1.016663898421661
1,0.00452691926151199,4.63926763544556e-6,2.9893533215129025
0,2.01183124850846e-5,2.86475886097282e-4,-1.153496521926955
0,0.00501399154804295,2.86475886097282e-4,1.2430955261291041
0,1.01098482131148e-4,2.86475886097282e-4,-0.45234343616997413
0,1.1374216147146,2.86475886097282e-4,3.5988334055893345
0,1.4313553573212e-4,2.86475886097282e-4,-0.3013406035775123
0,3.33314717713717e-4,2.86475886097282e-4,0.06576641920579532
0,2.38122766221864e-5,2.86475886097282e-4,-1.0802871523983755
0,1.44857972081287e-5,2.86475886097282e-4,-1.2961456703516168
0,0.158609022551648,2.86475886097282e-4,2.743239817323194
0,6.90628524839403e-4,2.86475886097282e-4,0.38215644051440284
0,4.53577563885802e-4,2.86475886097282e-4,0.19956349272070883
0,2.83902736558045e-4,2.86475886097282e-4,-0.003918492674156261
0,3.95466762343965e-4,2.86475886097282e-4,0.1400219169571303
0,1.97852889156011e-4,2.86475886097282e-4,-0.16074567496092274
1,0.142054162866205,2.86475886097282e-4,2.695365893735707
0,8.84466259638972e-4,2.86475886097282e-4,0.4895931988078163
0,7.57683915187514e-5,2.86475886097282e-4,-0.5776000036708826
0,3.6206708094466e-5,2.86475886097282e-4,-0.8982990307566493
0,1.3049206593246e-4,2.86475886097282e-4,-0.3415039645411107
0,2.98743224508135e-4,2.86475886097282e-4,0.018209992860900123
0,4.34372260684589e-4,2.86475886097282e-4,0.18077401170328358
0,1.48696451921028e-4,2.86475886097282e-4,-0.2847874655658647
0,4.82073574540759e-5,2.86475886097282e-4,-0.7739747456683439
0,2.86475886097282e-4,2.86475886097282e-4,0
1,0.00452691926151199,2.86475886097282e-4,1.1987146774228974
0,1.43405321632739e-4,2.86475886097282e-4,-0.3005228035357779
1,48.9770688821638,2.86475886097282e-4,5.232904719043462
0,4.63926763544556e-6,2.86475886097282e-4,-1.7906386440900048
0,4.98550150378764e-4,2.86475886097282e-4,0.24062078017441058
0,1.98119159826358e-5,2.86475886097282e-4,-1.1601615938342278
0,1.02673901969817e-4,2.86475886097282e-4,-0.44562800435935274
0,6.72442127054127e-5,2.86475886097282e-4,-0.6294331581789576
0,0.00765371672279505,2.86475886097282e-4,1.4267843127864126
0,6.90628524839403e-4,3.33314717713717e-4,0.3163900213086076
0,1.97852889156011e-4,3.33314717713717e-4,-0.226512094166718
0,4.63926763544556e-6,3.33314717713717e-4,-1.8564050632958002
0,7.57683915187514e-5,3.33314717713717e-4,-0.6433664228766779
0,1.98119159826358e-5,3.33314717713717e-4,-1.2259280130400232
0,2.86475886097282e-4,3.33314717713717e-4,-0.06576641920579528
0,2.98743224508135e-4,3.33314717713717e-4,-0.04755642634489522
0,3.95466762343965e-4,3.33314717713717e-4,0.07425549775133498
0,4.82073574540759e-5,3.33314717713717e-4,-0.8397411648741392
0,4.98550150378764e-4,3.33314717713717e-4,0.17485436096861526
1,1.1374216147146,3.33314717713717e-4,3.533066986383539
0,2.83902736558045e-4,3.33314717713717e-4,-0.06968491187995154
0,1.4313553573212e-4,3.33314717713717e-4,-0.3671070227833076
0,4.53577563885802e-4,3.33314717713717e-4,0.13379707351491352
0,48.9770688821638,3.33314717713717e-4,5.167138299837666
0,1.3049206593246e-4,3.33314717713717e-4,-0.407270383746906
1,0.00452691926151199,3.33314717713717e-4,1.1329482582171022
0,1.01098482131148e-4,3.33314717713717e-4,-0.5181098553757695
0,6.72442127054127e-5,3.33314717713717e-4,-0.6951995773847529
0,3.6206708094466e-5,3.33314717713717e-4,-0.9640654499624447
0,1.43405321632739e-4,3.33314717713717e-4,-0.3662892227415733
0,1.48696451921028e-4,3.33314717713717e-4,-0.35055388477166005
0,2.38122766221864e-5,3.33314717713717e-4,-1.1460535716041709
0,0.00765371672279505,3.33314717713717e-4,1.3610178935806174
0,0.00501399154804295,3.33314717713717e-4,1.177329106923309
0,1.44857972081287e-5,3.33314717713717e-4,-1.3619120895574122
0,0.142054162866205,3.33314717713717e-4,2.6295994745299116
0,0.158609022551648,3.33314717713717e-4,2.677473398117399
0,8.84466259638972e-4,3.33314717713717e-4,0.4238267796020211
0,4.34372260684589e-4,3.33314717713717e-4,0.11500759249748829
0,1.02673901969817e-4,3.33314717713717e-4,-0.511394423565148
0,2.01183124850846e-5,3.33314717713717e-4,-1.2192629411327502
0,3.33314717713717e-4,3.33314717713717e-4,0
0,1.48696451921028e-4,2.83902736558045e-4,-0.2808689728917084
1,1.1374216147146,2.83902736558045e-4,3.6027518982634907
0,1.44857972081287e-5,2.83902736558045e-4,-1.2922271776774605
0,7.57683915187514e-5,2.83902736558045e-4,-0.5736815109967263
0,0.158609022551648,2.83902736558045e-4,2.7471583099973502
0,2.83902736558045e-4,2.83902736558045e-4,0
0,1.02673901969817e-4,2.83902736558045e-4,-0.4417095116851964
0,2.86475886097282e-4,2.83902736558045e-4,0.003918492674156235
0,1.01098482131148e-4,2.83902736558045e-4,-0.4484249434958179
0,2.38122766221864e-5,2.83902736558045e-4,-1.0763686597242192
0,0.00452691926151199,2.83902736558045e-4,1.2026331700970536
0,4.82073574540759e-5,2.83902736558045e-4,-0.7700562529941877
1,0.142054162866205,2.83902736558045e-4,2.6992843864098632
0,0.00501399154804295,2.83902736558045e-4,1.2470140188032603
0,4.53577563885802e-4,2.83902736558045e-4,0.20348198539486512
0,1.97852889156011e-4,2.83902736558045e-4,-0.15682718228676643
0,2.01183124850846e-5,2.83902736558045e-4,-1.1495780292527986
0,1.4313553573212e-4,2.83902736558045e-4,-0.2974221109033561
0,0.00765371672279505,2.83902736558045e-4,1.4307028054605688
1,48.9770688821638,2.83902736558045e-4,5.236823211717618
0,1.98119159826358e-5,2.83902736558045e-4,-1.1562431011600716
0,3.6206708094466e-5,2.83902736558045e-4,-0.8943805380824931
0,4.98550150378764e-4,2.83902736558045e-4,0.24453927284856686
0,6.72442127054127e-5,2.83902736558045e-4,-0.6255146655048014
0,1.3049206593246e-4,2.83902736558045e-4,-0.3375854718669544
0,4.63926763544556e-6,2.83902736558045e-4,-1.7867201514158486
0,6.90628524839403e-4,2.83902736558045e-4,0.3860749331885591
0,4.34372260684589e-4,2.83902736558045e-4,0.1846925043774398
0,8.84466259638972e-4,2.83902736558045e-4,0.4935116914819726
0,3.95466762343965e-4,2.83902736558045e-4,0.14394040963128651
0,1.43405321632739e-4,2.83902736558045e-4,-0.29660431086162165
0,3.33314717713717e-4,2.83902736558045e-4,0.06968491187995156
0,2.98743224508135e-4,2.83902736558045e-4,0.02212848553505636
0,1.95592762013492e-4,1.9694365523487e-5,0.9970107854350863
0,0.0012576630375615,1.9694365523487e-5,1.8052223032084826
0,1.9694365523487e-5,1.9694365523487e-5,0
0,6.02890273678586e-5,1.9694365523487e-5,0.4858962834493168
0,4.18389149846184e-4,1.9694365523487e-5,1.3272384192988556
0,2.59885361553875e-4,1.9694365523487e-5,1.1204398238025322
0,1.36933857808871e-4,1.9694365523487e-5,0.8421688495394318
0,4.20923745646567e-4,1.9694365523487e-5,1.329861432294391
0,1.19435350357371e-4,1.9694365523487e-5,0.7827908937959914
0,3.00664493693104e-4,1.9694365523487e-5,1.1837401500074392
0,4.76228847888165e-4,1.9694365523487e-5,1.3834737054739414
0,1.1374216147146,1.9694365523487e-5,4.761579482926947
0,1.17123841520039e-5,1.9694365523487e-5,-0.22569668579649121
0,8.01572194568237e-5,1.9694365523487e-5,0.6096006496319974
0,1.15125321435766e-5,1.9694365523487e-5,-0.23317113829809052
0,0.0172607525646293,1.9694365523487e-5,2.9427177328491414
0,1.63379759469206e-4,1.9694365523487e-5,0.9188562582704496
0,9.02222535963071e-5,1.9694365523487e-5,0.6609716767473744
0,0.158609022551648,1.9694365523487e-5,3.9059858946608066
0,0.0012576630375615,6.02890273678586e-5,1.3193260197591659
1,1.1374216147146,6.02890273678586e-5,4.27568319947763
0,9.02222535963071e-5,6.02890273678586e-5,0.1750753932980576
0,0.0172607525646293,6.02890273678586e-5,2.4568214493998246
0,0.158609022551648,6.02890273678586e-5,3.42008961121149
0,8.01572194568237e-5,6.02890273678586e-5,0.12370436618268074
0,1.19435350357371e-4,6.02890273678586e-5,0.2968946103466746
0,4.20923745646567e-4,6.02890273678586e-5,0.843965148845074
0,4.76228847888165e-4,6.02890273678586e-5,0.8975774220246245
0,1.95592762013492e-4,6.02890273678586e-5,0.5111145019857695
0,3.00664493693104e-4,6.02890273678586e-5,0.69784386655812225
0,6.02890273678586e-5,6.02890273678586e-5,0
0,1.17123841520039e-5,6.02890273678586e-5,-0.7115929692458081
0,4.18389149846184e-4,6.02890273678586e-5,0.8413421358495388
0,1.9694365523487e-5,6.02890273678586e-5,-0.4858962834493168
0,1.36933857808871e-4,6.02890273678586e-5,0.356272566090115
0,1.63379759469206e-4,6.02890273678586e-5,0.4329599748211328
0,1.15125321435766e-5,6.02890273678586e-5,-0.7190674217474073
0,2.59885361553875e-4,6.02890273678586e-5,0.6345435403532153
0,4.18389149846184e-4,0.0172607525646293,-1.6154793135502858
0,9.02222535963071e-5,0.0172607525646293,-2.281746056101767
0,1.95592762013492e-4,0.0172607525646293,-1.9457069474140551
0,0.0172607525646293,0.0172607525646293,0
0,4.20923745646567e-4,0.0172607525646293,-1.6128563005547505
0,2.59885361553875e-4,0.0172607525646293,-1.8222779090466092
0,1.19435350357371e-4,0.0172607525646293,-2.15992683905315
0,1.15125321435766e-5,0.0172607525646293,-3.1758888711472317
0,8.01572194568237e-5,0.0172607525646293,-2.333117083217144
0,0.0012576630375615,0.0172607525646293,-1.1374954296406588
0,3.00664493693104e-4,0.0172607525646293,-1.7589775828417022
0,4.76228847888165e-4,0.0172607525646293,-1.5592440273752
0,0.158609022551648,0.0172607525646293,0.9632681618116652
0,1.36933857808871e-4,0.0172607525646293,-2.1005488833097097
0,1.17123841520039e-5,0.0172607525646293,-3.1684144186456327
0,1.9694365523487e-5,0.0172607525646293,-2.9427177328491414
0,1.63379759469206e-4,0.0172607525646293,-2.0238614745786916
0,6.02890273678586e-5,0.0172607525646293,-2.4568214493998246
1,1.1374216147146,0.0172607525646293,1.8188617500778055
1,2.59885361553875e-4,8.01572194568237e-5,0.5108391741705346
0,0.0172607525646293,8.01572194568237e-5,2.333117083217144
0,8.01572194568237e-5,8.01572194568237e-5,0
0,1.63379759469206e-4,8.01572194568237e-5,0.30925560863845214
1,4.20923745646567e-4,8.01572194568237e-5,0.7202607826623934
0,1.15125321435766e-5,8.01572194568237e-5,-0.8427717879300881
0,4.18389149846184e-4,8.01572194568237e-5,0.7176377696668581
0,1.95592762013492e-4,8.01572194568237e-5,0.3874101358030887
1,1.1374216147146,8.01572194568237e-5,4.151978833294949
0,9.02222535963071e-5,8.01572194568237e-5,0.05137102711537692
0,1.19435350357371e-4,8.01572194568237e-5,0.1731902441639939
0,6.02890273678586e-5,8.01572194568237e-5,-0.12370436618268073
1,0.158609022551648,8.01572194568237e-5,3.296385245028809
0,0.0012576630375615,8.01572194568237e-5,1.1956216535764852
0,1.17123841520039e-5,8.01572194568237e-5,-0.8352973354284888
0,1.36933857808871e-4,8.01572194568237e-5,0.2325681999074343
0,1.9694365523487e-5,8.01572194568237e-5,-0.6096006496319974
0,3.00664493693104e-4,8.01572194568237e-5,0.5741395003754416
0,4.76228847888165e-4,8.01572194568237e-5,0.7738730558419438
0,1.9694365523487e-5,1.95592762013492e-4,-0.9970107854350863
0,4.76228847888165e-4,1.95592762013492e-4,0.38646292003885513
0,0.0012576630375615,1.95592762013492e-4,0.8082115177733964
0,0.0172607525646293,1.95592762013492e-4,1.9457069474140551
0,1.17123841520039e-5,1.95592762013492e-4,-1.2227074712315775
0,1.15125321435766e-5,1.95592762013492e-4,-1.2301819237331768
0,1.36933857808871e-4,1.95592762013492e-4,-0.15484193589565445
0,1.95592762013492e-4,1.95592762013492e-4,0
0,1.19435350357371e-4,1.95592762013492e-4,-0.21421989163909486
1,2.59885361553875e-4,1.95592762013492e-4,0.12342903836744584
1,4.20923745646567e-4,1.95592762013492e-4,0.33285064685930466
0,3.00664493693104e-4,1.95592762013492e-4,0.18672936457235284
0,9.02222535963071e-5,1.95592762013492e-4,-0.3360391086877118
0,4.18389149846184e-4,1.95592762013492e-4,0.3302276338637693
0,8.01572194568237e-5,1.95592762013492e-4,-0.38741013580308875
1,0.158609022551648,1.95592762013492e-4,2.9089751092257203
1,1.1374216147146,1.95592762013492e-4,3.7645686974918604
0,6.02890273678586e-5,1.95592762013492e-4,-0.5111145019857695
0,1.63379759469206e-4,1.95592762013492e-4,-0.0781545271646367
0,1.15125321435766e-5,1.63379759469206e-4,-1.1520273965685401
0,4.76228847888165e-4,1.63379759469206e-4,0.4646174472034918
0,1.19435350357371e-4,1.63379759469206e-4,-0.13606536447445822
0,4.18389149846184e-4,1.63379759469206e-4,0.408382161028406
0,1.36933857808871e-4,1.63379759469206e-4,-0.07668740873101781
0,9.02222535963071e-5,1.63379759469206e-4,-0.2578845815230752
0,1.9694365523487e-5,1.63379759469206e-4,-0.9188562582704496
0,1.1374216147146,1.63379759469206e-4,3.8427232246564973
0,1.63379759469206e-4,1.63379759469206e-4,0
0,1.95592762013492e-4,1.63379759469206e-4,0.07815452716463668
0,1.17123841520039e-5,1.63379759469206e-4,-1.1445529440669409
1,0.0172607525646293,1.63379759469206e-4,2.023861474578692
0,2.59885361553875e-4,1.63379759469206e-4,0.2015835655320825
0,3.00664493693104e-4,1.63379759469206e-4,0.26488389173698956
0,8.01572194568237e-5,1.63379759469206e-4,-0.3092556086384521
0,0.158609022551648,1.63379759469206e-4,2.9871296363903572
0,4.20923745646567e-4,1.63379759469206e-4,0.4110051740239413
0,0.0012576630375615,1.63379759469206e-4,0.8863660449380331
0,6.02890273678586e-5,1.63379759469206e-4,-0.43295997482113274
0,4.18389149846184e-4,9.02222535963071e-5,0.6662667425514812
0,1.63379759469206e-4,9.02222535963071e-5,0.25788458152307514
0,1.19435350357371e-4,9.02222535963071e-5,0.12181921704861697
0,0.0012576630375615,9.02222535963071e-5,1.1442506264611083
0,4.76228847888165e-4,9.02222535963071e-5,0.7225020287265669
0,1.15125321435766e-5,9.02222535963071e-5,-0.894142815045465
0,3.00664493693104e-4,9.02222535963071e-5,0.5227684732600647
1,0.0172607525646293,9.02222535963071e-5,2.281746056101767
0,1.36933857808871e-4,9.02222535963071e-5,0.18119717279205733
0,9.02222535963071e-5,9.02222535963071e-5,0
0,1.17123841520039e-5,9.02222535963071e-5,-0.8866683625438656
1,2.59885361553875e-4,9.02222535963071e-5,0.45946814705515765
0,8.01572194568237e-5,9.02222535963071e-5,-0.0513710271153769
0,1.95592762013492e-4,9.02222535963071e-5,0.3360391086877118
0,1.9694365523487e-5,9.02222535963071e-5,-0.6609716767473744
1,1.1374216147146,9.02222535963071e-5,4.100607806179572
1,0.158609022551648,9.02222535963071e-5,3.245014217913432
0,6.02890273678586e-5,9.02222535963071e-5,-0.1750753932980576
1,4.20923745646567e-4,9.02222535963071e-5,0.6688897555470164
0,1.9694365523487e-5,3.00664493693104e-4,-1.1837401500074392
0,4.20923745646567e-4,3.00664493693104e-4,0.14612128228695176
1,0.158609022551648,3.00664493693104e-4,2.7222457446533674
0,4.18389149846184e-4,3.00664493693104e-4,0.14349826929141643
0,0.0012576630375615,3.00664493693104e-4,0.6214821532010435
0,1.19435350357371e-4,3.00664493693104e-4,-0.4009492562114478
0,3.00664493693104e-4,3.00664493693104e-4,0
0,1.36933857808871e-4,3.00664493693104e-4,-0.3415713004680073
0,1.15125321435766e-5,3.00664493693104e-4,-1.4169112883055297
0,4.76228847888165e-4,3.00664493693104e-4,0.1997335554665022
0,9.02222535963071e-5,3.00664493693104e-4,-0.5227684732600647
0,0.0172607525646293,3.00664493693104e-4,1.7589775828417022
0,6.02890273678586e-5,3.00664493693104e-4,-0.6978438665581224
0,8.01572194568237e-5,3.00664493693104e-4,-0.5741395003754416
0,1.95592762013492e-4,3.00664493693104e-4,-0.1867293645723529
0,2.59885361553875e-4,3.00664493693104e-4,-0.06330032620490704
1,1.1374216147146,3.00664493693104e-4,3.5778393329195075
0,1.63379759469206e-4,3.00664493693104e-4,-0.26488389173698956
0,1.17123841520039e-5,3.00664493693104e-4,-1.4094368358039304
0,4.20923745646567e-4,4.76228847888165e-4,-0.05361227317955045
0,6.02890273678586e-5,4.76228847888165e-4,-0.8975774220246245
0,3.00664493693104e-4,4.76228847888165e-4,-0.19973355546650218
0,1.1374216147146,4.76228847888165e-4,3.3781057774530057
0,4.76228847888165e-4,4.76228847888165e-4,0
0,1.19435350357371e-4,4.76228847888165e-4,-0.60068281167795
0,1.36933857808871e-4,4.76228847888165e-4,-0.5413048559345096
0,9.02222535963071e-5,4.76228847888165e-4,-0.7225020287265669
0,1.95592762013492e-4,4.76228847888165e-4,-0.3864629200388551
0,4.18389149846184e-4,4.76228847888165e-4,-0.05623528617508577
0,0.158609022551648,4.76228847888165e-4,2.522512189186865
0,1.9694365523487e-5,4.76228847888165e-4,-1.3834737054739414
0,0.0012576630375615,4.76228847888165e-4,0.4217485977345414
0,0.0172607525646293,4.76228847888165e-4,1.5592440273752
0,1.15125321435766e-5,4.76228847888165e-4,-1.6166448437720318
0,1.17123841520039e-5,4.76228847888165e-4,-1.6091703912704325
0,8.01572194568237e-5,4.76228847888165e-4,-0.7738730558419438
0,1.63379759469206e-4,4.76228847888165e-4,-0.46461744720349174
0,2.59885361553875e-4,4.76228847888165e-4,-0.26303388167140923
0,4.76228847888165e-4,0.158609022551648,-2.522512189186865
0,1.17123841520039e-5,0.158609022551648,-4.131682580457298
0,0.158609022551648,0.158609022551648,0
0,4.20923745646567e-4,0.158609022551648,-2.576124462366416
0,9.02222535963071e-5,0.158609022551648,-3.245014217913432
0,0.0012576630375615,0.158609022551648,-2.1007635914523237
0,1.15125321435766e-5,0.158609022551648,-4.139157032958897
0,8.01572194568237e-5,0.158609022551648,-3.296385245028809
0,3.00664493693104e-4,0.158609022551648,-2.7222457446533674
0,1.63379759469206e-4,0.158609022551648,-2.987129636390357
0,1.95592762013492e-4,0.158609022551648,-2.9089751092257203
0,1.19435350357371e-4,0.158609022551648,-3.1231950008648153
0,1.1374216147146,0.158609022551648,0.8555935882661403
0,1.36933857808871e-4,0.158609022551648,-3.063817045121375
0,6.02890273678586e-5,0.158609022551648,-3.42008961121149
0,2.59885361553875e-4,0.158609022551648,-2.7855460708582744
0,4.18389149846184e-4,0.158609022551648,-2.578747475361951
0,1.9694365523487e-5,0.158609022551648,-3.9059858946608066
0,0.0172607525646293,0.158609022551648,-0.9632681618116652
0,4.76228847888165e-4,0.0012576630375615,-0.4217485977345413
0,1.36933857808871e-4,0.0012576630375615,-0.9630534536690509
0,1.1374216147146,0.0012576630375615,2.9563571797184642
0,4.20923745646567e-4,0.0012576630375615,-0.4753608709140918
0,1.19435350357371e-4,0.0012576630375615,-1.0224314094124913
0,1.17123841520039e-5,0.0012576630375615,-2.0309189890049737
0,1.95592762013492e-4,0.0012576630375615,-0.8082115177733964
0,6.02890273678586e-5,0.0012576630375615,-1.3193260197591659
0,1.9694365523487e-5,0.0012576630375615,-1.8052223032084826
0,0.0172607525646293,0.0012576630375615,1.1374954296406588
0,8.01572194568237e-5,0.0012576630375615,-1.1956216535764852
0,1.63379759469206e-4,0.0012576630375615,-0.8863660449380331
0,1.15125321435766e-5,0.0012576630375615,-2.038393441506573
0,2.59885361553875e-4,0.0012576630375615,-0.6847824794059506
0,0.158609022551648,0.0012576630375615,2.1007635914523237
0,0.0012576630375615,0.0012576630375615,0
0,4.18389149846184e-4,0.0012576630375615,-0.4779838839096271
0,9.02222535963071e-5,0.0012576630375615,-1.144250626461108
0,3.00664493693104e-4,0.0012576630375615,-0.6214821532010435
1,1.1374216147146,4.20923745646567e-4,3.431718050632556
0,4.18389149846184e-4,4.20923745646567e-4,-0.0026230129955352793
0,3.00664493693104e-4,4.20923745646567e-4,-0.14612128228695176
1,4.20923745646567e-4,4.20923745646567e-4,0
0,1.9694365523487e-5,4.20923745646567e-4,-1.329861432294391
0,1.36933857808871e-4,4.20923745646567e-4,-0.4876925827549591
1,0.158609022551648,4.20923745646567e-4,2.576124462366416
0,2.59885361553875e-4,4.20923745646567e-4,-0.20942160849185879
0,8.01572194568237e-5,4.20923745646567e-4,-0.7202607826623934
0,0.0012576630375615,4.20923745646567e-4,0.4753608709140918
0,0.0172607525646293,4.20923745646567e-4,1.6128563005547505
0,1.63379759469206e-4,4.20923745646567e-4,-0.41100517402394127
0,1.17123841520039e-5,4.20923745646567e-4,-1.5555581180908822
0,1.95592762013492e-4,4.20923745646567e-4,-0.3328506468593046
0,6.02890273678586e-5,4.20923745646567e-4,-0.8439651488450741
0,9.02222535963071e-5,4.20923745646567e-4,-0.6688897555470165
0,4.76228847888165e-4,4.20923745646567e-4,0.05361227317955043
0,1.19435350357371e-4,4.20923745646567e-4,-0.5470705384983995
0,1.15125321435766e-5,4.20923745646567e-4,-1.5630325705924815
0,8.01572194568237e-5,1.17123841520039e-5,0.8352973354284887
0,1.15125321435766e-5,1.17123841520039e-5,-0.0074744525015993084
0,6.02890273678586e-5,1.17123841520039e-5,0.7115929692458081
0,3.00664493693104e-4,1.17123841520039e-5,1.4094368358039304
0,0.0012576630375615,1.17123841520039e-5,2.0309189890049737
0,4.76228847888165e-4,1.17123841520039e-5,1.6091703912704325
0,1.9694365523487e-5,1.17123841520039e-5,0.22569668579649124
0,1.63379759469206e-4,1.17123841520039e-5,1.1445529440669409
0,0.0172607525646293,1.17123841520039e-5,3.1684144186456327
0,2.59885361553875e-4,1.17123841520039e-5,1.3461365095990234
0,4.20923745646567e-4,1.17123841520039e-5,1.5555581180908822
0,1.36933857808871e-4,1.17123841520039e-5,1.067865535335923
0,9.02222535963071e-5,1.17123841520039e-5,0.8866683625438657
0,4.18389149846184e-4,1.17123841520039e-5,1.5529351050953468
0,1.1374216147146,1.17123841520039e-5,4.987276168723438
0,1.19435350357371e-4,1.17123841520039e-5,1.0084875795924826
0,1.95592762013492e-4,1.17123841520039e-5,1.2227074712315775
0,0.158609022551648,1.17123841520039e-5,4.131682580457298
0,1.17123841520039e-5,1.17123841520039e-5,0
0,3.00664493693104e-4,1.15125321435766e-5,1.4169112883055297
0,0.158609022551648,1.15125321435766e-5,4.139157032958897
0,1.95592762013492e-4,1.15125321435766e-5,1.2301819237331768
0,9.02222535963071e-5,1.15125321435766e-5,0.894142815045465
0,1.36933857808871e-4,1.15125321435766e-5,1.0753399878375223
0,1.19435350357371e-4,1.15125321435766e-5,1.0159620320940819
0,4.76228847888165e-4,1.15125321435766e-5,1.616644843772032
0,0.0172607525646293,1.15125321435766e-5,3.1758888711472317
0,1.1374216147146,1.15125321435766e-5,4.994750621225037
0,6.02890273678586e-5,1.15125321435766e-5,0.7190674217474073
0,0.0012576630375615,1.15125321435766e-5,2.038393441506573
0,2.59885361553875e-4,1.15125321435766e-5,1.3536109621006227
0,8.01572194568237e-5,1.15125321435766e-5,0.842771787930088
1,4.20923745646567e-4,1.15125321435766e-5,1.5630325705924815
0,4.18389149846184e-4,1.15125321435766e-5,1.560409557596946
0,1.15125321435766e-5,1.15125321435766e-5,0
0,1.9694365523487e-5,1.15125321435766e-5,0.23317113829809052
0,1.17123841520039e-5,1.15125321435766e-5,0.007474452501599301
0,1.63379759469206e-4,1.15125321435766e-5,1.1520273965685401
0,8.01572194568237e-5,4.18389149846184e-4,-0.7176377696668581
0,1.9694365523487e-5,4.18389149846184e-4,-1.3272384192988556
1,1.1374216147146,4.18389149846184e-4,3.434341063628091
0,1.19435350357371e-4,4.18389149846184e-4,-0.5444475255028641
0,2.59885361553875e-4,4.18389149846184e-4,-0.2067985954963235
0,4.76228847888165e-4,4.18389149846184e-4,0.056235286175085726
0,0.158609022551648,4.18389149846184e-4,2.578747475361951
0,6.02890273678586e-5,4.18389149846184e-4,-0.8413421358495388
0,1.15125321435766e-5,4.18389149846184e-4,-1.560409557596946
0,1.63379759469206e-4,4.18389149846184e-4,-0.408382161028406
0,4.18389149846184e-4,4.18389149846184e-4,0
0,1.36933857808871e-4,4.18389149846184e-4,-0.48506956975942384
0,0.0172607525646293,4.18389149846184e-4,1.6154793135502858
0,1.17123841520039e-5,4.18389149846184e-4,-1.5529351050953468
0,4.20923745646567e-4,4.18389149846184e-4,0.002623012995535268
0,0.0012576630375615,4.18389149846184e-4,0.4779838839096271
0,1.95592762013492e-4,4.18389149846184e-4,-0.3302276338637693
0,3.00664493693104e-4,4.18389149846184e-4,-0.14349826929141643
0,9.02222535963071e-5,4.18389149846184e-4,-0.6662667425514811
0,9.02222535963071e-5,1.36933857808871e-4,-0.18119717279205735
0,4.18389149846184e-4,1.36933857808871e-4,0.48506956975942384
0,1.15125321435766e-5,1.36933857808871e-4,-1.0753399878375223
0,1.95592762013492e-4,1.36933857808871e-4,0.1548419358956545
0,6.02890273678586e-5,1.36933857808871e-4,-0.356272566090115
1,1.1374216147146,1.36933857808871e-4,3.919410633387515
0,1.17123841520039e-5,1.36933857808871e-4,-1.067865535335923
0,8.01572194568237e-5,1.36933857808871e-4,-0.23256819990743424
1,2.59885361553875e-4,1.36933857808871e-4,0.2782709742631003
1,4.20923745646567e-4,1.36933857808871e-4,0.48769258275495914
0,4.76228847888165e-4,1.36933857808871e-4,0.5413048559345095
1,0.0172607525646293,1.36933857808871e-4,2.1005488833097097
0,1.19435350357371e-4,1.36933857808871e-4,-0.05937795574344042
0,1.9694365523487e-5,1.36933857808871e-4,-0.8421688495394318
1,1.63379759469206e-4,1.36933857808871e-4,0.07668740873101784
0,0.0012576630375615,1.36933857808871e-4,0.9630534536690508
0,1.36933857808871e-4,1.36933857808871e-4,0
0,3.00664493693104e-4,1.36933857808871e-4,0.3415713004680074
1,0.158609022551648,1.36933857808871e-4,3.063817045121375
0,1.15125321435766e-5,1.19435350357371e-4,-1.0159620320940819
0,3.00664493693104e-4,1.19435350357371e-4,0.4009492562114477
0,4.20923745646567e-4,1.19435350357371e-4,0.5470705384983995
0,6.02890273678586e-5,1.19435350357371e-4,-0.2968946103466745
0,1.9694365523487e-5,1.19435350357371e-4,-0.7827908937959913
0,1.95592762013492e-4,1.19435350357371e-4,0.21421989163909486
0,1.19435350357371e-4,1.19435350357371e-4,0
0,0.0012576630375615,1.19435350357371e-4,1.0224314094124913
0,4.18389149846184e-4,1.19435350357371e-4,0.5444475255028642
0,1.36933857808871e-4,1.19435350357371e-4,0.059377955743440396
0,1.17123841520039e-5,1.19435350357371e-4,-1.0084875795924826
0,9.02222535963071e-5,1.19435350357371e-4,-0.12181921704861694
0,4.76228847888165e-4,1.19435350357371e-4,0.60068281167795
1,0.158609022551648,1.19435350357371e-4,3.1231950008648153
0,1.63379759469206e-4,1.19435350357371e-4,0.13606536447445824
0,0.0172607525646293,1.19435350357371e-4,2.15992683905315
1,1.1374216147146,1.19435350357371e-4,3.9787885891309553
0,8.01572194568237e-5,1.19435350357371e-4,-0.17319024416399387
0,2.59885361553875e-4,1.19435350357371e-4,0.3376489300065407
1,0.158609022551648,2.59885361553875e-4,2.7855460708582744
0,4.76228847888165e-4,2.59885361553875e-4,0.2630338816714093
0,1.9694365523487e-5,2.59885361553875e-4,-1.1204398238025322
0,1.95592762013492e-4,2.59885361553875e-4,-0.12342903836744586
0,1.36933857808871e-4,2.59885361553875e-4,-0.2782709742631003
0,3.00664493693104e-4,2.59885361553875e-4,0.06330032620490704
0,9.02222535963071e-5,2.59885361553875e-4,-0.45946814705515765
0,4.18389149846184e-4,2.59885361553875e-4,0.20679859549632348
0,6.02890273678586e-5,2.59885361553875e-4,-0.6345435403532153
0,1.17123841520039e-5,2.59885361553875e-4,-1.3461365095990234
1,1.1374216147146,2.59885361553875e-4,3.641139659124415
0,0.0172607525646293,2.59885361553875e-4,1.8222779090466092
0,1.63379759469206e-4,2.59885361553875e-4,-0.20158356553208254
0,8.01572194568237e-5,2.59885361553875e-4,-0.5108391741705346
0,1.15125321435766e-5,2.59885361553875e-4,-1.3536109621006227
0,0.0012576630375615,2.59885361553875e-4,0.6847824794059506
0,1.19435350357371e-4,2.59885361553875e-4,-0.3376489300065407
0,4.20923745646567e-4,2.59885361553875e-4,0.2094216084918588
0,2.59885361553875e-4,2.59885361553875e-4,0
0,8.01572194568237e-5,1.1374216147146,-4.151978833294949
0,0.158609022551648,1.1374216147146,-0.8555935882661403
0,1.15125321435766e-5,1.1374216147146,-4.994750621225037
0,6.02890273678586e-5,1.1374216147146,-4.27568319947763
0,9.02222535963071e-5,1.1374216147146,-4.100607806179572
0,4.76228847888165e-4,1.1374216147146,-3.3781057774530057
0,1.95592762013492e-4,1.1374216147146,-3.7645686974918604
0,4.18389149846184e-4,1.1374216147146,-3.434341063628091
0,0.0172607525646293,1.1374216147146,-1.8188617500778055
0,0.0012576630375615,1.1374216147146,-2.9563571797184642
0,3.00664493693104e-4,1.1374216147146,-3.577839332919508
0,2.59885361553875e-4,1.1374216147146,-3.641139659124415
0,1.17123841520039e-5,1.1374216147146,-4.987276168723438
0,1.9694365523487e-5,1.1374216147146,-4.761579482926947
0,1.1374216147146,1.1374216147146,0
0,1.19435350357371e-4,1.1374216147146,-3.9787885891309553
0,4.20923745646567e-4,1.1374216147146,-3.431718050632556
0,1.63379759469206e-4,1.1374216147146,-3.8427232246564973
0,1.36933857808871e-4,1.1374216147146,-3.919410633387515
0,0.0012080751577971,4.72595600981951e-5,1.4076042790106391
0,1.19449405256532e-5,4.72595600981951e-5,-0.5973056830905752
1,0.158609022551648,4.72595600981951e-5,3.525838213925937
0,3.65716782577305e-4,4.72595600981951e-5,0.8886552155602762
0,8.83534412718394e-5,4.72595600981951e-5,0.2717337946649068
0,8.73019634383165e-5,4.72595600981951e-5,0.266534336371773
0,0.0025222261063837,4.72595600981951e-5,1.7272943417444357
0,4.72595600981951e-5,4.72595600981951e-5,0
0,7.50659779764523e-5,4.72595600981951e-5,0.2009534722463551
0,1.30263373431698e-4,4.72595600981951e-5,0.4403326460997266
0,2.39837735078433e-4,4.72595600981951e-5,0.7054278394265413
0,4.33491365291274e-5,4.72595600981951e-5,-0.03750922361950033
1,0.00553132915205021,4.72595600981951e-5,2.0683398279288014
0,3.53490463294673e-4,4.72595600981951e-5,0.8738880267881631
0,6.08511398680015e-4,4.72595600981951e-5,1.1097790430663808
0,5.35603567703112e-4,4.72595600981951e-5,1.0543537864119765
0,2.10804182913603e-4,4.72595600981951e-5,0.6493895493674839
0,1.5668546654684e-4,4.72595600981951e-5,0.5205390402831926
0,6.10177989792903e-4,4.72595600981951e-5,1.1109668630013991
0,1.5668546654684e-4,2.10804182913603e-4,-0.12885050908429124
1,0.158609022551648,2.10804182913603e-4,2.876448664558453
0,7.50659779764523e-5,2.10804182913603e-4,-0.4484360771211289
0,0.0025222261063837,2.10804182913603e-4,1.0779047923769518
0,6.10177989792903e-4,2.10804182913603e-4,0.46157731363391513
0,3.65716782577305e-4,2.10804182913603e-4,0.2392656661927922
0,6.08511398680015e-4,2.10804182913603e-4,0.46038949369889687
0,8.83534412718394e-5,2.10804182913603e-4,-0.3776557547025771
0,2.39837735078433e-4,2.10804182913603e-4,0.056038290059057375
0,0.0012080751577971,2.10804182913603e-4,0.7582147296431552
0,2.10804182913603e-4,2.10804182913603e-4,0
0,4.33491365291274e-5,2.10804182913603e-4,-0.6868987729869843
0,0.00553132915205021,2.10804182913603e-4,1.4189502785613173
0,1.30263373431698e-4,2.10804182913603e-4,-0.20905690326775733
0,4.72595600981951e-5,2.10804182913603e-4,-0.6493895493674839
0,5.35603567703112e-4,2.10804182913603e-4,0.40496423704449247
0,8.73019634383165e-5,2.10804182913603e-4,-0.382855212995711
0,3.53490463294673e-4,2.10804182913603e-4,0.22449847742067916
0,1.19449405256532e-5,2.10804182913603e-4,-1.2466952324580591
0,0.0025222261063837,0.00553132915205021,-0.3410454861843656
0,4.72595600981951e-5,0.00553132915205021,-2.0683398279288014
0,8.83534412718394e-5,0.00553132915205021,-1.7966060332638945
0,2.10804182913603e-4,0.00553132915205021,-1.4189502785613173
0,0.0012080751577971,0.00553132915205021,-0.6607355489181621
0,8.73019634383165e-5,0.00553132915205021,-1.8018054915570283
0,3.65716782577305e-4,0.00553132915205021,-1.1796846123685252
0,1.30263373431698e-4,0.00553132915205021,-1.6280071818290747
0,5.35603567703112e-4,0.00553132915205021,-1.013986041516825
0,2.39837735078433e-4,0.00553132915205021,-1.36291198850226
0,6.10177989792903e-4,0.00553132915205021,-0.9573729649274022
0,6.08511398680015e-4,0.00553132915205021,-0.9585607848624205
0,3.53490463294673e-4,0.00553132915205021,-1.1944518011406382
0,1.19449405256532e-5,0.00553132915205021,-2.6656455110193766
0,4.33491365291274e-5,0.00553132915205021,-2.1058490515483017
0,7.50659779764523e-5,0.00553132915205021,-1.8673863556824462
1,0.158609022551648,0.00553132915205021,1.457498385997136
0,0.00553132915205021,0.00553132915205021,0
0,1.5668546654684e-4,0.00553132915205021,-1.5478007876456086
0,4.33491365291274e-5,1.30263373431698e-4,-0.477841869719227
0,7.50659779764523e-5,1.30263373431698e-4,-0.23937917385337146
0,3.65716782577305e-4,1.30263373431698e-4,0.44832256946054955
0,3.53490463294673e-4,1.30263373431698e-4,0.43355538068843646
0,2.10804182913603e-4,1.30263373431698e-4,0.20905690326775736
1,4.72595600981951e-5,1.30263373431698e-4,-0.44033264609972667
1,0.00553132915205021,1.30263373431698e-4,1.6280071818290747
1,8.83534412718394e-5,1.30263373431698e-4,-0.16859885143481976
0,1.30263373431698e-4,1.30263373431698e-4,0
0,6.10177989792903e-4,1.30263373431698e-4,0.6706342169016725
1,0.0012080751577971,1.30263373431698e-4,0.9672716329109126
1,0.158609022551648,1.30263373431698e-4,3.0855055678262104
0,8.73019634383165e-5,1.30263373431698e-4,-0.17379830972795368
1,6.08511398680015e-4,1.30263373431698e-4,0.6694463969666542
0,1.19449405256532e-5,1.30263373431698e-4,-1.037638329190302
0,1.5668546654684e-4,1.30263373431698e-4,0.08020639418346608
1,5.35603567703112e-4,1.30263373431698e-4,0.6140211403122499
1,0.0025222261063837,1.30263373431698e-4,1.2869616956447092
0,2.39837735078433e-4,1.30263373431698e-4,0.26509519332681464
0,6.08511398680015e-4,0.0012080751577971,-0.29782523594425836
0,8.83534412718394e-5,0.0012080751577971,-1.1358704843457323
0,5.35603567703112e-4,0.0012080751577971,-0.3532504925986627
0,4.72595600981951e-5,0.0012080751577971,-1.4076042790106391
0,2.39837735078433e-4,0.0012080751577971,-0.7021764395840979
0,7.50659779764523e-5,0.0012080751577971,-1.206650806764284
0,8.73019634383165e-5,0.0012080751577971,-1.1410699426388662
1,0.0025222261063837,0.0012080751577971,0.3196900627337965
0,4.33491365291274e-5,0.0012080751577971,-1.4451135026301396
0,6.10177989792903e-4,0.0012080751577971,-0.2966374160092402
0,3.65716782577305e-4,0.0012080751577971,-0.518949063450363
0,1.19449405256532e-5,0.0012080751577971,-2.0049099621012143
1,0.158609022551648,0.0012080751577971,2.118233934915298
0,0.0012080751577971,0.0012080751577971,0
0,1.30263373431698e-4,0.0012080751577971,-0.9672716329109126
0,1.5668546654684e-4,0.0012080751577971,-0.8870652387274465
0,0.00553132915205021,0.0012080751577971,0.6607355489181621
0,3.53490463294673e-4,0.0012080751577971,-0.5337162522224761
0,2.10804182913603e-4,0.0012080751577971,-0.7582147296431553
0,3.65716782577305e-4,8.83534412718394e-5,0.6169214208953693
0,1.5668546654684e-4,8.83534412718394e-5,0.24880524561828588
0,1.30263373431698e-4,8.83534412718394e-5,0.16859885143481976
0,4.72595600981951e-5,8.83534412718394e-5,-0.2717337946649068
0,3.53490463294673e-4,8.83534412718394e-5,0.60215423212325625
0,0.0012080751577971,8.83534412718394e-5,1.1358704843457323
0,6.08511398680015e-4,8.83534412718394e-5,0.838045248401474
0,1.19449405256532e-5,8.83534412718394e-5,-0.8690394777554821
0,2.10804182913603e-4,8.83534412718394e-5,0.37765575470257706
0,0.00553132915205021,8.83534412718394e-5,1.7966060332638945
0,5.35603567703112e-4,8.83534412718394e-5,0.7826199917470696
0,7.50659779764523e-5,8.83534412718394e-5,-0.07078032241855169
1,0.158609022551648,8.83534412718394e-5,3.2541044192610302
0,6.10177989792903e-4,8.83534412718394e-5,0.8392330683364922
0,8.83534412718394e-5,8.83534412718394e-5,0
0,4.33491365291274e-5,8.83534412718394e-5,-0.30924301828440715
0,8.73019634383165e-5,8.83534412718394e-5,-0.0051994582931338545
0,0.0025222261063837,8.83534412718394e-5,1.455560547079529
0,2.39837735078433e-4,8.83534412718394e-5,0.4336940447616345
0,4.72595600981951e-5,3.65716782577305e-4,-0.8886552155602762
0,1.5668546654684e-4,3.65716782577305e-4,-0.3681161752770835
0,5.35603567703112e-4,3.65716782577305e-4,0.1656985708517003
0,8.83534412718394e-5,3.65716782577305e-4,-0.6169214208953693
0,6.08511398680015e-4,3.65716782577305e-4,0.22112382750610463
1,0.158609022551648,3.65716782577305e-4,2.637182998365661
0,2.10804182913603e-4,3.65716782577305e-4,-0.23926566619279227
0,3.65716782577305e-4,3.65716782577305e-4,0
0,0.0012080751577971,3.65716782577305e-4,0.518949063450363
0,0.0025222261063837,3.65716782577305e-4,0.8386391261841596
0,6.10177989792903e-4,3.65716782577305e-4,0.22231164744112286
0,4.33491365291274e-5,3.65716782577305e-4,-0.9261644391797765
0,8.73019634383165e-5,3.65716782577305e-4,-0.6221208791885032
0,1.30263373431698e-4,3.65716782577305e-4,-0.44832256946054955
0,1.19449405256532e-5,3.65716782577305e-4,-1.4859608986508515
0,3.53490463294673e-4,3.65716782577305e-4,-0.014767188772113062
1,0.00553132915205021,3.65716782577305e-4,1.1796846123685252
0,7.50659779764523e-5,3.65716782577305e-4,-0.687701743313921
0,2.39837735078433e-4,3.65716782577305e-4,-0.18322737613373488
0,1.5668546654684e-4,6.10177989792903e-4,-0.5904278227182064
0,0.0012080751577971,6.10177989792903e-4,0.29663741600924015
0,3.53490463294673e-4,6.10177989792903e-4,-0.23707883621323594
1,5.35603567703112e-4,6.10177989792903e-4,-0.056613076589422565
0,7.50659779764523e-5,6.10177989792903e-4,-0.910013390755044
1,0.00553132915205021,6.10177989792903e-4,0.9573729649274023
0,4.72595600981951e-5,6.10177989792903e-4,-1.1109668630013991
0,6.10177989792903e-4,6.10177989792903e-4,0
0,2.39837735078433e-4,6.10177989792903e-4,-0.40553902357485777
0,2.10804182913603e-4,6.10177989792903e-4,-0.4615773136339151
0,1.30263373431698e-4,6.10177989792903e-4,-0.6706342169016725
0,8.73019634383165e-5,6.10177989792903e-4,-0.8444325266296261
0,1.19449405256532e-5,6.10177989792903e-4,-1.7082725460919743
0,8.83534412718394e-5,6.10177989792903e-4,-0.8392330683364922
0,6.08511398680015e-4,6.10177989792903e-4,-0.0011878199350182407
0,0.0025222261063837,6.10177989792903e-4,0.6163274787430366
1,0.158609022551648,6.10177989792903e-4,2.414871350924538
0,4.33491365291274e-5,6.10177989792903e-4,-1.1484760866208994
0,3.65716782577305e-4,6.10177989792903e-4,-0.2223116474411229
0,0.00553132915205021,0.158609022551648,-1.457498385997136
0,3.65716782577305e-4,0.158609022551648,-2.637182998365661
0,1.30263373431698e-4,0.158609022551648,-3.0855055678262104
0,3.53490463294673e-4,0.158609022551648,-2.651950187137774
0,7.50659779764523e-5,0.158609022551648,-3.324884741679582
0,2.10804182913603e-4,0.158609022551648,-2.876448664558453
0,1.5668546654684e-4,0.158609022551648,-3.0052991736427446
0,8.83534412718394e-5,0.158609022551648,-3.2541044192610302
0,0.0025222261063837,0.158609022551648,-1.7985438721815015
0,4.72595600981951e-5,0.158609022551648,-3.525838213925937
0,6.10177989792903e-4,0.158609022551648,-2.414871350924538
0,0.0012080751577971,0.158609022551648,-2.118233934915298
0,0.158609022551648,0.158609022551648,0
0,1.19449405256532e-5,0.158609022551648,-4.123143897016512
0,6.08511398680015e-4,0.158609022551648,-2.4160591708595565
0,2.39837735078433e-4,0.158609022551648,-2.820410374499396
0,8.73019634383165e-5,0.158609022551648,-3.259303877554164
0,5.35603567703112e-4,0.158609022551648,-2.4714844275139605
0,4.33491365291274e-5,0.158609022551648,-3.5633474375454375
0,8.83534412718394e-5,5.35603567703112e-4,-0.7826199917470696
0,4.33491365291274e-5,5.35603567703112e-4,-1.0918630100314768
0,2.39837735078433e-4,5.35603567703112e-4,-0.34892594698543516
0,0.00553132915205021,5.35603567703112e-4,1.013986041516825
0,1.19449405256532e-5,5.35603567703112e-4,-1.6516594695025517
0,3.53490463294673e-4,5.35603567703112e-4,-0.18046575962381337
1,0.158609022551648,5.35603567703112e-4,2.471484427513961
0,1.30263373431698e-4,5.35603567703112e-4,-0.6140211403122499
0,4.72595600981951e-5,5.35603567703112e-4,-1.0543537864119765
0,8.73019634383165e-5,5.35603567703112e-4,-0.7878194500402036
0,6.10177989792903e-4,5.35603567703112e-4,0.05661307658942261
0,1.5668546654684e-4,5.35603567703112e-4,-0.5338147461287838
0,5.35603567703112e-4,5.35603567703112e-4,0
0,6.08511398680015e-4,5.35603567703112e-4,0.05542525665440433
0,0.0025222261063837,5.35603567703112e-4,0.6729405553324592
0,3.65716782577305e-4,5.35603567703112e-4,-0.1656985708517003
0,7.50659779764523e-5,5.35603567703112e-4,-0.8534003141656213
0,2.10804182913603e-4,5.35603567703112e-4,-0.4049642370444925
0,0.0012080751577971,5.35603567703112e-4,0.3532504925986627
0,2.39837735078433e-4,1.19449405256532e-5,1.3027335225171166
0,8.73019634383165e-5,1.19449405256532e-5,0.8638400194623482
0,0.0025222261063837,1.19449405256532e-5,2.3246000248350107
1,1.5668546654684e-4,1.19449405256532e-5,1.1178447233737678
0,3.65716782577305e-4,1.19449405256532e-5,1.4859608986508515
0,5.35603567703112e-4,1.19449405256532e-5,1.6516594695025517
0,6.08511398680015e-4,1.19449405256532e-5,1.707084726156956
0,2.10804182913603e-4,1.19449405256532e-5,1.2466952324580591
0,8.83534412718394e-5,1.19449405256532e-5,0.8690394777554821
0,6.10177989792903e-4,1.19449405256532e-5,1.7082725460919743
0,0.00553132915205021,1.19449405256532e-5,2.6656455110193766
0,4.33491365291274e-5,1.19449405256532e-5,0.5597964594710749
0,1.19449405256532e-5,1.19449405256532e-5,0
0,7.50659779764523e-5,1.19449405256532e-5,0.7982591553369304
0,0.158609022551648,1.19449405256532e-5,4.123143897016512
0,4.72595600981951e-5,1.19449405256532e-5,0.5973056830905752
0,1.30263373431698e-4,1.19449405256532e-5,1.037638329190302
0,3.53490463294673e-4,1.19449405256532e-5,1.4711937098787384
0,0.0012080751577971,1.19449405256532e-5,2.0049099621012143
0,0.158609022551648,8.73019634383165e-5,3.259303877554164
0,1.19449405256532e-5,8.73019634383165e-5,-0.8638400194623482
1,8.83534412718394e-5,8.73019634383165e-5,0.005199458293133857
1,0.00553132915205021,8.73019634383165e-5,1.8018054915570283
0,6.10177989792903e-4,8.73019634383165e-5,0.8444325266296261
0,1.30263373431698e-4,8.73019634383165e-5,0.17379830972795363
0,4.33491365291274e-5,8.73019634383165e-5,-0.3040435599912733
0,1.5668546654684e-4,8.73019634383165e-5,0.2540047039114197
0,7.50659779764523e-5,8.73019634383165e-5,-0.0655808641254178
0,8.73019634383165e-5,8.73019634383165e-5,0
0,3.65716782577305e-4,8.73019634383165e-5,0.6221208791885032
0,2.39837735078433e-4,8.73019634383165e-5,0.4388935030547684
1,4.72595600981951e-5,8.73019634383165e-5,-0.26653433637177293
0,0.0012080751577971,8.73019634383165e-5,1.1410699426388662
0,3.53490463294673e-4,8.73019634383165e-5,0.6073536904163901
0,0.0025222261063837,8.73019634383165e-5,1.4607600053726628
0,2.10804182913603e-4,8.73019634383165e-5,0.382855212995711
0,5.35603567703112e-4,8.73019634383165e-5,0.7878194500402035
0,6.08511398680015e-4,8.73019634383165e-5,0.8432447066946078
1,4.72595600981951e-5,1.5668546654684e-4,-0.5205390402831928
0,3.65716782577305e-4,1.5668546654684e-4,0.3681161752770835
0,3.53490463294673e-4,1.5668546654684e-4,0.3533489865049704
0,2.39837735078433e-4,1.5668546654684e-4,0.18488879914334863
0,6.10177989792903e-4,1.5668546654684e-4,0.5904278227182064
0,7.50659779764523e-5,1.5668546654684e-4,-0.3195855680368375
1,4.33491365291274e-5,1.5668546654684e-4,-0.558048263902693
0,2.10804182913603e-4,1.5668546654684e-4,0.12885050908429124
0,1.19449405256532e-5,1.5668546654684e-4,-1.1178447233737678
1,5.35603567703112e-4,1.5668546654684e-4,0.5338147461287838
0,8.73019634383165e-5,1.5668546654684e-4,-0.2540047039114197
1,6.08511398680015e-4,1.5668546654684e-4,0.5892400027831881
0,1.5668546654684e-4,1.5668546654684e-4,0
1,0.0025222261063837,1.5668546654684e-4,1.2067553014612429
0,0.0012080751577971,1.5668546654684e-4,0.8870652387274466
1,8.83534412718394e-5,1.5668546654684e-4,-0.24880524561828585
1,0.158609022551648,1.5668546654684e-4,3.0052991736427446
1,0.00553132915205021,1.5668546654684e-4,1.5478007876456086
0,1.30263373431698e-4,1.5668546654684e-4,-0.08020639418346605
1,0.158609022551648,7.50659779764523e-5,3.324884741679582
0,3.53490463294673e-4,7.50659779764523e-5,0.672934554541808
1,0.00553132915205021,7.50659779764523e-5,1.8673863556824462
0,1.30263373431698e-4,7.50659779764523e-5,0.2393791738533715
0,1.19449405256532e-5,7.50659779764523e-5,-0.7982591553369304
0,4.72595600981951e-5,7.50659779764523e-5,-0.2009534722463551
0,2.39837735078433e-4,7.50659779764523e-5,0.5044743671801862
0,6.10177989792903e-4,7.50659779764523e-5,0.910013390755044
0,7.50659779764523e-5,7.50659779764523e-5,0
0,4.33491365291274e-5,7.50659779764523e-5,-0.23846269586585547
0,6.08511398680015e-4,7.50659779764523e-5,0.9088255708200257
0,8.73019634383165e-5,7.50659779764523e-5,0.06558086412541786
0,0.0012080751577971,7.50659779764523e-5,1.206650806764284
0,3.65716782577305e-4,7.50659779764523e-5,0.6877017433139211
0,2.10804182913603e-4,7.50659779764523e-5,0.4484360771211288
0,8.83534412718394e-5,7.50659779764523e-5,0.07078032241855173
0,0.0025222261063837,7.50659779764523e-5,1.5263408694980807
0,1.5668546654684e-4,7.50659779764523e-5,0.3195855680368376
1,5.35603567703112e-4,7.50659779764523e-5,0.8534003141656213
0,6.08511398680015e-4,3.53490463294673e-4,0.23589101627821768
0,0.158609022551648,3.53490463294673e-4,2.651950187137774
0,0.0012080751577971,3.53490463294673e-4,0.5337162522224761
0,8.83534412718394e-5,3.53490463294673e-4,-0.60215423212325625
0,6.10177989792903e-4,3.53490463294673e-4,0.23707883621323597
0,7.50659779764523e-5,3.53490463294673e-4,-0.672934554541808
0,4.33491365291274e-5,3.53490463294673e-4,-0.9113972504076634
0,4.72595600981951e-5,3.53490463294673e-4,-0.8738880267881631
0,0.0025222261063837,3.53490463294673e-4,0.8534063149562726
0,3.65716782577305e-4,3.53490463294673e-4,0.014767188772113055
0,3.53490463294673e-4,3.53490463294673e-4,0
0,1.19449405256532e-5,3.53490463294673e-4,-1.4711937098787384
0,2.39837735078433e-4,3.53490463294673e-4,-0.16846018736162183
0,0.00553132915205021,3.53490463294673e-4,1.1944518011406382
0,8.73019634383165e-5,3.53490463294673e-4,-0.6073536904163902
0,1.5668546654684e-4,3.53490463294673e-4,-0.35334898650497043
0,5.35603567703112e-4,3.53490463294673e-4,0.18046575962381337
0,1.30263373431698e-4,3.53490463294673e-4,-0.4335553806884365
0,2.10804182913603e-4,3.53490463294673e-4,-0.22449847742067913
0,6.10177989792903e-4,4.33491365291274e-5,1.1484760866208994
1,0.158609022551648,4.33491365291274e-5,3.5633474375454375
0,8.83534412718394e-5,4.33491365291274e-5,0.3092430182844072
0,5.35603567703112e-4,4.33491365291274e-5,1.0918630100314768
0,8.73019634383165e-5,4.33491365291274e-5,0.30404355999127325
0,0.0025222261063837,4.33491365291274e-5,1.764803565363936
0,1.30263373431698e-4,4.33491365291274e-5,0.47784186971922693
0,4.33491365291274e-5,4.33491365291274e-5,0
0,4.72595600981951e-5,4.33491365291274e-5,0.03750922361950037
0,2.10804182913603e-4,4.33491365291274e-5,0.6868987729869843
0,7.50659779764523e-5,4.33491365291274e-5,0.23846269586585545
0,6.08511398680015e-4,4.33491365291274e-5,1.1472882666858812
0,1.19449405256532e-5,4.33491365291274e-5,-0.5597964594710749
0,2.39837735078433e-4,4.33491365291274e-5,0.7429370630460417
1,0.00553132915205021,4.33491365291274e-5,2.1058490515483017
0,3.65716782577305e-4,4.33491365291274e-5,0.9261644391797765
0,3.53490463294673e-4,4.33491365291274e-5,0.9113972504076635
0,1.5668546654684e-4,4.33491365291274e-5,0.558048263902693
0,0.0012080751577971,4.33491365291274e-5,1.4451135026301396
0,0.0012080751577971,2.39837735078433e-4,0.7021764395840979
0,7.50659779764523e-5,2.39837735078433e-4,-0.5044743671801861
0,0.0025222261063837,2.39837735078433e-4,1.0218665023178943
0,5.35603567703112e-4,2.39837735078433e-4,0.34892594698543516
0,4.72595600981951e-5,2.39837735078433e-4,-0.7054278394265413
0,3.53490463294673e-4,2.39837735078433e-4,0.1684601873616218
0,2.10804182913603e-4,2.39837735078433e-4,-0.05603829005905734
0,3.65716782577305e-4,2.39837735078433e-4,0.18322737613373488
0,8.83534412718394e-5,2.39837735078433e-4,-0.4336940447616345
0,2.39837735078433e-4,2.39837735078433e-4,0
0,1.5668546654684e-4,2.39837735078433e-4,-0.1848887991433486
0,6.10177989792903e-4,2.39837735078433e-4,0.40553902357485777
0,1.30263373431698e-4,2.39837735078433e-4,-0.2650951933268147
0,0.00553132915205021,2.39837735078433e-4,1.36291198850226
0,6.08511398680015e-4,2.39837735078433e-4,0.40435120363983945
0,0.158609022551648,2.39837735078433e-4,2.820410374499396
0,1.19449405256532e-5,2.39837735078433e-4,-1.3027335225171166
0,8.73019634383165e-5,2.39837735078433e-4,-0.4388935030547683
0,4.33491365291274e-5,2.39837735078433e-4,-0.7429370630460416
0,3.53490463294673e-4,6.08511398680015e-4,-0.23589101627821768
0,3.65716782577305e-4,6.08511398680015e-4,-0.2211238275061046
1,0.00553132915205021,6.08511398680015e-4,0.9585607848624205
0,1.19449405256532e-5,6.08511398680015e-4,-1.707084726156956
0,8.83534412718394e-5,6.08511398680015e-4,-0.838045248401474
0,4.72595600981951e-5,6.08511398680015e-4,-1.1097790430663808
0,1.5668546654684e-4,6.08511398680015e-4,-0.5892400027831881
0,2.39837735078433e-4,6.08511398680015e-4,-0.4043512036398395
0,0.0012080751577971,6.08511398680015e-4,0.2978252359442584
0,8.73019634383165e-5,6.08511398680015e-4,-0.8432447066946078
0,0.0025222261063837,6.08511398680015e-4,0.6175152986780549
0,5.35603567703112e-4,6.08511398680015e-4,-0.055425256654404315
0,7.50659779764523e-5,6.08511398680015e-4,-0.9088255708200257
0,6.08511398680015e-4,6.08511398680015e-4,0
0,0.158609022551648,6.08511398680015e-4,2.4160591708595565
0,1.30263373431698e-4,6.08511398680015e-4,-0.6694463969666542
0,4.33491365291274e-5,6.08511398680015e-4,-1.1472882666858812
0,2.10804182913603e-4,6.08511398680015e-4,-0.46038949369889687
0,6.10177989792903e-4,6.08511398680015e-4,0.0011878199350182433
0,3.65716782577305e-4,0.0025222261063837,-0.8386391261841596
0,4.72595600981951e-5,0.0025222261063837,-1.7272943417444357
0,1.30263373431698e-4,0.0025222261063837,-1.2869616956447092
0,2.39837735078433e-4,0.0025222261063837,-1.0218665023178943
0,6.08511398680015e-4,0.0025222261063837,-0.6175152986780549
0,8.73019634383165e-5,0.0025222261063837,-1.4607600053726628
0,1.5668546654684e-4,0.0025222261063837,-1.206755301461243
0,1.19449405256532e-5,0.0025222261063837,-2.3246000248350107
0,7.50659779764523e-5,0.0025222261063837,-1.5263408694980807
0,4.33491365291274e-5,0.0025222261063837,-1.764803565363936
0,3.53490463294673e-4,0.0025222261063837,-0.8534063149562726
0,8.83534412718394e-5,0.0025222261063837,-1.4555605470795288
0,6.10177989792903e-4,0.0025222261063837,-0.6163274787430366
0,0.0025222261063837,0.0025222261063837,0
1,0.00553132915205021,0.0025222261063837,0.3410454861843656
0,0.0012080751577971,0.0025222261063837,-0.31969006273379647
1,0.158609022551648,0.0025222261063837,1.7985438721815015
0,2.10804182913603e-4,0.0025222261063837,-1.0779047923769518
0,5.35603567703112e-4,0.0025222261063837,-0.6729405553324592
0,3.7888112348609e-4,0.0035814665394801,-0.9755579295257428
0,9.13785895771802e-5,0.0035814665394801,-1.5932164475730735
0,3.28258741375984e-4,0.0035814665394801,-1.0378445980628852
1,3.20479338749813e-4,0.0035814665394801,-1.0482608621726843
0,5.51958608093439e-5,0.0035814665394801,-1.812154387246646
0,6.62096693177461e-4,0.0035814665394801,-0.7331394792206366
0,1.17933206470744e-4,0.0035814665394801,-1.4824247913593567
0,2.35630114696339e-4,0.0035814665394801,-1.1818301033870677
0,2.09976444451191e-5,0.0035814665394801,-2.231890320534085
0,0.00176072993936776,0.0035814665394801,-0.3083681490176622
0,3.23795254265866e-5,0.0035814665394801,-2.0437904188482587
0,0.0035814665394801,0.0035814665394801,0
0,7.63695533922524e-5,0.0035814665394801,-1.671140647172443
0,7.59567056507253e-4,0.0035814665394801,-0.6734947775260509
0,0.00599970296841051,0.0035814665394801,0.2240688519517672
0,2.09627875388673e-4,0.0035814665394801,-1.2326118653232006
0,1.31703429918852e-4,0.0035814665394801,-1.4344638127067586
1,1.1374216147146,0.0035814665394801,2.5018605789676642
0,2.41228951907639e-4,0.0035814665394801,-1.1716314681205804
0,9.01092321992476e-4,0.0035814665394801,-0.5992916088576344
0,9.13785895771802e-5,2.35630114696339e-4,-0.4113863441860056
0,3.28258741375984e-4,2.35630114696339e-4,0.14398550532418247
0,0.0035814665394801,2.35630114696339e-4,1.1818301033870677
0,1.31703429918852e-4,2.35630114696339e-4,-0.25263370931969076
0,9.01092321992476e-4,2.35630114696339e-4,0.5825384945294333
0,0.00176072993936776,2.35630114696339e-4,0.8734619543694057
0,3.20479338749813e-4,2.35630114696339e-4,0.13356924121438335
0,7.63695533922524e-5,2.35630114696339e-4,-0.48931054378537525
0,6.62096693177461e-4,2.35630114696339e-4,0.4486906241664312
0,5.51958608093439e-5,2.35630114696339e-4,-0.6303242838595782
0,7.59567056507253e-4,2.35630114696339e-4,0.5083353258610169
0,3.7888112348609e-4,2.35630114696339e-4,0.20627217386132496
0,3.23795254265866e-5,2.35630114696339e-4,-0.861960315461191
0,1.17933206470744e-4,2.35630114696339e-4,-0.3005946879722888
0,2.09627875388673e-4,2.35630114696339e-4,-0.05078176193613272
0,0.00599970296841051,2.35630114696339e-4,1.405898955338835
0,2.41228951907639e-4,2.35630114696339e-4,0.010198635266487328
0,2.09976444451191e-5,2.35630114696339e-4,-1.050060217147017
1,1.1374216147146,2.35630114696339e-4,3.683690682354732
0,2.35630114696339e-4,2.35630114696339e-4,0
0,1.31703429918852e-4,0.00599970296841051,-1.6585326646585257
0,1.1374216147146,0.00599970296841051,2.2777917270158974
0,0.0035814665394801,0.00599970296841051,-0.22406885195176718
0,0.00176072993936776,0.00599970296841051,-0.5324370009694294
0,9.01092321992476e-4,0.00599970296841051,-0.8233604608094017
0,2.35630114696339e-4,0.00599970296841051,-1.405898955338835
0,2.41228951907639e-4,0.00599970296841051,-1.3957003200723477
0,3.23795254265866e-5,0.00599970296841051,-2.267859270800026
0,0.00599970296841051,0.00599970296841051,0
0,3.28258741375984e-4,0.00599970296841051,-1.2619134500146525
0,7.63695533922524e-5,0.00599970296841051,-1.8952094991242103
0,5.51958608093439e-5,0.00599970296841051,-2.036223239198413
0,6.62096693177461e-4,0.00599970296841051,-0.9572083311724039
0,7.59567056507253e-4,0.00599970296841051,-0.8975636294778181
0,1.17933206470744e-4,0.00599970296841051,-1.706493643311124
0,2.09976444451191e-5,0.00599970296841051,-2.455959172485852
0,9.13785895771802e-5,0.00599970296841051,-1.8172852995248405
0,2.09627875388673e-4,0.00599970296841051,-1.4566807172749676
0,3.7888112348609e-4,0.00599970296841051,-1.19962678147751
0,3.20479338749813e-4,0.00599970296841051,-1.2723297141244516
0,2.35630114696339e-4,0.00176072993936776,-0.8734619543694057
0,2.09627875388673e-4,0.00176072993936776,-0.9242437163055383
0,0.00599970296841051,0.00176072993936776,0.5324370009694294
0,7.59567056507253e-4,0.00176072993936776,-0.36512662850838873
0,2.41228951907639e-4,0.00176072993936776,-0.8632633191029182
0,9.01092321992476e-4,0.00176072993936776,-0.2909234598399723
0,1.1374216147146,0.00176072993936776,2.8102287279853266
0,3.23795254265866e-5,0.00176072993936776,-1.7354222698305966
0,3.20479338749813e-4,0.00176072993936776,-0.7398927131550223
0,1.31703429918852e-4,0.00176072993936776,-1.1260956636890962
0,1.17933206470744e-4,0.00176072993936776,-1.1740566423416945
0,3.28258741375984e-4,0.00176072993936776,-0.7294764490452231
0,2.09976444451191e-5,0.00176072993936776,-1.9235221715164226
0,6.62096693177461e-4,0.00176072993936776,-0.4247713302029744
0,0.0035814665394801,0.00176072993936776,0.3083681490176622
0,3.7888112348609e-4,0.00176072993936776,-0.6671897805080806
0,9.13785895771802e-5,0.00176072993936776,-1.2848482985554113
0,5.51958608093439e-5,0.00176072993936776,-1.5037862382289837
0,7.63695533922524e-5,0.00176072993936776,-1.3627724981547809
0,0.00176072993936776,0.00176072993936776,0
0,1.31703429918852e-4,9.13785895771802e-5,0.15875263486631488
0,9.01092321992476e-4,9.13785895771802e-5,0.9939248387154389
0,0.00599970296841051,9.13785895771802e-5,1.8172852995248405
0,9.13785895771802e-5,9.13785895771802e-5,0
0,2.09976444451191e-5,9.13785895771802e-5,-0.6386738729610114
0,6.62096693177461e-4,9.13785895771802e-5,0.8600769683524367
0,0.0035814665394801,9.13785895771802e-5,1.5932164475730735
0,3.7888112348609e-4,9.13785895771802e-5,0.6176585180473305
0,7.59567056507253e-4,9.13785895771802e-5,0.9197216700470224
0,7.63695533922524e-5,9.13785895771802e-5,-0.07792419959936968
0,3.20479338749813e-4,9.13785895771802e-5,0.544955585400389
0,2.35630114696339e-4,9.13785895771802e-5,0.4113863441860056
0,2.09627875388673e-4,9.13785895771802e-5,0.3606045822498729
0,2.41228951907639e-4,9.13785895771802e-5,0.42158497945249296
0,3.23795254265866e-5,9.13785895771802e-5,-0.4505739712751854
0,3.28258741375984e-4,9.13785895771802e-5,0.5553718495101881
0,1.17933206470744e-4,9.13785895771802e-5,0.11079165621371674
0,5.51958608093439e-5,9.13785895771802e-5,-0.21893793967357256
0,0.00176072993936776,9.13785895771802e-5,1.2848482985554113
1,1.1374216147146,9.13785895771802e-5,4.0950770265407375
0,2.41228951907639e-4,3.7888112348609e-4,-0.1960735385948376
0,3.20479338749813e-4,3.7888112348609e-4,-0.0727029326469416
0,7.59567056507253e-4,3.7888112348609e-4,0.30206315199969197
0,0.00176072993936776,3.7888112348609e-4,0.6671897805080806
0,2.09627875388673e-4,3.7888112348609e-4,-0.2570539357974576
0,3.28258741375984e-4,3.7888112348609e-4,-0.06228666853714246
0,6.62096693177461e-4,3.7888112348609e-4,0.2424184503051062
0,3.23795254265866e-5,3.7888112348609e-4,-1.068232489322516
0,3.7888112348609e-4,3.7888112348609e-4,0
0,2.35630114696339e-4,3.7888112348609e-4,-0.20627217386132496
1,1.1374216147146,3.7888112348609e-4,3.477418508493407
0,7.63695533922524e-5,3.7888112348609e-4,-0.6955827176467002
0,2.09976444451191e-5,3.7888112348609e-4,-1.256332391008342
0,0.00599970296841051,3.7888112348609e-4,1.1996267814775101
0,9.01092321992476e-4,3.7888112348609e-4,0.3762663206681084
0,1.17933206470744e-4,3.7888112348609e-4,-0.5068668618336137
0,0.0035814665394801,3.7888112348609e-4,0.9755579295257428
0,1.31703429918852e-4,3.7888112348609e-4,-0.4589058831810157
0,9.13785895771802e-5,3.7888112348609e-4,-0.6176585180473306
0,5.51958608093439e-5,3.7888112348609e-4,-0.8365964577209032
0,0.0035814665394801,2.41228951907639e-4,1.1716314681205804
0,1.17933206470744e-4,2.41228951907639e-4,-0.3107933232387762
0,3.23795254265866e-5,2.41228951907639e-4,-0.8721589507276784
0,1.1374216147146,2.41228951907639e-4,3.673492047088245
0,3.7888112348609e-4,2.41228951907639e-4,0.19607353859483762
0,7.63695533922524e-5,2.41228951907639e-4,-0.4995091790518627
0,3.20479338749813e-4,2.41228951907639e-4,0.12337060594789599
0,0.00599970296841051,2.41228951907639e-4,1.3957003200723477
0,2.41228951907639e-4,2.41228951907639e-4,0
0,0.00176072993936776,2.41228951907639e-4,0.8632633191029182
0,5.51958608093439e-5,2.41228951907639e-4,-0.6405229191260655
0,9.01092321992476e-4,2.41228951907639e-4,0.572339859262946
0,3.28258741375984e-4,2.41228951907639e-4,0.1337868700576951
0,9.13785895771802e-5,2.41228951907639e-4,-0.421584979452493
0,7.59567056507253e-4,2.41228951907639e-4,0.49813669059452953
0,2.09976444451191e-5,2.41228951907639e-4,-1.0602588524135044
0,6.62096693177461e-4,2.41228951907639e-4,0.4384919888999438
0,2.35630114696339e-4,2.41228951907639e-4,-0.010198635266487361
0,1.31703429918852e-4,2.41228951907639e-4,-0.26283234458617816
0,2.09627875388673e-4,2.41228951907639e-4,-0.060980397202620086
0,7.59567056507253e-4,1.31703429918852e-4,0.7609690351807077
0,3.28258741375984e-4,1.31703429918852e-4,0.39661921464387323
0,9.13785895771802e-5,1.31703429918852e-4,-0.15875263486631488
1,0.0035814665394801,1.31703429918852e-4,1.4344638127067586
0,2.35630114696339e-4,1.31703429918852e-4,0.25263370931969076
0,3.7888112348609e-4,1.31703429918852e-4,0.45890588318101566
0,2.41228951907639e-4,1.31703429918852e-4,0.2628323445861781
0,1.31703429918852e-4,1.31703429918852e-4,0
0,0.00176072993936776,1.31703429918852e-4,1.1260956636890964
1,3.20479338749813e-4,1.31703429918852e-4,0.38620295053407405
0,2.09627875388673e-4,1.31703429918852e-4,0.20185194738355802
0,1.17933206470744e-4,1.31703429918852e-4,-0.047960978652598116
0,6.62096693177461e-4,1.31703429918852e-4,0.7013243334861219
0,2.09976444451191e-5,1.31703429918852e-4,-0.7974265078273263
1,1.1374216147146,1.31703429918852e-4,3.936324391674423
0,9.01092321992476e-4,1.31703429918852e-4,0.835172203849124
0,7.63695533922524e-5,1.31703429918852e-4,-0.23667683446568458
0,5.51958608093439e-5,1.31703429918852e-4,-0.37769057453988747
1,0.00599970296841051,1.31703429918852e-4,1.6585326646585257
0,3.23795254265866e-5,1.31703429918852e-4,-0.6093266061415002
0,3.28258741375984e-4,3.28258741375984e-4,0
0,1.17933206470744e-4,3.28258741375984e-4,-0.4445801932964713
0,2.09627875388673e-4,3.28258741375984e-4,-0.19476726726031515
0,0.0035814665394801,3.28258741375984e-4,1.0378445980628854
0,3.23795254265866e-5,3.28258741375984e-4,-1.0059458207853735
1,1.1374216147146,3.28258741375984e-4,3.53970517703055
0,2.41228951907639e-4,3.28258741375984e-4,-0.1337868700576951
0,3.7888112348609e-4,3.28258741375984e-4,0.06228666853714246
0,9.01092321992476e-4,3.28258741375984e-4,0.4385529892052509
0,7.59567056507253e-4,3.28258741375984e-4,0.3643498205368344
0,2.35630114696339e-4,3.28258741375984e-4,-0.14398550532418244
0,7.63695533922524e-5,3.28258741375984e-4,-0.6332960491095577
0,3.20479338749813e-4,3.28258741375984e-4,-0.010416264109799109
0,5.51958608093439e-5,3.28258741375984e-4,-0.7743097891837607
0,6.62096693177461e-4,3.28258741375984e-4,0.30470511884224866
0,9.13785895771802e-5,3.28258741375984e-4,-0.5553718495101881
0,0.00176072993936776,3.28258741375984e-4,0.7294764490452231
0,0.00599970296841051,3.28258741375984e-4,1.2619134500146525
0,2.09976444451191e-5,3.28258741375984e-4,-1.1940457224711993
0,1.31703429918852e-4,3.28258741375984e-4,-0.39661921464387323
0,0.00599970296841051,6.62096693177461e-4,0.9572083311724039
0,1.1374216147146,6.62096693177461e-4,3.235000058188301
0,3.7888112348609e-4,6.62096693177461e-4,-0.24241845030510617
0,0.00176072993936776,6.62096693177461e-4,0.4247713302029745
0,2.41228951907639e-4,6.62096693177461e-4,-0.4384919888999438
0,2.09976444451191e-5,6.62096693177461e-4,-1.498750841313448
0,9.01092321992476e-4,6.62096693177461e-4,0.13384787036300216
0,6.62096693177461e-4,6.62096693177461e-4,0
0,7.63695533922524e-5,6.62096693177461e-4,-0.9380011679518064
0,9.13785895771802e-5,6.62096693177461e-4,-0.8600769683524367
0,2.09627875388673e-4,6.62096693177461e-4,-0.49947238610256384
0,0.0035814665394801,6.62096693177461e-4,0.7331394792206366
0,3.28258741375984e-4,6.62096693177461e-4,-0.30470511884224866
0,5.51958608093439e-5,6.62096693177461e-4,-1.0790149080260094
0,3.20479338749813e-4,6.62096693177461e-4,-0.3151213829520478
0,7.59567056507253e-4,6.62096693177461e-4,0.05964470169458571
0,2.35630114696339e-4,6.62096693177461e-4,-0.4486906241664312
0,3.23795254265866e-5,6.62096693177461e-4,-1.310650939627622
0,1.31703429918852e-4,6.62096693177461e-4,-0.7013243334861219
0,1.17933206470744e-4,6.62096693177461e-4,-0.74928531213872
0,2.09627875388673e-4,2.09976444451191e-5,0.9992784552108842
0,2.41228951907639e-4,2.09976444451191e-5,1.0602588524135044
0,0.00599970296841051,2.09976444451191e-5,2.455959172485852
0,9.13785895771802e-5,2.09976444451191e-5,0.6386738729610114
0,5.51958608093439e-5,2.09976444451191e-5,0.41973593328743874
0,2.09976444451191e-5,2.09976444451191e-5,0
0,0.0035814665394801,2.09976444451191e-5,2.231890320534085
1,1.1374216147146,2.09976444451191e-5,4.733750899501749
0,3.20479338749813e-4,2.09976444451191e-5,1.1836294583614004
0,1.17933206470744e-4,2.09976444451191e-5,0.7494655291747281
0,3.23795254265866e-5,2.09976444451191e-5,0.18809990168582597
0,0.00176072993936776,2.09976444451191e-5,1.9235221715164226
0,7.63695533922524e-5,2.09976444451191e-5,0.5607496733616417
0,9.01092321992476e-4,2.09976444451191e-5,1.6325987116764502
0,2.35630114696339e-4,2.09976444451191e-5,1.050060217147017
0,3.28258741375984e-4,2.09976444451191e-5,1.1940457224711996
0,6.62096693177461e-4,2.09976444451191e-5,1.498750841313448
1,3.7888112348609e-4,2.09976444451191e-5,1.256332391008342
0,7.59567056507253e-4,2.09976444451191e-5,1.5583955430080338
0,1.31703429918852e-4,2.09976444451191e-5,0.7974265078273262
0,1.17933206470744e-4,3.23795254265866e-5,0.5613656274889022
0,7.59567056507253e-4,3.23795254265866e-5,1.3702956413222078
0,0.0035814665394801,3.23795254265866e-5,2.0437904188482587
0,9.01092321992476e-4,3.23795254265866e-5,1.4444988099906244
1,3.20479338749813e-4,3.23795254265866e-5,0.9955295566755744
0,2.35630114696339e-4,3.23795254265866e-5,0.861960315461191
0,1.31703429918852e-4,3.23795254265866e-5,0.6093266061415002
1,2.09976444451191e-5,3.23795254265866e-5,-0.18809990168582594
0,6.62096693177461e-4,3.23795254265866e-5,1.3106509396276222
0,3.7888112348609e-4,3.23795254265866e-5,1.068232489322516
0,1.1374216147146,3.23795254265866e-5,4.545650997815923
0,2.41228951907639e-4,3.23795254265866e-5,0.8721589507276784
0,3.23795254265866e-5,3.23795254265866e-5,0
0,2.09627875388673e-4,3.23795254265866e-5,0.8111785535250583
0,0.00599970296841051,3.23795254265866e-5,2.267859270800026
0,0.00176072993936776,3.23795254265866e-5,1.7354222698305966
0,7.63695533922524e-5,3.23795254265866e-5,0.37264977167581576
0,9.13785895771802e-5,3.23795254265866e-5,0.4505739712751854
0,5.51958608093439e-5,3.23795254265866e-5,0.23163603160161284
0,3.28258741375984e-4,3.23795254265866e-5,1.0059458207853735
0,2.41228951907639e-4,5.51958608093439e-5,0.6405229191260655
0,9.13785895771802e-5,5.51958608093439e-5,0.21893793967357258
0,2.35630114696339e-4,5.51958608093439e-5,0.6303242838595782
0,3.28258741375984e-4,5.51958608093439e-5,0.7743097891837607
0,5.51958608093439e-5,5.51958608093439e-5,0
0,2.09976444451191e-5,5.51958608093439e-5,-0.41973593328743874
0,1.1374216147146,5.51958608093439e-5,4.314014966214311
0,7.63695533922524e-5,5.51958608093439e-5,0.1410137400742029
0,1.31703429918852e-4,5.51958608093439e-5,0.37769057453988747
0,7.59567056507253e-4,5.51958608093439e-5,1.138659609720595
0,2.09627875388673e-4,5.51958608093439e-5,0.5795425219234455
0,3.7888112348609e-4,5.51958608093439e-5,0.8365964577209032
0,0.00176072993936776,5.51958608093439e-5,1.5037862382289837
0,9.01092321992476e-4,5.51958608093439e-5,1.2128627783890116
0,3.23795254265866e-5,5.51958608093439e-5,-0.23163603160161284
0,6.62096693177461e-4,5.51958608093439e-5,1.0790149080260094
0,1.17933206470744e-4,5.51958608093439e-5,0.3297295958872894
0,0.0035814665394801,5.51958608093439e-5,1.812154387246646
0,0.00599970296841051,5.51958608093439e-5,2.036223239198413
0,3.20479338749813e-4,5.51958608093439e-5,0.7638935250739616
1,3.20479338749813e-4,2.09627875388673e-4,0.18435100315051609
0,3.7888112348609e-4,2.09627875388673e-4,0.25705393579745767
0,1.17933206470744e-4,2.09627875388673e-4,-0.24981292603615615
0,2.09627875388673e-4,2.09627875388673e-4,0
0,7.63695533922524e-5,2.09627875388673e-4,-0.4385287818492426
1,0.00599970296841051,2.09627875388673e-4,1.4566807172749676
0,7.59567056507253e-4,2.09627875388673e-4,0.5591170877971496
0,1.31703429918852e-4,2.09627875388673e-4,-0.201851947383558
0,2.35630114696339e-4,2.09627875388673e-4,0.05078176193613272
0,9.13785895771802e-5,2.09627875388673e-4,-0.3606045822498729
0,3.28258741375984e-4,2.09627875388673e-4,0.1947672672603152
0,6.62096693177461e-4,2.09627875388673e-4,0.4994723861025639
1,9.01092321992476e-4,2.09627875388673e-4,0.633320256465566
0,5.51958608093439e-5,2.09627875388673e-4,-0.5795425219234456
0,2.09976444451191e-5,2.09627875388673e-4,-0.9992784552108842
1,2.41228951907639e-4,2.09627875388673e-4,0.060980397202620044
0,3.23795254265866e-5,2.09627875388673e-4,-0.8111785535250583
0,0.00176072993936776,2.09627875388673e-4,0.9242437163055384
1,0.0035814665394801,2.09627875388673e-4,1.2326118653232006
1,1.1374216147146,2.09627875388673e-4,3.734472444290865
0,2.09627875388673e-4,7.63695533922524e-5,0.43852878184924254
0,0.00176072993936776,7.63695533922524e-5,1.3627724981547809
0,7.59567056507253e-4,7.63695533922524e-5,0.9976458696463921
1,1.1374216147146,7.63695533922524e-5,4.173001226140108
0,6.62096693177461e-4,7.63695533922524e-5,0.9380011679518064
0,7.63695533922524e-5,7.63695533922524e-5,0
0,2.41228951907639e-4,7.63695533922524e-5,0.4995091790518626
0,9.13785895771802e-5,7.63695533922524e-5,0.07792419959936965
0,0.0035814665394801,7.63695533922524e-5,1.671140647172443
0,1.31703429918852e-4,7.63695533922524e-5,0.23667683446568458
0,5.51958608093439e-5,7.63695533922524e-5,-0.14101374007420295
0,2.09976444451191e-5,7.63695533922524e-5,-0.5607496733616416
0,3.7888112348609e-4,7.63695533922524e-5,0.6955827176467003
0,2.35630114696339e-4,7.63695533922524e-5,0.4893105437853753
0,3.20479338749813e-4,7.63695533922524e-5,0.6228797849997587
0,3.23795254265866e-5,7.63695533922524e-5,-0.37264977167581576
0,0.00599970296841051,7.63695533922524e-5,1.8952094991242103
0,9.01092321992476e-4,7.63695533922524e-5,1.0718490383148087
0,3.28258741375984e-4,7.63695533922524e-5,0.6332960491095577
0,1.17933206470744e-4,7.63695533922524e-5,0.18871585581308647
0,2.41228951907639e-4,3.20479338749813e-4,-0.12337060594789599
0,3.23795254265866e-5,3.20479338749813e-4,-0.9955295566755744
0,6.62096693177461e-4,3.20479338749813e-4,0.3151213829520478
0,9.01092321992476e-4,3.20479338749813e-4,0.44896925331504994
0,1.31703429918852e-4,3.20479338749813e-4,-0.3862029505340741
0,0.00599970296841051,3.20479338749813e-4,1.2723297141244516
0,0.00176072993936776,3.20479338749813e-4,0.7398927131550223
0,3.20479338749813e-4,3.20479338749813e-4,0
0,0.0035814665394801,3.20479338749813e-4,1.0482608621726843
0,2.35630114696339e-4,3.20479338749813e-4,-0.13356924121438335
0,1.17933206470744e-4,3.20479338749813e-4,-0.43416392918667224
0,7.59567056507253e-4,3.20479338749813e-4,0.37476608464663347
1,1.1374216147146,3.20479338749813e-4,3.550121441140349
0,3.28258741375984e-4,3.20479338749813e-4,0.010416264109799095
0,9.13785895771802e-5,3.20479338749813e-4,-0.544955585400389
0,5.51958608093439e-5,3.20479338749813e-4,-0.7638935250739616
0,2.09976444451191e-5,3.20479338749813e-4,-1.1836294583614002
0,7.63695533922524e-5,3.20479338749813e-4,-0.6228797849997586
0,2.09627875388673e-4,3.20479338749813e-4,-0.18435100315051609
0,3.7888112348609e-4,3.20479338749813e-4,0.07270293264694155
0,1.1374216147146,1.1374216147146,0
0,0.00176072993936776,1.1374216147146,-2.8102287279853266
0,0.0035814665394801,1.1374216147146,-2.5018605789676647
0,3.28258741375984e-4,1.1374216147146,-3.53970517703055
0,9.13785895771802e-5,1.1374216147146,-4.0950770265407375
0,2.41228951907639e-4,1.1374216147146,-3.673492047088245
0,2.09976444451191e-5,1.1374216147146,-4.733750899501749
0,3.23795254265866e-5,1.1374216147146,-4.545650997815923
0,3.7888112348609e-4,1.1374216147146,-3.477418508493407
0,7.59567056507253e-4,1.1374216147146,-3.175355356493715
0,3.20479338749813e-4,1.1374216147146,-3.550121441140349
0,9.01092321992476e-4,1.1374216147146,-3.1011521878252988
0,2.09627875388673e-4,1.1374216147146,-3.734472444290865
0,0.00599970296841051,1.1374216147146,-2.2777917270158974
0,1.31703429918852e-4,1.1374216147146,-3.936324391674423
0,7.63695533922524e-5,1.1374216147146,-4.173001226140108
0,1.17933206470744e-4,1.1374216147146,-3.984285370327021
0,2.35630114696339e-4,1.1374216147146,-3.683690682354732
0,5.51958608093439e-5,1.1374216147146,-4.314014966214311
0,6.62096693177461e-4,1.1374216147146,-3.235000058188301
0,9.13785895771802e-5,1.17933206470744e-4,-0.11079165621371674
0,0.0035814665394801,1.17933206470744e-4,1.4824247913593567
0,1.17933206470744e-4,1.17933206470744e-4,0
1,1.1374216147146,1.17933206470744e-4,3.984285370327021
0,3.20479338749813e-4,1.17933206470744e-4,0.4341639291866722
0,1.31703429918852e-4,1.17933206470744e-4,0.047960978652598074
0,2.35630114696339e-4,1.17933206470744e-4,0.30059468797228883
0,3.28258741375984e-4,1.17933206470744e-4,0.4445801932964713
0,6.62096693177461e-4,1.17933206470744e-4,0.74928531213872
0,2.41228951907639e-4,1.17933206470744e-4,0.3107933232387762
0,9.01092321992476e-4,1.17933206470744e-4,0.8831331825017221
0,2.09976444451191e-5,1.17933206470744e-4,-0.7494655291747282
0,0.00176072993936776,1.17933206470744e-4,1.1740566423416945
0,7.59567056507253e-4,1.17933206470744e-4,0.8089300138333058
0,7.63695533922524e-5,1.17933206470744e-4,-0.18871585581308642
0,0.00599970296841051,1.17933206470744e-4,1.7064936433111237
0,5.51958608093439e-5,1.17933206470744e-4,-0.3297295958872894
0,2.09627875388673e-4,1.17933206470744e-4,0.24981292603615615
0,3.23795254265866e-5,1.17933206470744e-4,-0.5613656274889022
0,3.7888112348609e-4,1.17933206470744e-4,0.5068668618336137
0,3.28258741375984e-4,9.01092321992476e-4,-0.4385529892052508
0,0.00599970296841051,9.01092321992476e-4,0.8233604608094017
0,3.7888112348609e-4,9.01092321992476e-4,-0.37626632066810833
0,3.23795254265866e-5,9.01092321992476e-4,-1.4444988099906244
0,2.35630114696339e-4,9.01092321992476e-4,-0.5825384945294333
0,3.20479338749813e-4,9.01092321992476e-4,-0.44896925331504994
0,7.63695533922524e-5,9.01092321992476e-4,-1.0718490383148085
0,2.09627875388673e-4,9.01092321992476e-4,-0.633320256465566
0,1.17933206470744e-4,9.01092321992476e-4,-0.8831331825017221
0,0.0035814665394801,9.01092321992476e-4,0.5992916088576344
0,9.13785895771802e-5,9.01092321992476e-4,-0.9939248387154389
0,2.09976444451191e-5,9.01092321992476e-4,-1.6325987116764502
0,1.31703429918852e-4,9.01092321992476e-4,-0.835172203849124
0,6.62096693177461e-4,9.01092321992476e-4,-0.1338478703630022
0,9.01092321992476e-4,9.01092321992476e-4,0
0,2.41228951907639e-4,9.01092321992476e-4,-0.572339859262946
0,7.59567056507253e-4,9.01092321992476e-4,-0.07420316866841643
0,0.00176072993936776,9.01092321992476e-4,0.2909234598399723
0,5.51958608093439e-5,9.01092321992476e-4,-1.2128627783890116
0,1.1374216147146,9.01092321992476e-4,3.1011521878252988
0,0.00599970296841051,7.59567056507253e-4,0.8975636294778181
0,9.01092321992476e-4,7.59567056507253e-4,0.07420316866841647
0,3.28258741375984e-4,7.59567056507253e-4,-0.3643498205368344
0,2.09627875388673e-4,7.59567056507253e-4,-0.5591170877971496
1,1.1374216147146,7.59567056507253e-4,3.1753553564937156
0,3.23795254265866e-5,7.59567056507253e-4,-1.3702956413222078
1,0.0035814665394801,7.59567056507253e-4,0.6734947775260509
0,9.13785895771802e-5,7.59567056507253e-4,-0.9197216700470224
0,0.00176072993936776,7.59567056507253e-4,0.36512662850838873
0,2.35630114696339e-4,7.59567056507253e-4,-0.5083353258610169
0,5.51958608093439e-5,7.59567056507253e-4,-1.1386596097205952
0,6.62096693177461e-4,7.59567056507253e-4,-0.05964470169458576
0,3.20479338749813e-4,7.59567056507253e-4,-0.37476608464663347
0,2.09976444451191e-5,7.59567056507253e-4,-1.5583955430080338
0,1.17933206470744e-4,7.59567056507253e-4,-0.80893001383330565
0,7.59567056507253e-4,7.59567056507253e-4,0
0,7.63695533922524e-5,7.59567056507253e-4,-0.9976458696463922
0,1.31703429918852e-4,7.59567056507253e-4,-0.7609690351807077
0,3.7888112348609e-4,7.59567056507253e-4,-0.3020631519996919
0,2.41228951907639e-4,7.59567056507253e-4,-0.4981366905945295
0,1.1374216147146,48.9770688821638,-1.6340713134541276
0,6.57342545928036e-5,48.9770688821638,-5.872201047933102
0,48.9770688821638,48.9770688821638,0
0,4.53320864525829e-4,48.9770688821638,-5.033587082120997
0,8.48608167203667e-5,48.9770688821638,-5.761285583255619
0,1.48866193630762e-4,48.9770688821638,-5.517196706450463
0,4.01168404894096e-4,48.9770688821638,-5.086666068802823
0,5.04624353850816e-4,48.9770688821638,-4.987024584134259
0,4.06005942691393e-4,48.9770688821638,-5.081460400084863
0,4.11965608844538e-4,48.9770688821638,-5.075131828095968
0,2.63191547358909e-4,48.9770688821638,-5.269720853063025
0,1.11417774520415e-4,48.9770688821638,-5.643038310927706
0,7.88496610562301e-4,48.9770688821638,-4.793192959650819
0,0.158609022551648,48.9770688821638,-2.4896649017202677
0,3.13051250475887e-4,48.9770688821638,-5.19437734755436
0,8.48608167203667e-5,1.48866193630762e-4,-0.24408887680515554
0,48.9770688821638,1.48866193630762e-4,5.517196706450463
0,4.53320864525829e-4,1.48866193630762e-4,0.483609624329466
0,2.63191547358909e-4,1.48866193630762e-4,0.24747585338743788
0,1.48866193630762e-4,1.48866193630762e-4,0
0,1.11417774520415e-4,1.48866193630762e-4,-0.1258416044772426
0,4.06005942691393e-4,1.48866193630762e-4,0.4357363063656004
0,6.57342545928036e-5,1.48866193630762e-4,-0.35500434148263943
0,7.88496610562301e-4,1.48866193630762e-4,0.7240037467996447
0,4.11965608844538e-4,1.48866193630762e-4,0.44206487835449576
0,5.04624353850816e-4,1.48866193630762e-4,0.5301721223162039
1,1.1374216147146,1.48866193630762e-4,3.8831253929963356
0,4.01168404894096e-4,1.48866193630762e-4,0.43053063764764005
0,3.13051250475887e-4,1.48866193630762e-4,0.32281935889610314
1,0.158609022551648,1.48866193630762e-4,3.027531804730195
1,5.04624353850816e-4,6.57342545928036e-5,0.8851764637988434
0,4.01168404894096e-4,6.57342545928036e-5,0.7855349791302795
1,1.1374216147146,6.57342545928036e-5,4.238129734478975
0,1.11417774520415e-4,6.57342545928036e-5,0.2291627370053968
0,2.63191547358909e-4,6.57342545928036e-5,0.6024801948700773
1,48.9770688821638,6.57342545928036e-5,5.872201047933102
0,8.48608167203667e-5,6.57342545928036e-5,0.1109154646774839
0,1.48866193630762e-4,6.57342545928036e-5,0.35500434148263943
0,7.88496610562301e-4,6.57342545928036e-5,1.0790080882822841
1,0.158609022551648,6.57342545928036e-5,3.3825361462128347
0,6.57342545928036e-5,6.57342545928036e-5,0
0,3.13051250475887e-4,6.57342545928036e-5,0.6778237003787426
0,4.11965608844538e-4,6.57342545928036e-5,0.7970692198371352
0,4.06005942691393e-4,6.57342545928036e-5,0.7907406478482398
1,4.53320864525829e-4,6.57342545928036e-5,0.8386139658121056
0,7.88496610562301e-4,4.06005942691393e-4,0.28826744043404434
0,2.63191547358909e-4,4.06005942691393e-4,-0.18826045297816252
0,4.11965608844538e-4,4.06005942691393e-4,0.006328571988895361
0,48.9770688821638,4.06005942691393e-4,5.081460400084863
0,4.53320864525829e-4,4.06005942691393e-4,0.047873317963865625
0,3.13051250475887e-4,4.06005942691393e-4,-0.1129169474694972
0,5.04624353850816e-4,4.06005942691393e-4,0.09443581595060356
0,8.48608167203667e-5,4.06005942691393e-4,-0.679825183170756
0,0.158609022551648,4.06005942691393e-4,2.5917954983645948
0,6.57342545928036e-5,4.06005942691393e-4,-0.7907406478482398
0,1.1374216147146,4.06005942691393e-4,3.4473890866307353
0,1.11417774520415e-4,4.06005942691393e-4,-0.561577910842843
0,4.06005942691393e-4,4.06005942691393e-4,0
0,1.48866193630762e-4,4.06005942691393e-4,-0.43573630636560046
0,4.01168404894096e-4,4.06005942691393e-4,-0.005205668717960353
0,4.53320864525829e-4,5.04624353850816e-4,-0.046562497986737915
0,1.48866193630762e-4,5.04624353850816e-4,-0.530172122316204
0,2.63191547358909e-4,5.04624353850816e-4,-0.28269626892876615
0,4.11965608844538e-4,5.04624353850816e-4,-0.08810724396170819
0,7.88496610562301e-4,5.04624353850816e-4,0.19383162448344077
0,4.06005942691393e-4,5.04624353850816e-4,-0.09443581595060356
0,1.11417774520415e-4,5.04624353850816e-4,-0.6560137267934466
0,5.04624353850816e-4,5.04624353850816e-4,0
0,48.9770688821638,5.04624353850816e-4,4.987024584134259
0,0.158609022551648,5.04624353850816e-4,2.4973596824139914
0,1.1374216147146,5.04624353850816e-4,3.3529532706801315
0,6.57342545928036e-5,5.04624353850816e-4,-0.8851764637988434
0,3.13051250475887e-4,5.04624353850816e-4,-0.20735276342010076
0,8.48608167203667e-5,5.04624353850816e-4,-0.7742609991213595
0,4.01168404894096e-4,5.04624353850816e-4,-0.0996414846685639
0,1.1374216147146,2.63191547358909e-4,3.635649539608898
0,8.48608167203667e-5,2.63191547358909e-4,-0.49156473019259345
0,4.01168404894096e-4,2.63191547358909e-4,0.18305478426020216
0,4.11965608844538e-4,2.63191547358909e-4,0.1945890249670579
0,1.11417774520415e-4,2.63191547358909e-4,-0.37331745786468046
0,1.48866193630762e-4,2.63191547358909e-4,-0.24747585338743786
0,4.06005942691393e-4,2.63191547358909e-4,0.18826045297816252
0,2.63191547358909e-4,2.63191547358909e-4,0
1,4.53320864525829e-4,2.63191547358909e-4,0.2361337709420282
1,0.158609022551648,2.63191547358909e-4,2.7800559513427574
1,48.9770688821638,2.63191547358909e-4,5.269720853063025
0,3.13051250475887e-4,2.63191547358909e-4,0.07534350550866527
1,5.04624353850816e-4,2.63191547358909e-4,0.2826962689287661
0,6.57342545928036e-5,2.63191547358909e-4,-0.6024801948700773
0,7.88496610562301e-4,2.63191547358909e-4,0.47652789341220686
0,8.48608167203667e-5,7.88496610562301e-4,-0.9680926236048002
0,6.57342545928036e-5,7.88496610562301e-4,-1.0790080882822841
0,4.53320864525829e-4,7.88496610562301e-4,-0.2403941224701786
0,0.158609022551648,7.88496610562301e-4,2.3035280579305506
1,5.04624353850816e-4,7.88496610562301e-4,-0.19383162448344074
0,48.9770688821638,7.88496610562301e-4,4.793192959650819
0,7.88496610562301e-4,7.88496610562301e-4,0
0,1.48866193630762e-4,7.88496610562301e-4,-0.7240037467996447
0,3.13051250475887e-4,7.88496610562301e-4,-0.4011843879035415
0,4.11965608844538e-4,7.88496610562301e-4,-0.2819388684451489
0,2.63191547358909e-4,7.88496610562301e-4,-0.47652789341220686
0,4.06005942691393e-4,7.88496610562301e-4,-0.2882674404340443
0,1.11417774520415e-4,7.88496610562301e-4,-0.8498453512768873
1,1.1374216147146,7.88496610562301e-4,3.1591216461966907
0,4.01168404894096e-4,7.88496610562301e-4,-0.2934731091520047
0,2.63191547358909e-4,4.01168404894096e-4,-0.18305478426020216
0,4.11965608844538e-4,4.01168404894096e-4,0.011534240706855738
0,1.11417774520415e-4,4.01168404894096e-4,-0.5563722421248827
0,1.48866193630762e-4,4.01168404894096e-4,-0.43053063764764005
0,4.06005942691393e-4,4.01168404894096e-4,0.005205668717960362
0,5.04624353850816e-4,4.01168404894096e-4,0.09964148466856396
0,48.9770688821638,4.01168404894096e-4,5.086666068802823
0,6.57342545928036e-5,4.01168404894096e-4,-0.7855349791302795
0,4.53320864525829e-4,4.01168404894096e-4,0.053078986681826035
0,4.01168404894096e-4,4.01168404894096e-4,0
0,0.158609022551648,4.01168404894096e-4,2.5970011670825555
0,7.88496610562301e-4,4.01168404894096e-4,0.29347310915200464
0,8.48608167203667e-5,4.01168404894096e-4,-0.6746195144527957
0,1.1374216147146,4.01168404894096e-4,3.4525947553486955
0,3.13051250475887e-4,4.01168404894096e-4,-0.1077112787515369
0,0.158609022551648,0.158609022551648,0
0,1.1374216147146,0.158609022551648,0.8555935882661403
0,48.9770688821638,0.158609022551648,2.4896649017202677
0,6.57342545928036e-5,0.158609022551648,-3.3825361462128347
0,1.48866193630762e-4,0.158609022551648,-3.027531804730195
0,5.04624353850816e-4,0.158609022551648,-2.4973596824139914
0,3.13051250475887e-4,0.158609022551648,-2.704712445834092
0,8.48608167203667e-5,0.158609022551648,-3.271620681535351
0,4.06005942691393e-4,0.158609022551648,-2.5917954983645948
0,7.88496610562301e-4,0.158609022551648,-2.3035280579305506
0,4.01168404894096e-4,0.158609022551648,-2.5970011670825555
0,2.63191547358909e-4,0.158609022551648,-2.7800559513427574
0,4.53320864525829e-4,0.158609022551648,-2.5439221804007293
0,1.11417774520415e-4,0.158609022551648,-3.153373409207438
0,4.11965608844538e-4,0.158609022551648,-2.5854669263756995
0,5.04624353850816e-4,4.53320864525829e-4,0.04656249798673793
1,1.1374216147146,4.53320864525829e-4,3.3995157686668693
1,0.158609022551648,4.53320864525829e-4,2.5439221804007293
0,4.53320864525829e-4,4.53320864525829e-4,0
0,3.13051250475887e-4,4.53320864525829e-4,-0.1607902654333629
0,6.57342545928036e-5,4.53320864525829e-4,-0.8386139658121055
1,48.9770688821638,4.53320864525829e-4,5.033587082120997
0,4.01168404894096e-4,4.53320864525829e-4,-0.05307898668182604
0,4.11965608844538e-4,4.53320864525829e-4,-0.04154474597497028
0,8.48608167203667e-5,4.53320864525829e-4,-0.7276985011346216
0,7.88496610562301e-4,4.53320864525829e-4,0.24039412247017863
0,1.11417774520415e-4,4.53320864525829e-4,-0.6094512288067087
0,1.48866193630762e-4,4.53320864525829e-4,-0.4836096243294661
0,4.06005942691393e-4,4.53320864525829e-4,-0.04787331796386568
0,2.63191547358909e-4,4.53320864525829e-4,-0.2361337709420282
0,6.57342545928036e-5,8.48608167203667e-5,-0.11091546467748387
0,48.9770688821638,8.48608167203667e-5,5.761285583255619
0,0.158609022551648,8.48608167203667e-5,3.271620681535351
0,4.01168404894096e-4,8.48608167203667e-5,0.6746195144527957
0,3.13051250475887e-4,8.48608167203667e-5,0.5669082357012587
0,1.48866193630762e-4,8.48608167203667e-5,0.24408887680515556
0,1.1374216147146,8.48608167203667e-5,4.127214269801491
0,1.11417774520415e-4,8.48608167203667e-5,0.11824727232791289
0,7.88496610562301e-4,8.48608167203667e-5,0.9680926236048003
0,8.48608167203667e-5,8.48608167203667e-5,0
0,4.53320864525829e-4,8.48608167203667e-5,0.7276985011346216
0,4.06005942691393e-4,8.48608167203667e-5,0.6798251831707559
0,2.63191547358909e-4,8.48608167203667e-5,0.4915647301925934
0,4.11965608844538e-4,8.48608167203667e-5,0.6861537551596513
0,5.04624353850816e-4,8.48608167203667e-5,0.7742609991213596
1,0.158609022551648,3.13051250475887e-4,2.704712445834092
1,48.9770688821638,3.13051250475887e-4,5.19437734755436
0,3.13051250475887e-4,3.13051250475887e-4,0
0,2.63191547358909e-4,3.13051250475887e-4,-0.07534350550866531
0,4.11965608844538e-4,3.13051250475887e-4,0.11924551945839261
0,1.48866193630762e-4,3.13051250475887e-4,-0.3228193588961032
1,1.1374216147146,3.13051250475887e-4,3.5603060341002326
0,8.48608167203667e-5,3.13051250475887e-4,-0.5669082357012587
1,4.53320864525829e-4,3.13051250475887e-4,0.16079026543336286
0,4.06005942691393e-4,3.13051250475887e-4,0.1129169474694972
1,5.04624353850816e-4,3.13051250475887e-4,0.20735276342010078
0,1.11417774520415e-4,3.13051250475887e-4,-0.4486609633733458
0,7.88496610562301e-4,3.13051250475887e-4,0.40118438790354155
0,6.57342545928036e-5,3.13051250475887e-4,-0.6778237003787426
0,4.01168404894096e-4,3.13051250475887e-4,0.10771127875153683
0,4.11965608844538e-4,1.11417774520415e-4,0.5679064828317384
0,1.48866193630762e-4,1.11417774520415e-4,0.1258416044772426
0,1.11417774520415e-4,1.11417774520415e-4,0
1,1.1374216147146,1.11417774520415e-4,4.008966997473578
0,3.13051250475887e-4,1.11417774520415e-4,0.44866096337334577
0,2.63191547358909e-4,1.11417774520415e-4,0.3733174578646805
1,48.9770688821638,1.11417774520415e-4,5.643038310927706
0,5.04624353850816e-4,1.11417774520415e-4,0.6560137267934466
1,0.158609022551648,1.11417774520415e-4,3.153373409207438
0,6.57342545928036e-5,1.11417774520415e-4,-0.22916273700539677
0,4.01168404894096e-4,1.11417774520415e-4,0.5563722421248827
0,4.06005942691393e-4,1.11417774520415e-4,0.561577910842843
0,8.48608167203667e-5,1.11417774520415e-4,-0.11824727232791295
0,7.88496610562301e-4,1.11417774520415e-4,0.8498453512768873
1,4.53320864525829e-4,1.11417774520415e-4,0.6094512288067088
0,5.04624353850816e-4,1.1374216147146,-3.3529532706801315
0,1.48866193630762e-4,1.1374216147146,-3.8831253929963356
0,4.01168404894096e-4,1.1374216147146,-3.4525947553486955
0,4.53320864525829e-4,1.1374216147146,-3.3995157686668693
0,1.1374216147146,1.1374216147146,0
0,3.13051250475887e-4,1.1374216147146,-3.5603060341002326
0,48.9770688821638,1.1374216147146,1.6340713134541276
0,1.11417774520415e-4,1.1374216147146,-4.008966997473578
0,7.88496610562301e-4,1.1374216147146,-3.1591216461966907
0,0.158609022551648,1.1374216147146,-0.8555935882661403
0,2.63191547358909e-4,1.1374216147146,-3.6356495396088975
0,8.48608167203667e-5,1.1374216147146,-4.127214269801491
0,4.11965608844538e-4,1.1374216147146,-3.4410605146418396
0,4.06005942691393e-4,1.1374216147146,-3.4473890866307353
0,6.57342545928036e-5,1.1374216147146,-4.238129734478975
1,4.53320864525829e-4,4.11965608844538e-4,0.041544745974970244
1,1.1374216147146,4.11965608844538e-4,3.4410605146418396
0,8.48608167203667e-5,4.11965608844538e-4,-0.6861537551596514
0,4.11965608844538e-4,4.11965608844538e-4,0
0,4.06005942691393e-4,4.11965608844538e-4,-0.006328571988895401
0,1.11417774520415e-4,4.11965608844538e-4,-0.5679064828317384
0,5.04624353850816e-4,4.11965608844538e-4,0.08810724396170816
0,7.88496610562301e-4,4.11965608844538e-4,0.2819388684451489
0,2.63191547358909e-4,4.11965608844538e-4,-0.1945890249670579
0,48.9770688821638,4.11965608844538e-4,5.075131828095968
0,1.48866193630762e-4,4.11965608844538e-4,-0.4420648783544958
0,6.57342545928036e-5,4.11965608844538e-4,-0.7970692198371352
0,3.13051250475887e-4,4.11965608844538e-4,-0.1192455194583926
1,0.158609022551648,4.11965608844538e-4,2.5854669263756995
0,4.01168404894096e-4,4.11965608844538e-4,-0.011534240706855716
0,6.28233571396331e-4,8.74035793518671e-4,-0.14340807782068288
0,5.77964870198566e-4,8.74035793518671e-4,-0.17962777624851983
0,4.76850741842503e-4,8.74035793518671e-4,-0.26314675562042744
0,8.74035793518671e-4,8.74035793518671e-4,0
0,0.158609022551648,8.74035793518671e-4,2.2587986705092082
0,9.82350194576687e-5,8.74035793518671e-4,-0.9492628827222769
0,1.50544166829247e-4,8.74035793518671e-4,-0.7638652857657512
0,1.95420071675734e-5,8.74035793518671e-4,-1.6505600499905202
0,1.90461256936082e-5,8.74035793518671e-4,-1.6617225721282287
0,2.72182111961232e-5,8.74035793518671e-4,-1.5066696386243645
0,1.75981538611846e-4,8.74035793518671e-4,-0.6960621077982028
0,5.74094391648546e-4,8.74035793518671e-4,-0.18254591398072775
0,0.00224236061685214,8.74035793518671e-4,0.4091762389665319
0,3.13498056337927e-4,8.74035793518671e-4,-0.4452943656434774
0,5.45576249745176e-4,8.74035793518671e-4,-0.2046737620587893
0,3.91104732739775e-5,8.74035793518671e-4,-1.349236146867814
0,4.76850741842503e-4,1.75981538611846e-4,0.43291535217777527
0,5.77964870198566e-4,1.75981538611846e-4,0.516434331549683
0,1.75981538611846e-4,1.75981538611846e-4,0
0,5.45576249745176e-4,1.75981538611846e-4,0.4913883457394134
0,6.28233571396331e-4,1.75981538611846e-4,0.5526540299775199
0,1.90461256936082e-5,1.75981538611846e-4,-0.9656604643300261
0,5.74094391648546e-4,1.75981538611846e-4,0.5135161938174749
0,9.82350194576687e-5,1.75981538611846e-4,-0.2532007749240741
0,1.95420071675734e-5,1.75981538611846e-4,-0.9544979421923174
0,8.74035793518671e-4,1.75981538611846e-4,0.6960621077982028
0,0.158609022551648,1.75981538611846e-4,2.954860778307411
0,0.00224236061685214,1.75981538611846e-4,1.1052383467647346
0,3.91104732739775e-5,1.75981538611846e-4,-0.6531740390696112
0,3.13498056337927e-4,1.75981538611846e-4,0.25076774215472536
0,2.72182111961232e-5,1.75981538611846e-4,-0.8106075308261618
0,1.50544166829247e-4,1.75981538611846e-4,-0.06780317796754845
0,3.91104732739775e-5,5.45576249745176e-4,-1.1445623848090247
0,5.74094391648546e-4,5.45576249745176e-4,0.022127848078061535
0,8.74035793518671e-4,5.45576249745176e-4,0.20467376205878932
0,0.158609022551648,5.45576249745176e-4,2.4634724325679977
0,5.45576249745176e-4,5.45576249745176e-4,0
0,1.95420071675734e-5,5.45576249745176e-4,-1.445886287931731
0,3.13498056337927e-4,5.45576249745176e-4,-0.24062060358468812
0,2.72182111961232e-5,5.45576249745176e-4,-1.3019958765655752
0,9.82350194576687e-5,5.45576249745176e-4,-0.7445891206634876
0,4.76850741842503e-4,5.45576249745176e-4,-0.05847299356163816
0,1.75981538611846e-4,5.45576249745176e-4,-0.4913883457394134
0,5.77964870198566e-4,5.45576249745176e-4,0.025045985810269483
0,1.50544166829247e-4,5.45576249745176e-4,-0.5591915237069619
0,6.28233571396331e-4,5.45576249745176e-4,0.061265684238106403
0,1.90461256936082e-5,5.45576249745176e-4,-1.4570488100694394
0,0.00224236061685214,5.45576249745176e-4,0.6138500010253212
0,5.45576249745176e-4,1.50544166829247e-4,0.5591915237069619
0,5.74094391648546e-4,1.50544166829247e-4,0.5813193717850234
0,1.95420071675734e-5,1.50544166829247e-4,-0.886694764224769
0,1.75981538611846e-4,1.50544166829247e-4,0.06780317796754841
0,2.72182111961232e-5,1.50544166829247e-4,-0.7428043528586133
0,5.77964870198566e-4,1.50544166829247e-4,0.5842375095172314
0,9.82350194576687e-5,1.50544166829247e-4,-0.18539759695652566
0,1.90461256936082e-5,1.50544166829247e-4,-0.8978572863624775
0,0.00224236061685214,1.50544166829247e-4,1.173041524732283
0,4.76850741842503e-4,1.50544166829247e-4,0.5007185301453237
0,3.13498056337927e-4,1.50544166829247e-4,0.31857092012227384
0,0.158609022551648,1.50544166829247e-4,3.0226639562749598
0,1.50544166829247e-4,1.50544166829247e-4,0
0,3.91104732739775e-5,1.50544166829247e-4,-0.5853708611020628
0,8.74035793518671e-4,1.50544166829247e-4,0.7638652857657512
0,6.28233571396331e-4,1.50544166829247e-4,0.6204572079450683
0,8.74035793518671e-4,2.72182111961232e-5,1.5066696386243645
1,0.158609022551648,2.72182111961232e-5,3.7654683091335728
0,6.28233571396331e-4,2.72182111961232e-5,1.3632615608036815
0,0.00224236061685214,2.72182111961232e-5,1.9158458775908964
0,1.50544166829247e-4,2.72182111961232e-5,0.7428043528586133
1,1.90461256936082e-5,2.72182111961232e-5,-0.15505293350386426
0,2.72182111961232e-5,2.72182111961232e-5,0
0,5.77964870198566e-4,2.72182111961232e-5,1.3270418623758446
0,5.45576249745176e-4,2.72182111961232e-5,1.3019958765655752
0,1.75981538611846e-4,2.72182111961232e-5,0.8106075308261618
0,1.95420071675734e-5,2.72182111961232e-5,-0.14389041136615566
0,9.82350194576687e-5,2.72182111961232e-5,0.5574067559020877
0,3.13498056337927e-4,2.72182111961232e-5,1.0613752729808872
0,5.74094391648546e-4,2.72182111961232e-5,1.3241237246436366
0,4.76850741842503e-4,2.72182111961232e-5,1.243522883003937
0,3.91104732739775e-5,2.72182111961232e-5,0.15743349175655047
0,1.50544166829247e-4,5.74094391648546e-4,-0.5813193717850234
0,0.00224236061685214,5.74094391648546e-4,0.5917221529472596
0,4.76850741842503e-4,5.74094391648546e-4,-0.08060084163969966
0,3.13498056337927e-4,5.74094391648546e-4,-0.2627484516627496
0,2.72182111961232e-5,5.74094391648546e-4,-1.3241237246436366
0,6.28233571396331e-4,5.74094391648546e-4,0.03913783616004491
0,5.77964870198566e-4,5.74094391648546e-4,0.0029181377322079916
0,5.45576249745176e-4,5.74094391648546e-4,-0.02212784807806148
0,1.75981538611846e-4,5.74094391648546e-4,-0.5135161938174749
0,1.95420071675734e-5,5.74094391648546e-4,-1.4680141360097925
0,3.91104732739775e-5,5.74094391648546e-4,-1.1666902328870863
0,1.90461256936082e-5,5.74094391648546e-4,-1.479176658147501
0,0.158609022551648,5.74094391648546e-4,2.4413445844899364
0,9.82350194576687e-5,5.74094391648546e-4,-0.766716968741549
0,5.74094391648546e-4,5.74094391648546e-4,0
0,8.74035793518671e-4,5.74094391648546e-4,0.1825459139807278
0,1.75981538611846e-4,0.158609022551648,-2.954860778307411
0,5.74094391648546e-4,0.158609022551648,-2.4413445844899364
0,6.28233571396331e-4,0.158609022551648,-2.4022067483298915
0,5.45576249745176e-4,0.158609022551648,-2.4634724325679977
0,5.77964870198566e-4,0.158609022551648,-2.4384264467577283
0,8.74035793518671e-4,0.158609022551648,-2.2587986705092082
0,1.95420071675734e-5,0.158609022551648,-3.9093587204997284
0,0.158609022551648,0.158609022551648,0
0,1.90461256936082e-5,0.158609022551648,-3.920521242637437
0,9.82350194576687e-5,0.158609022551648,-3.2080615532314853
0,1.50544166829247e-4,0.158609022551648,-3.0226639562749598
0,2.72182111961232e-5,0.158609022551648,-3.7654683091335728
0,3.91104732739775e-5,0.158609022551648,-3.6080348173770225
0,3.13498056337927e-4,0.158609022551648,-2.7040930361526856
0,0.00224236061685214,0.158609022551648,-1.8496224315426766
0,4.76850741842503e-4,0.158609022551648,-2.5219454261296357
0,9.82350194576687e-5,5.77964870198566e-4,-0.769635106473757
0,1.95420071675734e-5,5.77964870198566e-4,-1.4709322737420003
0,1.75981538611846e-4,5.77964870198566e-4,-0.516434331549683
0,1.50544166829247e-4,5.77964870198566e-4,-0.5842375095172314
0,3.13498056337927e-4,5.77964870198566e-4,-0.2656665893949576
0,5.77964870198566e-4,5.77964870198566e-4,0
0,3.91104732739775e-5,5.77964870198566e-4,-1.1696083706192941
0,5.74094391648546e-4,5.77964870198566e-4,-0.002918137732208016
0,0.00224236061685214,5.77964870198566e-4,0.5888040152150517
0,6.28233571396331e-4,5.77964870198566e-4,0.03621969842783694
0,8.74035793518671e-4,5.77964870198566e-4,0.17962777624851978
0,2.72182111961232e-5,5.77964870198566e-4,-1.3270418623758446
0,5.45576249745176e-4,5.77964870198566e-4,-0.025045985810269514
0,1.90461256936082e-5,5.77964870198566e-4,-1.482094795879709
0,0.158609022551648,5.77964870198566e-4,2.4384264467577283
0,4.76850741842503e-4,5.77964870198566e-4,-0.08351897937190766
0,2.72182111961232e-5,4.76850741842503e-4,-1.243522883003937
0,0.158609022551648,4.76850741842503e-4,2.5219454261296357
0,1.50544166829247e-4,4.76850741842503e-4,-0.5007185301453237
0,5.77964870198566e-4,4.76850741842503e-4,0.08351897937190762
0,8.74035793518671e-4,4.76850741842503e-4,0.26314675562042744
0,9.82350194576687e-5,4.76850741842503e-4,-0.6861161271018493
0,0.00224236061685214,4.76850741842503e-4,0.6723229945869593
0,5.45576249745176e-4,4.76850741842503e-4,0.05847299356163811
0,6.28233571396331e-4,4.76850741842503e-4,0.11973867779974458
0,1.90461256936082e-5,4.76850741842503e-4,-1.3985758165078013
0,3.91104732739775e-5,4.76850741842503e-4,-1.0860893912473866
0,5.74094391648546e-4,4.76850741842503e-4,0.08060084163969962
0,4.76850741842503e-4,4.76850741842503e-4,0
0,3.13498056337927e-4,4.76850741842503e-4,-0.18214761002304997
0,1.95420071675734e-5,4.76850741842503e-4,-1.3874132943700928
0,1.75981538611846e-4,4.76850741842503e-4,-0.4329153521777753
0,3.13498056337927e-4,0.00224236061685214,-0.8544706046100092
0,2.72182111961232e-5,0.00224236061685214,-1.9158458775908964
0,5.74094391648546e-4,0.00224236061685214,-0.5917221529472596
0,6.28233571396331e-4,0.00224236061685214,-0.5525843167872148
0,9.82350194576687e-5,0.00224236061685214,-1.3584391216888088
0,5.77964870198566e-4,0.00224236061685214,-0.5888040152150517
0,3.91104732739775e-5,0.00224236061685214,-1.758412385834346
0,0.00224236061685214,0.00224236061685214,0
0,1.95420071675734e-5,0.00224236061685214,-2.059736288957052
0,4.76850741842503e-4,0.00224236061685214,-0.6723229945869593
0,8.74035793518671e-4,0.00224236061685214,-0.4091762389665319
0,5.45576249745176e-4,0.00224236061685214,-0.6138500010253212
0,1.75981538611846e-4,0.00224236061685214,-1.1052383467647346
0,1.50544166829247e-4,0.00224236061685214,-1.173041524732283
0,1.90461256936082e-5,0.00224236061685214,-2.070898811094761
0,0.158609022551648,0.00224236061685214,1.8496224315426766
0,5.77964870198566e-4,3.91104732739775e-5,1.1696083706192943
0,8.74035793518671e-4,3.91104732739775e-5,1.349236146867814
0,1.95420071675734e-5,3.91104732739775e-5,-0.3013239031227061
0,4.76850741842503e-4,3.91104732739775e-5,1.0860893912473866
0,0.00224236061685214,3.91104732739775e-5,1.758412385834346
0,6.28233571396331e-4,3.91104732739775e-5,1.2058280690471312
1,1.50544166829247e-4,3.91104732739775e-5,0.5853708611020628
0,0.158609022551648,3.91104732739775e-5,3.6080348173770225
0,3.13498056337927e-4,3.91104732739775e-5,0.9039417812243367
0,3.91104732739775e-5,3.91104732739775e-5,0
1,5.74094391648546e-4,3.91104732739775e-5,1.1666902328870863
1,1.90461256936082e-5,3.91104732739775e-5,-0.31248642526041476
0,1.75981538611846e-4,3.91104732739775e-5,0.6531740390696114
0,2.72182111961232e-5,3.91104732739775e-5,-0.15743349175655044
0,9.82350194576687e-5,3.91104732739775e-5,0.3999732641455372
0,5.45576249745176e-4,3.91104732739775e-5,1.1445623848090247
0,5.74094391648546e-4,6.28233571396331e-4,-0.03913783616004496
0,0.00224236061685214,6.28233571396331e-4,0.5525843167872146
0,4.76850741842503e-4,6.28233571396331e-4,-0.11973867779974455
0,1.75981538611846e-4,6.28233571396331e-4,-0.5526540299775199
0,1.90461256936082e-5,6.28233571396331e-4,-1.518314494307546
0,5.45576249745176e-4,6.28233571396331e-4,-0.061265684238106445
0,6.28233571396331e-4,6.28233571396331e-4,0
0,0.158609022551648,6.28233571396331e-4,2.4022067483298915
0,9.82350194576687e-5,6.28233571396331e-4,-0.805854804901594
0,5.77964870198566e-4,6.28233571396331e-4,-0.03621969842783694
0,2.72182111961232e-5,6.28233571396331e-4,-1.3632615608036815
0,8.74035793518671e-4,6.28233571396331e-4,0.1434080778206829
0,3.13498056337927e-4,6.28233571396331e-4,-0.30188628782279453
0,3.91104732739775e-5,6.28233571396331e-4,-1.2058280690471312
0,1.50544166829247e-4,6.28233571396331e-4,-0.6204572079450683
0,1.95420071675734e-5,6.28233571396331e-4,-1.5071519721698372
0,5.74094391648546e-4,9.82350194576687e-5,0.766716968741549
0,0.00224236061685214,9.82350194576687e-5,1.3584391216888088
0,1.95420071675734e-5,9.82350194576687e-5,-0.7012971672682433
0,1.90461256936082e-5,9.82350194576687e-5,-0.712459689405952
0,1.50544166829247e-4,9.82350194576687e-5,0.18539759695652566
0,5.77964870198566e-4,9.82350194576687e-5,0.7696351064737571
0,3.91104732739775e-5,9.82350194576687e-5,-0.39997326414553724
0,5.45576249745176e-4,9.82350194576687e-5,0.7445891206634876
0,4.76850741842503e-4,9.82350194576687e-5,0.6861161271018494
0,0.158609022551648,9.82350194576687e-5,3.2080615532314853
0,2.72182111961232e-5,9.82350194576687e-5,-0.5574067559020877
0,8.74035793518671e-4,9.82350194576687e-5,0.9492628827222769
0,1.75981538611846e-4,9.82350194576687e-5,0.2532007749240741
0,9.82350194576687e-5,9.82350194576687e-5,0
0,6.28233571396331e-4,9.82350194576687e-5,0.805854804901594
0,3.13498056337927e-4,9.82350194576687e-5,0.5039685170787994
0,5.45576249745176e-4,1.95420071675734e-5,1.445886287931731
0,5.74094391648546e-4,1.95420071675734e-5,1.4680141360097925
0,1.75981538611846e-4,1.95420071675734e-5,0.9544979421923174
0,0.00224236061685214,1.95420071675734e-5,2.059736288957052
0,3.13498056337927e-4,1.95420071675734e-5,1.2052656843470428
0,5.77964870198566e-4,1.95420071675734e-5,1.4709322737420003
0,2.72182111961232e-5,1.95420071675734e-5,0.14389041136615566
0,0.158609022551648,1.95420071675734e-5,3.9093587204997284
0,6.28233571396331e-4,1.95420071675734e-5,1.5071519721698372
0,1.90461256936082e-5,1.95420071675734e-5,-0.011162522137708622
0,8.74035793518671e-4,1.95420071675734e-5,1.6505600499905202
0,1.95420071675734e-5,1.95420071675734e-5,0
0,3.91104732739775e-5,1.95420071675734e-5,0.3013239031227061
0,1.50544166829247e-4,1.95420071675734e-5,0.886694764224769
0,4.76850741842503e-4,1.95420071675734e-5,1.3874132943700928
0,9.82350194576687e-5,1.95420071675734e-5,0.7012971672682433
0,5.74094391648546e-4,1.90461256936082e-5,1.479176658147501
0,5.45576249745176e-4,1.90461256936082e-5,1.4570488100694394
0,3.13498056337927e-4,1.90461256936082e-5,1.2164282064847514
0,1.90461256936082e-5,1.90461256936082e-5,0
0,4.76850741842503e-4,1.90461256936082e-5,1.3985758165078013
0,1.75981538611846e-4,1.90461256936082e-5,0.9656604643300261
0,9.82350194576687e-5,1.90461256936082e-5,0.712459689405952
0,5.77964870198566e-4,1.90461256936082e-5,1.482094795879709
0,3.91104732739775e-5,1.90461256936082e-5,0.3124864252604147
0,6.28233571396331e-4,1.90461256936082e-5,1.518314494307546
0,1.95420071675734e-5,1.90461256936082e-5,0.011162522137708603
0,0.00224236061685214,1.90461256936082e-5,2.070898811094761
0,8.74035793518671e-4,1.90461256936082e-5,1.6617225721282287
0,2.72182111961232e-5,1.90461256936082e-5,0.15505293350386426
0,1.50544166829247e-4,1.90461256936082e-5,0.8978572863624776
0,0.158609022551648,1.90461256936082e-5,3.920521242637437
0,3.13498056337927e-4,3.13498056337927e-4,0
0,4.76850741842503e-4,3.13498056337927e-4,0.18214761002304997
0,2.72182111961232e-5,3.13498056337927e-4,-1.0613752729808872
0,3.91104732739775e-5,3.13498056337927e-4,-0.9039417812243367
0,1.50544166829247e-4,3.13498056337927e-4,-0.3185709201222738
0,8.74035793518671e-4,3.13498056337927e-4,0.44529436564347735
0,6.28233571396331e-4,3.13498056337927e-4,0.30188628782279453
0,5.74094391648546e-4,3.13498056337927e-4,0.26274845166274957
0,1.90461256936082e-5,3.13498056337927e-4,-1.2164282064847514
0,9.82350194576687e-5,3.13498056337927e-4,-0.5039685170787995
0,5.77964870198566e-4,3.13498056337927e-4,0.2656665893949576
0,0.00224236061685214,3.13498056337927e-4,0.8544706046100092
0,5.45576249745176e-4,3.13498056337927e-4,0.2406206035846881
0,1.75981538611846e-4,3.13498056337927e-4,-0.25076774215472536
0,0.158609022551648,3.13498056337927e-4,2.7040930361526856
0,1.95420071675734e-5,3.13498056337927e-4,-1.2052656843470428
0,2.52747529065493e-4,4.13797741074828e-5,0.7858988029735018
0,6.74682456259169e-5,4.13797741074828e-5,0.2123113018409919
0,0.0012576630375615,4.13797741074828e-5,1.48277618176636
0,4.13797741074828e-5,4.13797741074828e-5,0
0,5.69048742075378e-4,4.13797741074828e-5,1.1383613521197826
0,7.76713204940783e-5,4.13797741074828e-5,0.2734725731607764
0,4.04684952209852e-4,4.13797741074828e-5,0.9903289403828599
0,2.02233102355355e-4,4.13797741074828e-5,0.6890641286815801
0,1.1374216147146,4.13797741074828e-5,4.439133361484824
0,4.24368534468567e-4,4.13797741074828e-5,1.0109550593961218
0,0.00106752631124742,4.13797741074828e-5,1.4115904723359953
0,6.49206502032183e-4,4.13797741074828e-5,1.195594745269305
0,5.22305866984375e-4,4.13797741074828e-5,1.1011367887107832
0,0.00143600852699503,4.13797741074828e-5,1.5403689032282901
0,8.08631103532554e-5,4.13797741074828e-5,0.290962326688458
0,2.98789039578595e-4,4.13797741074828e-5,0.8585765467746851
0,0.00118809522443347,4.13797741074828e-5,1.4580631347124449
0,7.20631373664631e-4,4.13797741074828e-5,1.2409250502785385
0,7.87446571150692e-4,4.13797741074828e-5,1.279432980730926
0,3.65724237424682e-4,4.13797741074828e-5,0.9463656275123374
0,3.0688920733692e-5,4.13797741074828e-5,-0.12980650006366196
0,0.00128059324363412,4.13797741074828e-5,1.4906230906523106
0,5.22305866984375e-4,5.69048742075378e-4,-0.0372245634089993
0,4.24368534468567e-4,5.69048742075378e-4,-0.12740629272366066
0,2.52747529065493e-4,5.69048742075378e-4,-0.35246254914628083
0,3.65724237424682e-4,5.69048742075378e-4,-0.1919957246074451
0,3.0688920733692e-5,5.69048742075378e-4,-1.2681678521834445
1,1.1374216147146,5.69048742075378e-4,3.3007720093650414
0,6.49206502032183e-4,5.69048742075378e-4,0.05723339314952239
0,7.87446571150692e-4,5.69048742075378e-4,0.14107162861114333
0,0.00118809522443347,5.69048742075378e-4,0.31970178259266235
0,0.00106752631124742,5.69048742075378e-4,0.2732291202162128
0,2.98789039578595e-4,5.69048742075378e-4,-0.27978480534509753
0,4.04684952209852e-4,5.69048742075378e-4,-0.14803241173692266
0,6.74682456259169e-5,5.69048742075378e-4,-0.9260500502787906
0,5.69048742075378e-4,5.69048742075378e-4,0
0,7.76713204940783e-5,5.69048742075378e-4,-0.8648887789590062
0,0.0012576630375615,5.69048742075378e-4,0.34441482964657744
0,0.00143600852699503,5.69048742075378e-4,0.4020075511085076
0,0.00128059324363412,5.69048742075378e-4,0.3522617385325279
0,4.13797741074828e-5,5.69048742075378e-4,-1.1383613521197826
0,2.02233102355355e-4,5.69048742075378e-4,-0.4492972234382025
0,8.08631103532554e-5,5.69048742075378e-4,-0.8473990254313245
0,7.20631373664631e-4,5.69048742075378e-4,0.10256369815875598
0,1.1374216147146,0.00143600852699503,2.898764458256534
0,7.76713204940783e-5,0.00143600852699503,-1.2668963300675138
0,7.87446571150692e-4,0.00143600852699503,-0.2609359224973643
0,5.69048742075378e-4,0.00143600852699503,-0.4020075511085076
0,0.0012576630375615,0.00143600852699503,-0.0575927214619301
0,2.02233102355355e-4,0.00143600852699503,-0.8513047745467102
0,4.13797741074828e-5,0.00143600852699503,-1.5403689032282901
0,6.49206502032183e-4,0.00143600852699503,-0.34477415795898525
0,2.52747529065493e-4,0.00143600852699503,-0.7544701002547884
0,0.00143600852699503,0.00143600852699503,0
0,2.98789039578595e-4,0.00143600852699503,-0.6817923564536051
0,3.65724237424682e-4,0.00143600852699503,-0.5940032757159527
0,4.04684952209852e-4,0.00143600852699503,-0.5500399628454303
0,0.00128059324363412,0.00143600852699503,-0.0497458125759797
0,7.20631373664631e-4,0.00143600852699503,-0.2994438529497516
0,3.0688920733692e-5,0.00143600852699503,-1.6701754032919522
0,6.74682456259169e-5,0.00143600852699503,-1.3280576013872982
0,8.08631103532554e-5,0.00143600852699503,-1.2494065765398321
0,4.24368534468567e-4,0.00143600852699503,-0.5294138438321683
0,5.22305866984375e-4,0.00143600852699503,-0.43923211451750693
0,0.00106752631124742,0.00143600852699503,-0.1287784308922948
0,0.00118809522443347,0.00143600852699503,-0.08230576851584526
1,2.52747529065493e-4,7.87446571150692e-4,-0.4935341777574242
1,1.1374216147146,7.87446571150692e-4,3.159700380753898
0,6.74682456259169e-5,7.87446571150692e-4,-1.067121678889934
0,4.24368534468567e-4,7.87446571150692e-4,-0.268477921334804
0,8.08631103532554e-5,7.87446571150692e-4,-0.9884706540424679
0,5.69048742075378e-4,7.87446571150692e-4,-0.1410716286111433
0,4.04684952209852e-4,7.87446571150692e-4,-0.28910404034806597
0,3.65724237424682e-4,7.87446571150692e-4,-0.3330673532185884
0,7.20631373664631e-4,7.87446571150692e-4,-0.03850793045238731
0,4.13797741074828e-5,7.87446571150692e-4,-1.279432980730926
0,0.00106752631124742,7.87446571150692e-4,0.13215749160506954
0,0.00118809522443347,7.87446571150692e-4,0.17863015398151902
0,3.0688920733692e-5,7.87446571150692e-4,-1.4092394807945878
0,2.98789039578595e-4,7.87446571150692e-4,-0.42085643395624084
0,6.49206502032183e-4,7.87446571150692e-4,-0.08383823546162095
0,0.00128059324363412,7.87446571150692e-4,0.21119010992138462
0,2.02233102355355e-4,7.87446571150692e-4,-0.5903688520493459
0,0.00143600852699503,7.87446571150692e-4,0.2609359224973643
0,5.22305866984375e-4,7.87446571150692e-4,-0.17829619202014266
0,0.0012576630375615,7.87446571150692e-4,0.20334320103543418
0,7.87446571150692e-4,7.87446571150692e-4,0
0,7.76713204940783e-5,7.87446571150692e-4,-1.0059604075701496
0,2.52747529065493e-4,2.02233102355355e-4,0.09683467429192168
0,2.02233102355355e-4,2.02233102355355e-4,0
0,0.00128059324363412,2.02233102355355e-4,0.8015589619707304
0,8.08631103532554e-5,2.02233102355355e-4,-0.39810180199312206
0,3.65724237424682e-4,2.02233102355355e-4,0.2573014988307574
0,7.76713204940783e-5,2.02233102355355e-4,-0.4155915555208037
0,0.00118809522443347,2.02233102355355e-4,0.7689990060308648
0,6.49206502032183e-4,2.02233102355355e-4,0.5065306165877249
0,0.00106752631124742,2.02233102355355e-4,0.7225263436544154
0,3.0688920733692e-5,2.02233102355355e-4,-0.818870628745242
1,1.1374216147146,2.02233102355355e-4,3.750069232803244
0,6.74682456259169e-5,2.02233102355355e-4,-0.4767528268405882
0,0.00143600852699503,2.02233102355355e-4,0.8513047745467102
0,7.20631373664631e-4,2.02233102355355e-4,0.5518609215969585
0,5.22305866984375e-4,2.02233102355355e-4,0.41207266002920323
0,0.0012576630375615,2.02233102355355e-4,0.79371205308478
0,2.98789039578595e-4,2.02233102355355e-4,0.16951241809310502
0,4.04684952209852e-4,2.02233102355355e-4,0.3012648117012799
0,4.13797741074828e-5,2.02233102355355e-4,-0.6890641286815801
0,4.24368534468567e-4,2.02233102355355e-4,0.3218909307145419
0,7.87446571150692e-4,2.02233102355355e-4,0.5903688520493459
0,5.69048742075378e-4,2.02233102355355e-4,0.4492972234382025
0,2.02233102355355e-4,4.24368534468567e-4,-0.32189093071454183
0,6.49206502032183e-4,4.24368534468567e-4,0.18463968587318305
0,0.00106752631124742,4.24368534468567e-4,0.40063541293987354
0,3.65724237424682e-4,4.24368534468567e-4,-0.06458943188378445
0,5.22305866984375e-4,4.24368534468567e-4,0.09018172931466141
0,2.52747529065493e-4,4.24368534468567e-4,-0.22505625642262014
0,4.13797741074828e-5,4.24368534468567e-4,-1.0109550593961218
0,0.00118809522443347,4.24368534468567e-4,0.447108075316323
0,8.08631103532554e-5,4.24368534468567e-4,-0.7199927327076638
0,7.20631373664631e-4,4.24368534468567e-4,0.22996999088241668
0,0.0012576630375615,4.24368534468567e-4,0.47182112237023816
0,7.87446571150692e-4,4.24368534468567e-4,0.26847792133480397
0,3.0688920733692e-5,4.24368534468567e-4,-1.140761559459784
0,7.76713204940783e-5,4.24368534468567e-4,-0.7374824862353455
1,1.1374216147146,4.24368534468567e-4,3.4281783020887024
0,2.98789039578595e-4,4.24368534468567e-4,-0.15237851262143684
0,4.04684952209852e-4,4.24368534468567e-4,-0.020626119013261984
0,6.74682456259169e-5,4.24368534468567e-4,-0.7986437575551301
0,0.00143600852699503,4.24368534468567e-4,0.5294138438321683
0,4.24368534468567e-4,4.24368534468567e-4,0
0,5.69048742075378e-4,4.24368534468567e-4,0.12740629272366066
0,0.00128059324363412,4.24368534468567e-4,0.47966803125618857
0,7.20631373664631e-4,6.74682456259169e-5,1.0286137484375466
0,5.69048742075378e-4,6.74682456259169e-5,0.9260500502787907
0,4.13797741074828e-5,6.74682456259169e-5,-0.2123113018409919
0,2.02233102355355e-4,6.74682456259169e-5,0.4767528268405881
0,7.76713204940783e-5,6.74682456259169e-5,0.06116127131978449
0,3.0688920733692e-5,6.74682456259169e-5,-0.34211780190465385
0,6.74682456259169e-5,6.74682456259169e-5,0
0,2.52747529065493e-4,6.74682456259169e-5,0.5735875011325098
0,2.98789039578595e-4,6.74682456259169e-5,0.6462652449336931
0,0.00143600852699503,6.74682456259169e-5,1.3280576013872982
0,8.08631103532554e-5,6.74682456259169e-5,0.07865102484746611
0,0.00128059324363412,6.74682456259169e-5,1.2783117888113187
0,3.65724237424682e-4,6.74682456259169e-5,0.7340543256713455
0,0.0012576630375615,6.74682456259169e-5,1.2704648799253682
0,4.24368534468567e-4,6.74682456259169e-5,0.79864375755513
0,7.87446571150692e-4,6.74682456259169e-5,1.067121678889934
0,1.1374216147146,6.74682456259169e-5,4.226822059643832
0,5.22305866984375e-4,6.74682456259169e-5,0.8888254868697913
0,0.00118809522443347,6.74682456259169e-5,1.245751832871453
0,4.04684952209852e-4,6.74682456259169e-5,0.778017638541868
0,6.49206502032183e-4,6.74682456259169e-5,0.983283443428313
0,0.00106752631124742,6.74682456259169e-5,1.1992791704950034
1,2.52747529065493e-4,2.98789039578595e-4,-0.07267774380118328
0,3.65724237424682e-4,2.98789039578595e-4,0.08778908073765244
0,2.02233102355355e-4,2.98789039578595e-4,-0.16951241809310497
1,4.13797741074828e-5,2.98789039578595e-4,-0.8585765467746851
0,7.87446571150692e-4,2.98789039578595e-4,0.4208564339562408
0,5.22305866984375e-4,2.98789039578595e-4,0.2425602419360982
1,5.69048742075378e-4,2.98789039578595e-4,0.27978480534509753
1,4.24368534468567e-4,2.98789039578595e-4,0.15237851262143684
1,1.1374216147146,2.98789039578595e-4,3.580556814710139
0,0.0012576630375615,2.98789039578595e-4,0.6241996349916751
0,6.74682456259169e-5,2.98789039578595e-4,-0.6462652449336931
0,7.20631373664631e-4,2.98789039578595e-4,0.3823485035038535
0,0.00143600852699503,2.98789039578595e-4,0.6817923564536051
0,0.00118809522443347,2.98789039578595e-4,0.5994865879377599
1,3.0688920733692e-5,2.98789039578595e-4,-0.988383046838347
0,6.49206502032183e-4,2.98789039578595e-4,0.33701819849461984
0,0.00106752631124742,2.98789039578595e-4,0.5530139255613103
0,8.08631103532554e-5,2.98789039578595e-4,-0.567614220086227
0,4.04684952209852e-4,2.98789039578595e-4,0.13175239360817492
0,2.98789039578595e-4,2.98789039578595e-4,0
0,0.00128059324363412,2.98789039578595e-4,0.6320465438776255
0,7.76713204940783e-5,2.98789039578595e-4,-0.5851039736139088
0,0.0012576630375615,6.49206502032183e-4,0.2871814364970551
0,0.00143600852699503,6.49206502032183e-4,0.34477415795898525
0,1.1374216147146,6.49206502032183e-4,3.2435386162155195
0,3.65724237424682e-4,6.49206502032183e-4,-0.24922911775696746
0,3.0688920733692e-5,6.49206502032183e-4,-1.3254012453329669
0,8.08631103532554e-5,6.49206502032183e-4,-0.9046324185808469
0,5.69048742075378e-4,6.49206502032183e-4,-0.05723339314952237
0,4.13797741074828e-5,6.49206502032183e-4,-1.195594745269305
0,7.87446571150692e-4,6.49206502032183e-4,0.08383823546162096
0,0.00106752631124742,6.49206502032183e-4,0.2159957270666905
0,2.02233102355355e-4,6.49206502032183e-4,-0.5065306165877249
0,7.76713204940783e-5,6.49206502032183e-4,-0.9221221721085285
0,7.20631373664631e-4,6.49206502032183e-4,0.045330305009233636
0,4.04684952209852e-4,6.49206502032183e-4,-0.205265804886445
0,5.22305866984375e-4,6.49206502032183e-4,-0.09445795655852167
0,0.00118809522443347,6.49206502032183e-4,0.26246838944314
0,6.74682456259169e-5,6.49206502032183e-4,-0.983283443428313
0,2.98789039578595e-4,6.49206502032183e-4,-0.3370181984946199
0,6.49206502032183e-4,6.49206502032183e-4,0
0,2.52747529065493e-4,6.49206502032183e-4,-0.4096959422958032
0,0.00128059324363412,6.49206502032183e-4,0.29502834538300554
0,4.24368534468567e-4,6.49206502032183e-4,-0.18463968587318305
0,8.08631103532554e-5,3.65724237424682e-4,-0.6554033008238794
0,5.69048742075378e-4,3.65724237424682e-4,0.19199572460744507
0,2.52747529065493e-4,3.65724237424682e-4,-0.1604668245388357
0,2.02233102355355e-4,3.65724237424682e-4,-0.2573014988307575
0,3.0688920733692e-5,3.65724237424682e-4,-1.0761721275759994
0,0.00128059324363412,3.65724237424682e-4,0.544257463139973
0,7.87446571150692e-4,3.65724237424682e-4,0.33306735321858844
0,5.22305866984375e-4,3.65724237424682e-4,0.1547711611984458
0,6.49206502032183e-4,3.65724237424682e-4,0.2492291177569675
0,4.24368534468567e-4,3.65724237424682e-4,0.06458943188378444
0,1.1374216147146,3.65724237424682e-4,3.492767733972487
0,7.76713204940783e-5,3.65724237424682e-4,-0.6728930543515611
0,7.20631373664631e-4,3.65724237424682e-4,0.29455942276620106
0,6.74682456259169e-5,3.65724237424682e-4,-0.7340543256713455
0,4.13797741074828e-5,3.65724237424682e-4,-0.9463656275123374
0,4.04684952209852e-4,3.65724237424682e-4,0.04396331287052243
0,2.98789039578595e-4,3.65724237424682e-4,-0.08778908073765243
0,0.00106752631124742,3.65724237424682e-4,0.46522484482365795
0,0.0012576630375615,3.65724237424682e-4,0.5364105542540225
0,0.00118809522443347,3.65724237424682e-4,0.5116975072001074
0,3.65724237424682e-4,3.65724237424682e-4,0
0,0.00143600852699503,3.65724237424682e-4,0.5940032757159527
0,5.69048742075378e-4,0.00128059324363412,-0.35226173853252796
0,0.00128059324363412,0.00128059324363412,0
0,8.08631103532554e-5,0.00128059324363412,-1.1996607639638524
1,1.1374216147146,0.00128059324363412,2.948510270832514
0,0.00143600852699503,0.00128059324363412,0.049745812575979674
0,2.52747529065493e-4,0.00128059324363412,-0.7047242876788088
0,7.76713204940783e-5,0.00128059324363412,-1.217150517491534
0,7.20631373664631e-4,0.00128059324363412,-0.24969804037377194
0,4.24368534468567e-4,0.00128059324363412,-0.47966803125618857
0,4.13797741074828e-5,0.00128059324363412,-1.4906230906523106
0,4.04684952209852e-4,0.00128059324363412,-0.5002941502694506
0,5.22305866984375e-4,0.00128059324363412,-0.3894863019415272
0,6.49206502032183e-4,0.00128059324363412,-0.2950283453830056
0,2.02233102355355e-4,0.00128059324363412,-0.8015589619707304
0,0.0012576630375615,0.00128059324363412,-0.007846908885950427
0,0.00106752631124742,0.00128059324363412,-0.07903261831631507
0,0.00118809522443347,0.00128059324363412,-0.03255995593986561
0,2.98789039578595e-4,0.00128059324363412,-0.6320465438776255
0,3.0688920733692e-5,0.00128059324363412,-1.6204295907159725
0,6.74682456259169e-5,0.00128059324363412,-1.2783117888113187
0,3.65724237424682e-4,0.00128059324363412,-0.544257463139973
0,7.87446571150692e-4,0.00128059324363412,-0.2111901099213846
0,0.0012576630375615,0.0012576630375615,0
0,4.13797741074828e-5,0.0012576630375615,-1.48277618176636
1,1.1374216147146,0.0012576630375615,2.9563571797184642
0,4.04684952209852e-4,0.0012576630375615,-0.49244724138350016
0,4.24368534468567e-4,0.0012576630375615,-0.47182112237023816
0,7.87446571150692e-4,0.0012576630375615,-0.20334320103543418
0,0.00143600852699503,0.0012576630375615,0.05759272146193015
0,6.74682456259169e-5,0.0012576630375615,-1.2704648799253682
0,7.20631373664631e-4,0.0012576630375615,-0.2418511314878215
0,2.98789039578595e-4,0.0012576630375615,-0.624199634991675
0,8.08631103532554e-5,0.0012576630375615,-1.191813855077902
0,7.76713204940783e-5,0.0012576630375615,-1.2093036086055837
0,5.22305866984375e-4,0.0012576630375615,-0.3816393930555768
0,2.02233102355355e-4,0.0012576630375615,-0.79371205308478
0,0.00118809522443347,0.0012576630375615,-0.024713047053915138
0,5.69048742075378e-4,0.0012576630375615,-0.3444148296465775
0,3.0688920733692e-5,0.0012576630375615,-1.612582681830022
0,0.00106752631124742,0.0012576630375615,-0.07118570943036463
0,6.49206502032183e-4,0.0012576630375615,-0.2871814364970551
0,3.65724237424682e-4,0.0012576630375615,-0.5364105542540225
0,2.52747529065493e-4,0.0012576630375615,-0.6968773787928583
0,0.00128059324363412,0.0012576630375615,0.007846908885950469
0,0.00128059324363412,7.20631373664631e-4,0.24969804037377194
0,7.76713204940783e-5,7.20631373664631e-4,-0.9674524771177622
0,8.08631103532554e-5,7.20631373664631e-4,-0.9499627235900805
0,4.13797741074828e-5,7.20631373664631e-4,-1.2409250502785385
0,0.0012576630375615,7.20631373664631e-4,0.24185113148782145
0,5.69048742075378e-4,7.20631373664631e-4,-0.10256369815875602
0,6.74682456259169e-5,7.20631373664631e-4,-1.0286137484375466
0,3.0688920733692e-5,7.20631373664631e-4,-1.3707315503422006
1,1.1374216147146,7.20631373664631e-4,3.198208311206286
0,0.00106752631124742,7.20631373664631e-4,0.17066542205745688
0,7.87446571150692e-4,7.20631373664631e-4,0.038507930452387346
0,2.52747529065493e-4,7.20631373664631e-4,-0.4550262473050369
0,7.20631373664631e-4,7.20631373664631e-4,0
0,2.98789039578595e-4,7.20631373664631e-4,-0.38234850350385347
0,4.24368534468567e-4,7.20631373664631e-4,-0.22996999088241668
0,0.00118809522443347,7.20631373664631e-4,0.2171380844339063
0,3.65724237424682e-4,7.20631373664631e-4,-0.29455942276620106
0,5.22305866984375e-4,7.20631373664631e-4,-0.13978826156775526
0,6.49206502032183e-4,7.20631373664631e-4,-0.045330305009233615
1,4.04684952209852e-4,7.20631373664631e-4,-0.2505961098956786
0,2.02233102355355e-4,7.20631373664631e-4,-0.5518609215969585
0,0.00143600852699503,7.20631373664631e-4,0.2994438529497516
0,0.00118809522443347,0.00118809522443347,0
0,7.20631373664631e-4,0.00118809522443347,-0.21713808443390634
0,4.04684952209852e-4,0.00118809522443347,-0.467734194329585
0,0.0012576630375615,0.00118809522443347,0.024713047053915155
0,6.49206502032183e-4,0.00118809522443347,-0.26246838944314
0,5.69048742075378e-4,0.00118809522443347,-0.31970178259266235
0,2.98789039578595e-4,0.00118809522443347,-0.5994865879377599
0,7.76713204940783e-5,0.00118809522443347,-1.1845905615516685
0,0.00143600852699503,0.00118809522443347,0.08230576851584527
0,2.52747529065493e-4,0.00118809522443347,-0.6721643317389432
0,0.00106752631124742,0.00118809522443347,-0.0464726623764495
0,1.1374216147146,0.00118809522443347,2.9810702267723794
0,4.24368534468567e-4,0.00118809522443347,-0.44710807531632296
0,0.00128059324363412,0.00118809522443347,0.032559955939865555
0,4.13797741074828e-5,0.00118809522443347,-1.4580631347124449
0,6.74682456259169e-5,0.00118809522443347,-1.245751832871453
0,8.08631103532554e-5,0.00118809522443347,-1.1671008080239869
0,3.0688920733692e-5,0.00118809522443347,-1.587869634776107
0,3.65724237424682e-4,0.00118809522443347,-0.5116975072001074
0,2.02233102355355e-4,0.00118809522443347,-0.7689990060308649
0,7.87446571150692e-4,0.00118809522443347,-0.178630153981519
0,5.22305866984375e-4,0.00118809522443347,-0.3569263460016616
0,0.00106752631124742,4.04684952209852e-4,0.4212615319531355
0,0.00118809522443347,4.04684952209852e-4,0.467734194329585
0,6.49206502032183e-4,4.04684952209852e-4,0.20526580488644502
0,7.87446571150692e-4,4.04684952209852e-4,0.28910404034806597
0,2.98789039578595e-4,4.04684952209852e-4,-0.13175239360817484
0,7.20631373664631e-4,4.04684952209852e-4,0.25059610989567865
0,0.00143600852699503,4.04684952209852e-4,0.5500399628454302
0,8.08631103532554e-5,4.04684952209852e-4,-0.6993666136944019
0,3.0688920733692e-5,4.04684952209852e-4,-1.1201354404465218
0,4.13797741074828e-5,4.04684952209852e-4,-0.9903289403828599
0,5.22305866984375e-4,4.04684952209852e-4,0.11080784832792337
0,2.02233102355355e-4,4.04684952209852e-4,-0.3012648117012799
0,4.24368534468567e-4,4.04684952209852e-4,0.020626119013261956
0,3.65724237424682e-4,4.04684952209852e-4,-0.043963312870522464
1,1.1374216147146,4.04684952209852e-4,3.4488044211019644
0,5.69048742075378e-4,4.04684952209852e-4,0.1480324117369226
0,7.76713204940783e-5,4.04684952209852e-4,-0.7168563672220836
0,2.52747529065493e-4,4.04684952209852e-4,-0.20443013740935814
0,0.00128059324363412,4.04684952209852e-4,0.5002941502694506
0,4.04684952209852e-4,4.04684952209852e-4,0
0,0.0012576630375615,4.04684952209852e-4,0.4924472413835001
0,6.74682456259169e-5,4.04684952209852e-4,-0.778017638541868
0,1.1374216147146,5.22305866984375e-4,3.337996572774041
0,7.87446571150692e-4,5.22305866984375e-4,0.1782961920201426
0,2.52747529065493e-4,5.22305866984375e-4,-0.3152379857372815
0,4.24368534468567e-4,5.22305866984375e-4,-0.09018172931466135
0,5.69048742075378e-4,5.22305866984375e-4,0.03722456340899929
0,0.0012576630375615,5.22305866984375e-4,0.38163939305557676
0,0.00106752631124742,5.22305866984375e-4,0.31045368362521214
0,5.22305866984375e-4,5.22305866984375e-4,0
0,4.13797741074828e-5,5.22305866984375e-4,-1.1011367887107832
0,3.0688920733692e-5,5.22305866984375e-4,-1.2309432887744451
0,7.76713204940783e-5,5.22305866984375e-4,-0.8276642155500069
0,3.65724237424682e-4,5.22305866984375e-4,-0.15477116119844575
0,0.00128059324363412,5.22305866984375e-4,0.3894863019415272
0,0.00143600852699503,5.22305866984375e-4,0.43923211451750693
0,4.04684952209852e-4,5.22305866984375e-4,-0.11080784832792334
0,0.00118809522443347,5.22305866984375e-4,0.3569263460016616
0,7.20631373664631e-4,5.22305866984375e-4,0.13978826156775528
0,8.08631103532554e-5,5.22305866984375e-4,-0.8101744620223252
0,6.74682456259169e-5,5.22305866984375e-4,-0.8888254868697913
0,2.98789039578595e-4,5.22305866984375e-4,-0.24256024193609818
0,2.02233102355355e-4,5.22305866984375e-4,-0.41207266002920323
0,6.49206502032183e-4,5.22305866984375e-4,0.09445795655852166
0,4.24368534468567e-4,8.08631103532554e-5,0.719992732707664
0,5.69048742075378e-4,8.08631103532554e-5,0.8473990254313245
0,4.04684952209852e-4,8.08631103532554e-5,0.6993666136944019
0,7.76713204940783e-5,8.08631103532554e-5,-0.017489753527681652
0,2.98789039578595e-4,8.08631103532554e-5,0.5676142200862271
1,1.1374216147146,8.08631103532554e-5,4.148171034796366
0,6.49206502032183e-4,8.08631103532554e-5,0.9046324185808469
0,2.52747529065493e-4,8.08631103532554e-5,0.4949364762850437
0,0.00118809522443347,8.08631103532554e-5,1.1671008080239869
0,3.0688920733692e-5,8.08631103532554e-5,-0.42076882675211996
0,3.65724237424682e-4,8.08631103532554e-5,0.6554033008238795
0,0.0012576630375615,8.08631103532554e-5,1.191813855077902
0,5.22305866984375e-4,8.08631103532554e-5,0.8101744620223252
0,0.00143600852699503,8.08631103532554e-5,1.2494065765398321
0,0.00128059324363412,8.08631103532554e-5,1.1996607639638526
0,4.13797741074828e-5,8.08631103532554e-5,-0.290962326688458
0,6.74682456259169e-5,8.08631103532554e-5,-0.0786510248474661
0,8.08631103532554e-5,8.08631103532554e-5,0
0,7.20631373664631e-4,8.08631103532554e-5,0.9499627235900805
0,2.02233102355355e-4,8.08631103532554e-5,0.398101801993122
0,7.87446571150692e-4,8.08631103532554e-5,0.9884706540424678
0,0.00106752631124742,8.08631103532554e-5,1.1206281456475373
0,2.98789039578595e-4,2.52747529065493e-4,0.07267774380118329
0,0.0012576630375615,2.52747529065493e-4,0.6968773787928583
0,7.20631373664631e-4,2.52747529065493e-4,0.4550262473050368
0,4.13797741074828e-5,2.52747529065493e-4,-0.7858988029735017
0,5.22305866984375e-4,2.52747529065493e-4,0.31523798573728146
0,7.87446571150692e-4,2.52747529065493e-4,0.49353417775742414
0,5.69048742075378e-4,2.52747529065493e-4,0.35246254914628083
0,6.49206502032183e-4,2.52747529065493e-4,0.4096959422958032
0,8.08631103532554e-5,2.52747529065493e-4,-0.4949364762850437
0,6.74682456259169e-5,2.52747529065493e-4,-0.5735875011325098
0,3.0688920733692e-5,2.52747529065493e-4,-0.9157053030371637
0,7.76713204940783e-5,2.52747529065493e-4,-0.5124262298127253
0,0.00143600852699503,2.52747529065493e-4,0.7544701002547884
0,2.52747529065493e-4,2.52747529065493e-4,0
0,4.04684952209852e-4,2.52747529065493e-4,0.2044301374093582
0,4.24368534468567e-4,2.52747529065493e-4,0.22505625642262012
0,0.00128059324363412,2.52747529065493e-4,0.7047242876788087
0,0.00118809522443347,2.52747529065493e-4,0.6721643317389432
1,1.1374216147146,2.52747529065493e-4,3.6532345585113224
0,0.00106752631124742,2.52747529065493e-4,0.6256916693624937
0,2.02233102355355e-4,2.52747529065493e-4,-0.09683467429192169
0,3.65724237424682e-4,2.52747529065493e-4,0.16046682453883573
0,8.08631103532554e-5,1.1374216147146,-4.148171034796366
0,0.00143600852699503,1.1374216147146,-2.898764458256534
0,7.87446571150692e-4,1.1374216147146,-3.159700380753898
0,3.0688920733692e-5,1.1374216147146,-4.568939861548486
0,4.04684952209852e-4,1.1374216147146,-3.4488044211019644
0,7.20631373664631e-4,1.1374216147146,-3.198208311206286
0,3.65724237424682e-4,1.1374216147146,-3.492767733972487
0,0.00118809522443347,1.1374216147146,-2.9810702267723794
0,2.98789039578595e-4,1.1374216147146,-3.580556814710139
0,5.22305866984375e-4,1.1374216147146,-3.337996572774041
0,4.24368534468567e-4,1.1374216147146,-3.4281783020887024
0,0.00128059324363412,1.1374216147146,-2.948510270832514
0,2.52747529065493e-4,1.1374216147146,-3.6532345585113224
0,0.00106752631124742,1.1374216147146,-3.0275428891488287
0,6.49206502032183e-4,1.1374216147146,-3.243538616215519
0,2.02233102355355e-4,1.1374216147146,-3.750069232803244
0,6.74682456259169e-5,1.1374216147146,-4.226822059643832
0,4.13797741074828e-5,1.1374216147146,-4.439133361484824
0,0.0012576630375615,1.1374216147146,-2.9563571797184642
0,5.69048742075378e-4,1.1374216147146,-3.3007720093650414
0,1.1374216147146,1.1374216147146,0
0,7.76713204940783e-5,1.1374216147146,-4.165660788324048
0,0.00128059324363412,7.76713204940783e-5,1.2171505174915342
0,7.87446571150692e-4,7.76713204940783e-5,1.0059604075701496
0,0.0012576630375615,7.76713204940783e-5,1.2093036086055837
0,2.52747529065493e-4,7.76713204940783e-5,0.5124262298127253
1,1.1374216147146,7.76713204940783e-5,4.165660788324048
0,0.00106752631124742,7.76713204940783e-5,1.138117899175219
0,0.00118809522443347,7.76713204940783e-5,1.1845905615516685
0,3.0688920733692e-5,7.76713204940783e-5,-0.40327907322443834
0,7.20631373664631e-4,7.76713204940783e-5,0.9674524771177623
0,2.98789039578595e-4,7.76713204940783e-5,0.5851039736139086
0,8.08631103532554e-5,7.76713204940783e-5,0.017489753527681638
0,3.65724237424682e-4,7.76713204940783e-5,0.6728930543515611
0,6.74682456259169e-5,7.76713204940783e-5,-0.06116127131978447
0,4.13797741074828e-5,7.76713204940783e-5,-0.27347257316077633
0,4.24368534468567e-4,7.76713204940783e-5,0.7374824862353455
0,4.04684952209852e-4,7.76713204940783e-5,0.7168563672220836
0,6.49206502032183e-4,7.76713204940783e-5,0.9221221721085285
0,0.00143600852699503,7.76713204940783e-5,1.2668963300675138
0,5.69048742075378e-4,7.76713204940783e-5,0.8648887789590062
0,7.76713204940783e-5,7.76713204940783e-5,0
0,2.02233102355355e-4,7.76713204940783e-5,0.4155915555208036
0,5.22305866984375e-4,7.76713204940783e-5,0.8276642155500069
0,2.02233102355355e-4,3.0688920733692e-5,0.818870628745242
0,6.74682456259169e-5,3.0688920733692e-5,0.34211780190465385
0,0.00106752631124742,3.0688920733692e-5,1.5413969723996575
0,8.08631103532554e-5,3.0688920733692e-5,0.42076882675211996
0,2.52747529065493e-4,3.0688920733692e-5,0.9157053030371638
1,1.1374216147146,3.0688920733692e-5,4.568939861548486
0,7.87446571150692e-4,3.0688920733692e-5,1.4092394807945878
0,0.00128059324363412,3.0688920733692e-5,1.6204295907159725
0,0.00143600852699503,3.0688920733692e-5,1.6701754032919522
0,5.69048742075378e-4,3.0688920733692e-5,1.2681678521834445
0,4.04684952209852e-4,3.0688920733692e-5,1.1201354404465218
0,4.13797741074828e-5,3.0688920733692e-5,0.12980650006366198
0,6.49206502032183e-4,3.0688920733692e-5,1.3254012453329669
0,3.65724237424682e-4,3.0688920733692e-5,1.0761721275759994
0,7.20631373664631e-4,3.0688920733692e-5,1.3707315503422006
0,7.76713204940783e-5,3.0688920733692e-5,0.40327907322443834
0,0.00118809522443347,3.0688920733692e-5,1.587869634776107
0,5.22305866984375e-4,3.0688920733692e-5,1.2309432887744454
0,3.0688920733692e-5,3.0688920733692e-5,0
0,2.98789039578595e-4,3.0688920733692e-5,0.9883830468383471
0,4.24368534468567e-4,3.0688920733692e-5,1.140761559459784
0,0.0012576630375615,3.0688920733692e-5,1.612582681830022
0,2.02233102355355e-4,0.00106752631124742,-0.7225263436544154
0,4.04684952209852e-4,0.00106752631124742,-0.4212615319531355
0,5.22305866984375e-4,0.00106752631124742,-0.31045368362521214
0,5.69048742075378e-4,0.00106752631124742,-0.2732291202162129
0,7.76713204940783e-5,0.00106752631124742,-1.138117899175219
0,7.87446571150692e-4,0.00106752631124742,-0.1321574916050695
0,8.08631103532554e-5,0.00106752631124742,-1.1206281456475373
0,1.1374216147146,0.00106752631124742,3.0275428891488287
0,2.98789039578595e-4,0.00106752631124742,-0.5530139255613103
0,0.00143600852699503,0.00106752631124742,0.12877843089229477
0,3.0688920733692e-5,0.00106752631124742,-1.5413969723996575
0,2.52747529065493e-4,0.00106752631124742,-0.6256916693624937
0,7.20631373664631e-4,0.00106752631124742,-0.17066542205745686
0,6.74682456259169e-5,0.00106752631124742,-1.1992791704950037
0,4.24368534468567e-4,0.00106752631124742,-0.4006354129398735
0,6.49206502032183e-4,0.00106752631124742,-0.21599572706669048
0,0.00106752631124742,0.00106752631124742,0
0,0.00118809522443347,0.00106752631124742,0.0464726623764495
0,4.13797741074828e-5,0.00106752631124742,-1.4115904723359955
0,0.00128059324363412,0.00106752631124742,0.07903261831631508
0,0.0012576630375615,0.00106752631124742,0.07118570943036462
0,3.65724237424682e-4,0.00106752631124742,-0.4652248448236579
1,1.1374216147146,0.0010053183491029,3.0536178676198156
0,1.99841819026288e-4,0.0010053183491029,-0.7016172352441837
0,6.10415218989746e-4,0.0010053183491029,-0.21667825638871807
0,4.05501334082366e-5,0.0010053183491029,-1.3943113220240126
0,8.76854981903832e-5,0.0010053183491029,-1.0593758355924034
0,0.00163156322416638,0.0010053183491029,0.21030029826751953
0,0.0010053183491029,0.0010053183491029,0
0,5.99094930581142e-4,0.0010053183491029,-0.22480796468938213
0,1.03200375438833e-4,0.0010053183491029,-0.9886223321441521
0,1.56487796536792e-4,0.0010053183491029,-0.8078231339769442
0,0.00154841998165141,0.0010053183491029,0.18758515767051206
0,4.05501334082366e-5,0.0010053183491029,-1.3943113220240126
0,3.66320967477716e-5,0.0010053183491029,-1.4384418318627674
0,8.62735358043943e-4,0.0010053183491029,-0.06642601200849138
0,3.60647381458288e-4,0.0010053183491029,-0.44522082611564223
0,5.00016153902683e-4,0.0010053183491029,-0.3033195741731921
0,0.00720344149857074,0.0010053183491029,0.8552364240954454
0,3.773290436126e-4,0.0010053183491029,-0.4255833745641937
0,1.19572474770282e-4,0.0010053183491029,-0.9246723915308245
0,0.00449341940705324,0.0010053183491029,0.6502733473054783
0,2.13836534528482e-4,0.0010053183491029,-0.672221701829427
0,6.72987706756529e-4,0.0010053183491029,-0.17429647820113417
0,5.23133425646401e-4,0.0010053183491029,-0.28369113919420863
0,0.0010053183491029,3.60647381458288e-4,0.44522082611564223
0,0.00720344149857074,3.60647381458288e-4,1.3004572502110876
0,1.19572474770282e-4,3.60647381458288e-4,-0.47945156541518225
0,3.66320967477716e-5,3.60647381458288e-4,-0.9932210057471251
0,1.99841819026288e-4,3.60647381458288e-4,-0.25639640912854156
0,8.76854981903832e-5,3.60647381458288e-4,-0.6141550094767612
0,0.00449341940705324,3.60647381458288e-4,1.0954941734211205
0,3.60647381458288e-4,3.60647381458288e-4,0
0,1.56487796536792e-4,3.60647381458288e-4,-0.36260230786130193
0,5.00016153902683e-4,3.60647381458288e-4,0.14190125194245012
0,8.62735358043943e-4,3.60647381458288e-4,0.3787948141071509
0,4.05501334082366e-5,3.60647381458288e-4,-0.9490904959083705
0,4.05501334082366e-5,3.60647381458288e-4,-0.9490904959083705
0,5.23133425646401e-4,3.60647381458288e-4,0.16152968692143363
0,6.10415218989746e-4,3.60647381458288e-4,0.22854256972692416
0,5.99094930581142e-4,3.60647381458288e-4,0.2204128614262601
0,0.00154841998165141,3.60647381458288e-4,0.6328059837861544
0,1.1374216147146,3.60647381458288e-4,3.498838693735458
0,1.03200375438833e-4,3.60647381458288e-4,-0.5434015060285098
0,0.00163156322416638,3.60647381458288e-4,0.6555211243831617
0,6.72987706756529e-4,3.60647381458288e-4,0.27092434791450803
0,3.773290436126e-4,3.60647381458288e-4,0.019637451551448536
0,2.13836534528482e-4,3.60647381458288e-4,-0.22700087571378472
0,1.99841819026288e-4,0.00720344149857074,-1.5568536593396292
0,3.773290436126e-4,0.00720344149857074,-1.280819798659639
0,0.00449341940705324,0.00720344149857074,-0.2049630767899671
0,8.62735358043943e-4,0.00720344149857074,-0.9216624361039368
0,0.00154841998165141,0.00720344149857074,-0.6676512664249333
0,2.13836534528482e-4,0.00720344149857074,-1.5274581259248725
0,0.00720344149857074,0.00720344149857074,0
1,1.1374216147146,0.00720344149857074,2.1983814435243705
0,5.99094930581142e-4,0.00720344149857074,-1.0800443887848277
0,3.66320967477716e-5,0.00720344149857074,-2.2936782559582127
0,0.0010053183491029,0.00720344149857074,-0.8552364240954454
0,4.05501334082366e-5,0.00720344149857074,-2.249547746119458
0,5.00016153902683e-4,0.00720344149857074,-1.1585559982686375
0,0.00163156322416638,0.00720344149857074,-0.6449361258279259
0,6.10415218989746e-4,0.00720344149857074,-1.0719146804841635
0,3.60647381458288e-4,0.00720344149857074,-1.3004572502110876
0,5.23133425646401e-4,0.00720344149857074,-1.138927563289654
0,6.72987706756529e-4,0.00720344149857074,-1.0295329022965796
0,1.56487796536792e-4,0.00720344149857074,-1.6630595580723895
0,1.03200375438833e-4,0.00720344149857074,-1.8438587562395974
0,1.19572474770282e-4,0.00720344149857074,-1.77990881562627
0,4.05501334082366e-5,0.00720344149857074,-2.249547746119458
0,8.76854981903832e-5,0.00720344149857074,-1.9146122596878488
0,1.1374216147146,6.72987706756529e-4,3.22791434582095
0,5.23133425646401e-4,6.72987706756529e-4,-0.1093946609930744
0,3.60647381458288e-4,6.72987706756529e-4,-0.27092434791450803
0,4.05501334082366e-5,6.72987706756529e-4,-1.2200148438228786
0,8.76854981903832e-5,6.72987706756529e-4,-0.8850793573912691
0,3.66320967477716e-5,6.72987706756529e-4,-1.2641453536616332
0,6.72987706756529e-4,6.72987706756529e-4,0
0,8.62735358043943e-4,6.72987706756529e-4,0.1078704661926428
0,6.10415218989746e-4,6.72987706756529e-4,-0.042381778187583895
0,1.56487796536792e-4,6.72987706756529e-4,-0.63352665577581
0,3.773290436126e-4,6.72987706756529e-4,-0.25128689636305945
0,5.99094930581142e-4,6.72987706756529e-4,-0.05051148648824792
0,2.13836534528482e-4,6.72987706756529e-4,-0.4979252236282928
0,1.99841819026288e-4,6.72987706756529e-4,-0.5273207570430496
0,0.00449341940705324,6.72987706756529e-4,0.8245698255066125
0,0.00720344149857074,6.72987706756529e-4,1.0295329022965796
0,1.19572474770282e-4,6.72987706756529e-4,-0.7503759133296902
0,1.03200375438833e-4,6.72987706756529e-4,-0.8143258539430178
0,0.00154841998165141,6.72987706756529e-4,0.3618816358716463
0,0.0010053183491029,6.72987706756529e-4,0.17429647820113417
0,5.00016153902683e-4,6.72987706756529e-4,-0.1290230959720579
0,4.05501334082366e-5,6.72987706756529e-4,-1.2200148438228786
0,0.00163156322416638,6.72987706756529e-4,0.3845967764686537
0,0.00154841998165141,1.56487796536792e-4,0.9954082916474561
0,0.00449341940705324,1.56487796536792e-4,1.4580964812824224
0,0.0010053183491029,1.56487796536792e-4,0.8078231339769442
0,5.00016153902683e-4,1.56487796536792e-4,0.504503559803752
0,1.99841819026288e-4,1.56487796536792e-4,0.10620589873276041
0,3.773290436126e-4,1.56487796536792e-4,0.38223975941275046
0,8.76854981903832e-5,1.56487796536792e-4,-0.2515527016154592
0,4.05501334082366e-5,1.56487796536792e-4,-0.5864881880470686
0,5.23133425646401e-4,1.56487796536792e-4,0.5241319947827355
0,1.1374216147146,1.56487796536792e-4,3.8614410015967597
0,6.72987706756529e-4,1.56487796536792e-4,0.63352665577581
0,0.00720344149857074,1.56487796536792e-4,1.6630595580723895
0,0.00163156322416638,1.56487796536792e-4,1.0181234322444637
0,3.60647381458288e-4,1.56487796536792e-4,0.36260230786130193
0,4.05501334082366e-5,1.56487796536792e-4,-0.5864881880470686
0,1.19572474770282e-4,1.56487796536792e-4,-0.11684925755388031
1,8.62735358043943e-4,1.56487796536792e-4,0.7413971219684528
0,5.99094930581142e-4,1.56487796536792e-4,0.583015169287562
0,6.10415218989746e-4,1.56487796536792e-4,0.5911448775882261
0,1.56487796536792e-4,1.56487796536792e-4,0
0,3.66320967477716e-5,1.56487796536792e-4,-0.6306186978858233
0,1.03200375438833e-4,1.56487796536792e-4,-0.18079919816720794
0,2.13836534528482e-4,1.56487796536792e-4,0.13560143214751721
0,8.76854981903832e-5,4.05501334082366e-5,0.33493548643160936
0,6.10415218989746e-4,4.05501334082366e-5,1.1776330656352947
0,5.99094930581142e-4,4.05501334082366e-5,1.1695033573346307
0,5.00016153902683e-4,4.05501334082366e-5,1.0909917478508206
0,0.00720344149857074,4.05501334082366e-5,2.249547746119458
0,6.72987706756529e-4,4.05501334082366e-5,1.2200148438228786
0,1.56487796536792e-4,4.05501334082366e-5,0.5864881880470686
0,5.23133425646401e-4,4.05501334082366e-5,1.1106201828298041
0,0.00163156322416638,4.05501334082366e-5,1.6046116202915324
0,4.05501334082366e-5,4.05501334082366e-5,0
0,1.99841819026288e-4,4.05501334082366e-5,0.692694086779829
0,3.66320967477716e-5,4.05501334082366e-5,-0.04413050983875461
0,1.19572474770282e-4,4.05501334082366e-5,0.46963893049318833
0,1.03200375438833e-4,4.05501334082366e-5,0.4056889898798607
0,1.1374216147146,4.05501334082366e-5,4.447929189643829
0,0.0010053183491029,4.05501334082366e-5,1.3943113220240129
0,8.62735358043943e-4,4.05501334082366e-5,1.3278853100155215
0,3.60647381458288e-4,4.05501334082366e-5,0.9490904959083706
0,3.773290436126e-4,4.05501334082366e-5,0.968727947459819
0,2.13836534528482e-4,4.05501334082366e-5,0.7220896201945858
0,0.00449341940705324,4.05501334082366e-5,2.044584669329491
0,4.05501334082366e-5,4.05501334082366e-5,0
0,0.00154841998165141,4.05501334082366e-5,1.5818964796945247
0,1.19572474770282e-4,2.13836534528482e-4,-0.2524506897013975
0,0.0010053183491029,2.13836534528482e-4,0.672221701829427
1,1.1374216147146,2.13836534528482e-4,3.7258395694492425
0,0.00720344149857074,2.13836534528482e-4,1.5274581259248723
0,1.99841819026288e-4,2.13836534528482e-4,-0.029395533414756807
0,4.05501334082366e-5,2.13836534528482e-4,-0.7220896201945858
0,0.00154841998165141,2.13836534528482e-4,0.8598068594999391
0,4.05501334082366e-5,2.13836534528482e-4,-0.7220896201945858
0,3.66320967477716e-5,2.13836534528482e-4,-0.7662201300333404
0,8.76854981903832e-5,2.13836534528482e-4,-0.38715413376297636
0,5.99094930581142e-4,2.13836534528482e-4,0.44741373714004484
0,6.72987706756529e-4,2.13836534528482e-4,0.49792522362829283
0,1.56487796536792e-4,2.13836534528482e-4,-0.1356014321475172
0,5.23133425646401e-4,2.13836534528482e-4,0.38853056263521835
0,5.00016153902683e-4,2.13836534528482e-4,0.3689021276562349
0,1.03200375438833e-4,2.13836534528482e-4,-0.3164006303147251
0,2.13836534528482e-4,2.13836534528482e-4,0
1,8.62735358043943e-4,2.13836534528482e-4,0.6057956898209357
0,0.00449341940705324,2.13836534528482e-4,1.3224950491349052
0,3.60647381458288e-4,2.13836534528482e-4,0.22700087571378474
0,0.00163156322416638,2.13836534528482e-4,0.8825220000969465
0,3.773290436126e-4,2.13836534528482e-4,0.2466383272652333
0,6.10415218989746e-4,2.13836534528482e-4,0.4555434454407089
0,1.03200375438833e-4,5.23133425646401e-4,-0.7049311929499434
0,5.23133425646401e-4,5.23133425646401e-4,0
0,1.19572474770282e-4,5.23133425646401e-4,-0.6409812523366158
0,4.05501334082366e-5,5.23133425646401e-4,-1.1106201828298041
1,3.60647381458288e-4,5.23133425646401e-4,-0.16152968692143363
1,0.00449341940705324,5.23133425646401e-4,0.9339644864996869
1,1.99841819026288e-4,5.23133425646401e-4,-0.4179260960499751
0,2.13836534528482e-4,5.23133425646401e-4,-0.38853056263521835
0,0.00163156322416638,5.23133425646401e-4,0.49399143746172813
0,6.72987706756529e-4,5.23133425646401e-4,0.10939466099307445
1,0.0010053183491029,5.23133425646401e-4,0.28369113919420863
1,0.00720344149857074,5.23133425646401e-4,1.138927563289654
0,5.00016153902683e-4,5.23133425646401e-4,-0.0196284349789835
0,6.10415218989746e-4,5.23133425646401e-4,0.06701288280549055
0,5.99094930581142e-4,5.23133425646401e-4,0.058883174504826455
0,4.05501334082366e-5,5.23133425646401e-4,-1.1106201828298041
0,3.66320967477716e-5,5.23133425646401e-4,-1.1547506926685587
0,8.76854981903832e-5,5.23133425646401e-4,-0.7756846963981947
0,1.56487796536792e-4,5.23133425646401e-4,-0.5241319947827355
0,3.773290436126e-4,5.23133425646401e-4,-0.14189223536998505
1,8.62735358043943e-4,5.23133425646401e-4,0.21726512718571725
0,0.00154841998165141,5.23133425646401e-4,0.47127629686472067
1,1.1374216147146,5.23133425646401e-4,3.3373090068140243
0,2.13836534528482e-4,6.10415218989746e-4,-0.4555434454407089
0,0.00163156322416638,6.10415218989746e-4,0.4269785546562376
0,8.76854981903832e-5,6.10415218989746e-4,-0.8426975792036853
0,6.10415218989746e-4,6.10415218989746e-4,0
0,0.00154841998165141,6.10415218989746e-4,0.4042634140592301
0,1.56487796536792e-4,6.10415218989746e-4,-0.5911448775882261
0,6.72987706756529e-4,6.10415218989746e-4,0.0423817781875839
0,0.00720344149857074,6.10415218989746e-4,1.0719146804841635
0,3.773290436126e-4,6.10415218989746e-4,-0.20890511817547558
0,3.60647381458288e-4,6.10415218989746e-4,-0.2285425697269242
0,5.00016153902683e-4,6.10415218989746e-4,-0.08664131778447404
0,3.66320967477716e-5,6.10415218989746e-4,-1.2217635754740495
0,0.00449341940705324,6.10415218989746e-4,0.8669516036941964
0,4.05501334082366e-5,6.10415218989746e-4,-1.1776330656352947
0,1.99841819026288e-4,6.10415218989746e-4,-0.4849389788554657
0,1.19572474770282e-4,6.10415218989746e-4,-0.7079941351421064
0,0.0010053183491029,6.10415218989746e-4,0.21667825638871804
0,5.23133425646401e-4,6.10415218989746e-4,-0.06701288280549053
0,1.1374216147146,6.10415218989746e-4,3.2702961240085338
0,1.03200375438833e-4,6.10415218989746e-4,-0.771944075755434
0,4.05501334082366e-5,6.10415218989746e-4,-1.1776330656352947
0,5.99094930581142e-4,6.10415218989746e-4,-0.008129708300664083
0,8.62735358043943e-4,6.10415218989746e-4,0.1502522443802267
0,3.66320967477716e-5,4.05501334082366e-5,-0.04413050983875461
0,8.76854981903832e-5,4.05501334082366e-5,0.33493548643160936
0,4.05501334082366e-5,4.05501334082366e-5,0
0,8.62735358043943e-4,4.05501334082366e-5,1.3278853100155215
0,4.05501334082366e-5,4.05501334082366e-5,0
0,1.99841819026288e-4,4.05501334082366e-5,0.692694086779829
0,0.00163156322416638,4.05501334082366e-5,1.6046116202915324
0,3.60647381458288e-4,4.05501334082366e-5,0.9490904959083706
0,6.72987706756529e-4,4.05501334082366e-5,1.2200148438228786
0,2.13836534528482e-4,4.05501334082366e-5,0.7220896201945858
0,0.0010053183491029,4.05501334082366e-5,1.3943113220240129
0,1.03200375438833e-4,4.05501334082366e-5,0.4056889898798607
0,5.00016153902683e-4,4.05501334082366e-5,1.0909917478508206
0,6.10415218989746e-4,4.05501334082366e-5,1.1776330656352947
0,5.99094930581142e-4,4.05501334082366e-5,1.1695033573346307
1,1.1374216147146,4.05501334082366e-5,4.447929189643829
0,3.773290436126e-4,4.05501334082366e-5,0.968727947459819
0,0.00154841998165141,4.05501334082366e-5,1.5818964796945247
0,0.00720344149857074,4.05501334082366e-5,2.249547746119458
0,1.19572474770282e-4,4.05501334082366e-5,0.46963893049318833
0,1.56487796536792e-4,4.05501334082366e-5,0.5864881880470686
0,0.00449341940705324,4.05501334082366e-5,2.044584669329491
0,5.23133425646401e-4,4.05501334082366e-5,1.1106201828298041
0,8.62735358043943e-4,5.00016153902683e-4,0.23689356216470076
0,0.00720344149857074,5.00016153902683e-4,1.1585559982686375
0,4.05501334082366e-5,5.00016153902683e-4,-1.0909917478508206
0,0.00449341940705324,5.00016153902683e-4,0.9535929214786704
0,0.00163156322416638,5.00016153902683e-4,0.5136198724407116
0,5.99094930581142e-4,5.00016153902683e-4,0.07851160948380996
0,0.0010053183491029,5.00016153902683e-4,0.3033195741731921
0,0.00154841998165141,5.00016153902683e-4,0.49090473184370415
0,1.99841819026288e-4,5.00016153902683e-4,-0.3982976610709917
0,6.72987706756529e-4,5.00016153902683e-4,0.1290230959720579
0,1.03200375438833e-4,5.00016153902683e-4,-0.68530275797096
0,8.76854981903832e-5,5.00016153902683e-4,-0.7560562614192112
0,1.56487796536792e-4,5.00016153902683e-4,-0.504503559803752
0,5.23133425646401e-4,5.00016153902683e-4,0.019628434978983506
0,1.1374216147146,5.00016153902683e-4,3.356937441793008
0,1.19572474770282e-4,5.00016153902683e-4,-0.6213528173576324
0,2.13836534528482e-4,5.00016153902683e-4,-0.36890212765623487
0,3.60647381458288e-4,5.00016153902683e-4,-0.14190125194245015
0,6.10415218989746e-4,5.00016153902683e-4,0.08664131778447406
0,3.66320967477716e-5,5.00016153902683e-4,-1.1351222576895752
0,4.05501334082366e-5,5.00016153902683e-4,-1.0909917478508206
0,3.773290436126e-4,5.00016153902683e-4,-0.12226380039100157
0,5.00016153902683e-4,5.00016153902683e-4,0
0,5.23133425646401e-4,8.62735358043943e-4,-0.2172651271857173
0,8.76854981903832e-5,8.62735358043943e-4,-0.9929498235839119
0,4.05501334082366e-5,8.62735358043943e-4,-1.3278853100155215
0,0.00154841998165141,8.62735358043943e-4,0.25401116967900345
0,1.56487796536792e-4,8.62735358043943e-4,-0.7413971219684528
0,0.00449341940705324,8.62735358043943e-4,0.7166993593139697
0,1.19572474770282e-4,8.62735358043943e-4,-0.8582463795223331
0,3.66320967477716e-5,8.62735358043943e-4,-1.372015819854276
0,5.99094930581142e-4,8.62735358043943e-4,-0.15838195268089073
0,1.99841819026288e-4,8.62735358043943e-4,-0.6351912232356923
0,5.00016153902683e-4,8.62735358043943e-4,-0.23689356216470073
0,3.773290436126e-4,8.62735358043943e-4,-0.3591573625557023
0,4.05501334082366e-5,8.62735358043943e-4,-1.3278853100155215
0,1.03200375438833e-4,8.62735358043943e-4,-0.9221963201356607
1,1.1374216147146,8.62735358043943e-4,3.120043879628307
0,2.13836534528482e-4,8.62735358043943e-4,-0.6057956898209356
0,0.0010053183491029,8.62735358043943e-4,0.06642601200849135
0,6.72987706756529e-4,8.62735358043943e-4,-0.10787046619264283
0,3.60647381458288e-4,8.62735358043943e-4,-0.3787948141071509
0,0.00163156322416638,8.62735358043943e-4,0.27672631027601086
0,0.00720344149857074,8.62735358043943e-4,0.9216624361039367
0,8.62735358043943e-4,8.62735358043943e-4,0
0,6.10415218989746e-4,8.62735358043943e-4,-0.15025224438022672
0,0.00449341940705324,0.00449341940705324,0
0,1.03200375438833e-4,0.00449341940705324,-1.6388956794496303
0,5.00016153902683e-4,0.00449341940705324,-0.9535929214786705
0,8.62735358043943e-4,0.00449341940705324,-0.7166993593139697
0,6.72987706756529e-4,0.00449341940705324,-0.8245698255066125
0,3.60647381458288e-4,0.00449341940705324,-1.0954941734211205
0,0.0010053183491029,0.00449341940705324,-0.6502733473054783
0,4.05501334082366e-5,0.00449341940705324,-2.044584669329491
0,0.00154841998165141,0.00449341940705324,-0.4626881896349663
0,1.56487796536792e-4,0.00449341940705324,-1.4580964812824224
0,1.19572474770282e-4,0.00449341940705324,-1.5749457388363028
0,3.773290436126e-4,0.00449341940705324,-1.075856721869672
0,0.00720344149857074,0.00449341940705324,0.20496307678996709
0,0.00163156322416638,0.00449341940705324,-0.4399730490379588
0,5.23133425646401e-4,0.00449341940705324,-0.933964486499687
0,1.99841819026288e-4,0.00449341940705324,-1.351890582549662
0,3.66320967477716e-5,0.00449341940705324,-2.0887151791682457
0,5.99094930581142e-4,0.00449341940705324,-0.8750813119948605
0,6.10415218989746e-4,0.00449341940705324,-0.8669516036941963
1,1.1374216147146,0.00449341940705324,2.4033445203143375
0,2.13836534528482e-4,0.00449341940705324,-1.3224950491349052
0,8.76854981903832e-5,0.00449341940705324,-1.7096491828978817
0,4.05501334082366e-5,0.00449341940705324,-2.044584669329491
1,0.0010053183491029,5.99094930581142e-4,0.2248079646893821
1,0.00154841998165141,5.99094930581142e-4,0.41239312235989417
0,5.99094930581142e-4,5.99094930581142e-4,0
0,3.773290436126e-4,5.99094930581142e-4,-0.20077540987481154
1,8.62735358043943e-4,5.99094930581142e-4,0.15838195268089075
0,0.00163156322416638,5.99094930581142e-4,0.43510826295690164
0,2.13836534528482e-4,5.99094930581142e-4,-0.4474137371400449
0,5.00016153902683e-4,5.99094930581142e-4,-0.07851160948380999
1,1.1374216147146,5.99094930581142e-4,3.278425832309198
1,1.99841819026288e-4,5.99094930581142e-4,-0.4768092705548016
0,0.00449341940705324,5.99094930581142e-4,0.8750813119948605
0,8.76854981903832e-5,5.99094930581142e-4,-0.8345678709030212
0,4.05501334082366e-5,5.99094930581142e-4,-1.1695033573346305
0,1.19572474770282e-4,5.99094930581142e-4,-0.6998644268414423
0,6.10415218989746e-4,5.99094930581142e-4,0.00812970830066407
0,1.56487796536792e-4,5.99094930581142e-4,-0.583015169287562
1,0.00720344149857074,5.99094930581142e-4,1.0800443887848274
1,3.60647381458288e-4,5.99094930581142e-4,-0.2204128614262601
0,5.23133425646401e-4,5.99094930581142e-4,-0.0588831745048265
0,1.03200375438833e-4,5.99094930581142e-4,-0.7638143674547699
1,3.66320967477716e-5,5.99094930581142e-4,-1.2136338671733853
0,6.72987706756529e-4,5.99094930581142e-4,0.05051148648824796
0,4.05501334082366e-5,5.99094930581142e-4,-1.1695033573346305
0,1.99841819026288e-4,1.03200375438833e-4,0.28700509689996834
0,6.72987706756529e-4,1.03200375438833e-4,0.8143258539430179
0,5.99094930581142e-4,1.03200375438833e-4,0.7638143674547699
0,1.56487796536792e-4,1.03200375438833e-4,0.18079919816720788
0,3.60647381458288e-4,1.03200375438833e-4,0.5434015060285099
0,0.0010053183491029,1.03200375438833e-4,0.9886223321441521
0,5.00016153902683e-4,1.03200375438833e-4,0.68530275797096
0,0.00154841998165141,1.03200375438833e-4,1.1762074898146642
0,0.00449341940705324,1.03200375438833e-4,1.6388956794496303
0,3.773290436126e-4,1.03200375438833e-4,0.5630389575799584
0,8.76854981903832e-5,1.03200375438833e-4,-0.07075350344825129
0,1.19572474770282e-4,1.03200375438833e-4,0.06394994061332755
0,1.03200375438833e-4,1.03200375438833e-4,0
0,8.62735358043943e-4,1.03200375438833e-4,0.9221963201356607
0,5.23133425646401e-4,1.03200375438833e-4,0.7049311929499434
0,4.05501334082366e-5,1.03200375438833e-4,-0.4056889898798607
0,4.05501334082366e-5,1.03200375438833e-4,-0.4056889898798607
0,0.00720344149857074,1.03200375438833e-4,1.8438587562395976
0,0.00163156322416638,1.03200375438833e-4,1.1989226304116716
0,1.1374216147146,1.03200375438833e-4,4.042240199763968
0,6.10415218989746e-4,1.03200375438833e-4,0.771944075755434
0,2.13836534528482e-4,1.03200375438833e-4,0.3164006303147251
0,3.66320967477716e-5,1.03200375438833e-4,-0.44981949971861535
0,1.99841819026288e-4,1.99841819026288e-4,0
0,3.66320967477716e-5,1.99841819026288e-4,-0.7368245966185837
0,1.56487796536792e-4,1.99841819026288e-4,-0.10620589873276037
0,5.23133425646401e-4,1.99841819026288e-4,0.41792609604997516
0,6.10415218989746e-4,1.99841819026288e-4,0.48493897885546566
0,0.00449341940705324,1.99841819026288e-4,1.351890582549662
0,8.62735358043943e-4,1.99841819026288e-4,0.6351912232356924
0,0.00163156322416638,1.99841819026288e-4,0.9119175335117032
0,0.00154841998165141,1.99841819026288e-4,0.8892023929146958
0,4.05501334082366e-5,1.99841819026288e-4,-0.692694086779829
0,0.00720344149857074,1.99841819026288e-4,1.5568536593396292
0,4.05501334082366e-5,1.99841819026288e-4,-0.692694086779829
0,5.00016153902683e-4,1.99841819026288e-4,0.3982976610709916
1,1.1374216147146,1.99841819026288e-4,3.7552351028639994
0,0.0010053183491029,1.99841819026288e-4,0.7016172352441838
0,5.99094930581142e-4,1.99841819026288e-4,0.4768092705548016
0,3.773290436126e-4,1.99841819026288e-4,0.2760338606799901
0,8.76854981903832e-5,1.99841819026288e-4,-0.3577586003482196
0,1.03200375438833e-4,1.99841819026288e-4,-0.28700509689996834
0,6.72987706756529e-4,1.99841819026288e-4,0.5273207570430496
0,2.13836534528482e-4,1.99841819026288e-4,0.029395533414756803
0,1.19572474770282e-4,1.99841819026288e-4,-0.2230551562866407
0,3.60647381458288e-4,1.99841819026288e-4,0.25639640912854156
0,6.10415218989746e-4,1.19572474770282e-4,0.7079941351421064
0,1.1374216147146,1.19572474770282e-4,3.9782902591506404
0,3.60647381458288e-4,1.19572474770282e-4,0.47945156541518225
0,1.56487796536792e-4,1.19572474770282e-4,0.11684925755388027
0,0.0010053183491029,1.19572474770282e-4,0.9246723915308245
0,8.76854981903832e-5,1.19572474770282e-4,-0.13470344406157886
0,0.00154841998165141,1.19572474770282e-4,1.1122575492013365
0,5.00016153902683e-4,1.19572474770282e-4,0.6213528173576324
0,0.00720344149857074,1.19572474770282e-4,1.77990881562627
0,2.13836534528482e-4,1.19572474770282e-4,0.25245068970139745
0,8.62735358043943e-4,1.19572474770282e-4,0.8582463795223331
0,0.00449341940705324,1.19572474770282e-4,1.5749457388363028
0,1.19572474770282e-4,1.19572474770282e-4,0
0,5.99094930581142e-4,1.19572474770282e-4,0.6998644268414423
0,4.05501334082366e-5,1.19572474770282e-4,-0.4696389304931883
0,1.03200375438833e-4,1.19572474770282e-4,-0.0639499406133276
0,6.72987706756529e-4,1.19572474770282e-4,0.7503759133296902
0,5.23133425646401e-4,1.19572474770282e-4,0.6409812523366158
0,3.773290436126e-4,1.19572474770282e-4,0.49908901696663077
0,0.00163156322416638,1.19572474770282e-4,1.134972689798344
0,3.66320967477716e-5,1.19572474770282e-4,-0.5137694403319429
1,1.99841819026288e-4,1.19572474770282e-4,0.22305515628664072
0,4.05501334082366e-5,1.19572474770282e-4,-0.4696389304931883
0,0.00154841998165141,1.1374216147146,-2.8660327099493035
0,1.1374216147146,1.1374216147146,0
0,1.03200375438833e-4,1.1374216147146,-4.042240199763968
0,4.05501334082366e-5,1.1374216147146,-4.447929189643829
0,1.56487796536792e-4,1.1374216147146,-3.8614410015967597
0,8.76854981903832e-5,1.1374216147146,-4.1129937032122195
0,5.23133425646401e-4,1.1374216147146,-3.3373090068140243
0,3.60647381458288e-4,1.1374216147146,-3.498838693735458
0,3.773290436126e-4,1.1374216147146,-3.4792012421840095
0,4.05501334082366e-5,1.1374216147146,-4.447929189643829
0,6.72987706756529e-4,1.1374216147146,-3.22791434582095
0,5.00016153902683e-4,1.1374216147146,-3.356937441793008
0,5.99094930581142e-4,1.1374216147146,-3.278425832309198
0,0.00449341940705324,1.1374216147146,-2.4033445203143375
0,0.00163156322416638,1.1374216147146,-2.8433175693522963
0,1.19572474770282e-4,1.1374216147146,-3.9782902591506404
0,1.99841819026288e-4,1.1374216147146,-3.7552351028639994
0,0.00720344149857074,1.1374216147146,-2.1983814435243705
0,0.0010053183491029,1.1374216147146,-3.0536178676198156
0,6.10415218989746e-4,1.1374216147146,-3.2702961240085338
0,8.62735358043943e-4,1.1374216147146,-3.120043879628307
0,3.66320967477716e-5,1.1374216147146,-4.492059699482583
0,2.13836534528482e-4,1.1374216147146,-3.7258395694492425
0,0.00449341940705324,8.76854981903832e-5,1.7096491828978817
0,5.00016153902683e-4,8.76854981903832e-5,0.7560562614192112
0,1.03200375438833e-4,8.76854981903832e-5,0.07075350344825133
0,3.60647381458288e-4,8.76854981903832e-5,0.6141550094767612
0,6.72987706756529e-4,8.76854981903832e-5,0.8850793573912692
0,0.00163156322416638,8.76854981903832e-5,1.269676133859923
0,3.773290436126e-4,8.76854981903832e-5,0.6337924610282096
0,1.19572474770282e-4,8.76854981903832e-5,0.1347034440615789
0,0.00154841998165141,8.76854981903832e-5,1.2469609932629153
0,4.05501334082366e-5,8.76854981903832e-5,-0.33493548643160936
0,4.05501334082366e-5,8.76854981903832e-5,-0.33493548643160936
0,8.76854981903832e-5,8.76854981903832e-5,0
0,1.56487796536792e-4,8.76854981903832e-5,0.2515527016154592
0,0.0010053183491029,8.76854981903832e-5,1.0593758355924034
0,6.10415218989746e-4,8.76854981903832e-5,0.8426975792036853
0,8.62735358043943e-4,8.76854981903832e-5,0.9929498235839119
0,2.13836534528482e-4,8.76854981903832e-5,0.3871541337629764
0,5.23133425646401e-4,8.76854981903832e-5,0.7756846963981947
0,1.99841819026288e-4,8.76854981903832e-5,0.3577586003482196
0,3.66320967477716e-5,8.76854981903832e-5,-0.3790659962703641
0,0.00720344149857074,8.76854981903832e-5,1.9146122596878488
0,5.99094930581142e-4,8.76854981903832e-5,0.8345678709030212
0,1.1374216147146,8.76854981903832e-5,4.1129937032122195
0,0.00154841998165141,3.66320967477716e-5,1.6260269895332795
0,3.66320967477716e-5,3.66320967477716e-5,0
0,0.00720344149857074,3.66320967477716e-5,2.2936782559582127
0,5.00016153902683e-4,3.66320967477716e-5,1.1351222576895752
0,0.00449341940705324,3.66320967477716e-5,2.0887151791682457
0,4.05501334082366e-5,3.66320967477716e-5,0.044130509838754634
1,1.1374216147146,3.66320967477716e-5,4.492059699482583
0,6.10415218989746e-4,3.66320967477716e-5,1.2217635754740492
0,0.0010053183491029,3.66320967477716e-5,1.4384418318627674
0,1.03200375438833e-4,3.66320967477716e-5,0.44981949971861535
0,8.62735358043943e-4,3.66320967477716e-5,1.372015819854276
0,2.13836534528482e-4,3.66320967477716e-5,0.7662201300333404
0,0.00163156322416638,3.66320967477716e-5,1.648742130130287
0,3.60647381458288e-4,3.66320967477716e-5,0.9932210057471251
0,3.773290436126e-4,3.66320967477716e-5,1.0128584572985737
0,8.76854981903832e-5,3.66320967477716e-5,0.379065996270364
0,5.99094930581142e-4,3.66320967477716e-5,1.2136338671733853
0,5.23133425646401e-4,3.66320967477716e-5,1.1547506926685587
0,1.56487796536792e-4,3.66320967477716e-5,0.6306186978858233
0,6.72987706756529e-4,3.66320967477716e-5,1.2641453536616332
0,1.99841819026288e-4,3.66320967477716e-5,0.7368245966185836
0,1.19572474770282e-4,3.66320967477716e-5,0.5137694403319429
0,4.05501334082366e-5,3.66320967477716e-5,0.044130509838754634
0,8.62735358043943e-4,0.00154841998165141,-0.2540111696790034
0,2.13836534528482e-4,0.00154841998165141,-0.8598068594999391
0,1.56487796536792e-4,0.00154841998165141,-0.9954082916474563
0,0.00154841998165141,0.00154841998165141,0
0,3.773290436126e-4,0.00154841998165141,-0.6131685322347058
0,0.00720344149857074,0.00154841998165141,0.6676512664249334
0,1.19572474770282e-4,0.00154841998165141,-1.1122575492013365
0,5.00016153902683e-4,0.00154841998165141,-0.49090473184370415
0,0.00163156322416638,0.00154841998165141,0.022715140597007442
0,4.05501334082366e-5,0.00154841998165141,-1.5818964796945247
0,6.10415218989746e-4,0.00154841998165141,-0.4042634140592301
0,1.99841819026288e-4,0.00154841998165141,-0.8892023929146958
0,5.99094930581142e-4,0.00154841998165141,-0.4123931223598942
0,1.03200375438833e-4,0.00154841998165141,-1.1762074898146642
0,5.23133425646401e-4,0.00154841998165141,-0.47127629686472067
0,8.76854981903832e-5,0.00154841998165141,-1.2469609932629153
0,1.1374216147146,0.00154841998165141,2.866032709949304
0,4.05501334082366e-5,0.00154841998165141,-1.5818964796945247
0,0.0010053183491029,0.00154841998165141,-0.18758515767051204
0,3.60647381458288e-4,0.00154841998165141,-0.6328059837861543
0,0.00449341940705324,0.00154841998165141,0.4626881896349663
0,6.72987706756529e-4,0.00154841998165141,-0.3618816358716463
0,3.66320967477716e-5,0.00154841998165141,-1.6260269895332795
0,8.76854981903832e-5,3.773290436126e-4,-0.6337924610282096
0,6.10415218989746e-4,3.773290436126e-4,0.20890511817547566
0,1.1374216147146,3.773290436126e-4,3.4792012421840095
0,1.99841819026288e-4,3.773290436126e-4,-0.27603386067999003
0,0.00163156322416638,3.773290436126e-4,0.6358836728317132
0,5.99094930581142e-4,3.773290436126e-4,0.20077540987481157
0,0.00154841998165141,3.773290436126e-4,0.6131685322347057
0,6.72987706756529e-4,3.773290436126e-4,0.2512868963630595
0,3.773290436126e-4,3.773290436126e-4,0
0,3.66320967477716e-5,3.773290436126e-4,-1.0128584572985737
0,5.23133425646401e-4,3.773290436126e-4,0.14189223536998505
0,0.00449341940705324,3.773290436126e-4,1.075856721869672
0,3.60647381458288e-4,3.773290436126e-4,-0.019637451551448554
0,0.0010053183491029,3.773290436126e-4,0.4255833745641937
0,5.00016153902683e-4,3.773290436126e-4,0.12226380039100156
0,1.03200375438833e-4,3.773290436126e-4,-0.5630389575799584
0,1.56487796536792e-4,3.773290436126e-4,-0.38223975941275046
0,4.05501334082366e-5,3.773290436126e-4,-0.968727947459819
0,4.05501334082366e-5,3.773290436126e-4,-0.968727947459819
0,1.19572474770282e-4,3.773290436126e-4,-0.4990890169666308
0,0.00720344149857074,3.773290436126e-4,1.2808197986596392
0,8.62735358043943e-4,3.773290436126e-4,0.3591573625557023
0,2.13836534528482e-4,3.773290436126e-4,-0.24663832726523333
0,2.13836534528482e-4,0.00163156322416638,-0.8825220000969465
0,6.72987706756529e-4,0.00163156322416638,-0.38459677646865376
0,4.05501334082366e-5,0.00163156322416638,-1.6046116202915324
0,1.56487796536792e-4,0.00163156322416638,-1.0181234322444637
0,8.76854981903832e-5,0.00163156322416638,-1.269676133859923
1,1.1374216147146,0.00163156322416638,2.8433175693522963
0,0.00449341940705324,0.00163156322416638,0.43997304903795875
0,3.773290436126e-4,0.00163156322416638,-0.6358836728317132
0,5.99094930581142e-4,0.00163156322416638,-0.43510826295690164
0,0.00720344149857074,0.00163156322416638,0.6449361258279259
0,3.66320967477716e-5,0.00163156322416638,-1.648742130130287
0,3.60647381458288e-4,0.00163156322416638,-0.6555211243831618
0,5.00016153902683e-4,0.00163156322416638,-0.5136198724407116
1,0.0010053183491029,0.00163156322416638,-0.2103002982675195
1,8.62735358043943e-4,0.00163156322416638,-0.27672631027601086
0,4.05501334082366e-5,0.00163156322416638,-1.6046116202915324
0,5.23133425646401e-4,0.00163156322416638,-0.4939914374617282
1,1.99841819026288e-4,0.00163156322416638,-0.9119175335117032
0,1.03200375438833e-4,0.00163156322416638,-1.1989226304116716
0,0.00163156322416638,0.00163156322416638,0
0,0.00154841998165141,0.00163156322416638,-0.022715140597007473
0,1.19572474770282e-4,0.00163156322416638,-1.1349726897983439
0,6.10415218989746e-4,0.00163156322416638,-0.4269785546562376
0,5.04505595577802e-5,2.43803461734584e-5,0.315826119632516
0,1.49154668372025e-4,2.43803461734584e-5,0.7865969830170554
0,1.18875723746142e-4,2.43803461734584e-5,0.6880533062319333
0,4.8090923949073e-5,2.43803461734584e-5,0.2950232532378521
0,8.72561122991481e-5,2.43803461734584e-5,0.5537559912488036
0,3.10275351040887e-5,2.43803461734584e-5,0.10470740782308445
0,3.15859852948221e-4,2.43803461734584e-5,1.1124545610270338
0,1.33831684421429e-4,2.43803461734584e-5,0.7395190762587772
1,0.158609022551648,2.43803461734584e-5,3.8132880209191464
0,0.00153799457581478,2.43803461734584e-5,1.799914935983621
0,1.20453860419208e-4,2.43803461734584e-5,0.6937808554189079
0,4.06148485569932e-5,2.43803461734584e-5,0.22164497037497966
0,3.36221692969707e-4,2.43803461734584e-5,1.1395858627990731
0,5.23166588876246e-4,2.43803461734584e-5,1.3316001329218285
0,0.0012576630375615,2.43803461734584e-5,1.7125244294668225
0,1.50806647520312e-4,2.43803461734584e-5,0.7913806177320519
0,3.31253656269518e-4,2.43803461734584e-5,1.1331208127530896
0,1.83263207747312e-4,2.43803461734584e-5,0.8760354161497258
0,2.93147655900276e-4,2.43803461734584e-5,1.0800465579624274
0,8.32966288877772e-5,2.43803461734584e-5,0.5335875575369442
0,2.46341253450001e-4,2.43803461734584e-5,1.0044972790811237
0,5.00148519059413e-5,2.43803461734584e-5,0.3120591193777943
0,3.32489611447352e-4,2.43803461734584e-5,1.1347382126127057
0,1.6792783547447e-4,2.43803461734584e-5,0.8380828223098251
0,2.54767671446891e-5,2.43803461734584e-5,0.019104449867433423
0,2.43803461734584e-5,2.43803461734584e-5,0
0,1.6792783547447e-4,2.93147655900276e-4,-0.2419637356526024
0,2.93147655900276e-4,2.93147655900276e-4,0
0,1.83263207747312e-4,2.93147655900276e-4,-0.2040111418127017
0,8.72561122991481e-5,2.93147655900276e-4,-0.5262905667136238
0,0.0012576630375615,2.93147655900276e-4,0.632477871504395
0,2.46341253450001e-4,2.93147655900276e-4,-0.07554927888130374
0,3.32489611447352e-4,2.93147655900276e-4,0.054691654650278226
0,2.43803461734584e-5,2.93147655900276e-4,-1.0800465579624274
0,3.10275351040887e-5,2.93147655900276e-4,-0.975339150139343
0,1.50806647520312e-4,2.93147655900276e-4,-0.28866594023037556
0,4.8090923949073e-5,2.93147655900276e-4,-0.7850233047245754
0,0.00153799457581478,2.93147655900276e-4,0.7198683780211936
0,4.06148485569932e-5,2.93147655900276e-4,-0.8584015875874478
0,3.15859852948221e-4,2.93147655900276e-4,0.032408003064606256
0,2.54767671446891e-5,2.93147655900276e-4,-1.0609421080949941
1,0.158609022551648,2.93147655900276e-4,2.7332414629567188
0,1.49154668372025e-4,2.93147655900276e-4,-0.293449574945372
0,8.32966288877772e-5,2.93147655900276e-4,-0.5464590004254832
0,1.20453860419208e-4,2.93147655900276e-4,-0.3862657025435196
0,3.31253656269518e-4,2.93147655900276e-4,0.05307425479066225
0,5.00148519059413e-5,2.93147655900276e-4,-0.7679874385846333
0,5.04505595577802e-5,2.93147655900276e-4,-0.7642204383299115
0,1.33831684421429e-4,2.93147655900276e-4,-0.34052748170365027
0,1.18875723746142e-4,2.93147655900276e-4,-0.3919932517304942
0,5.23166588876246e-4,2.93147655900276e-4,0.25155357495940095
0,3.36221692969707e-4,2.93147655900276e-4,0.05953930483664559
0,2.93147655900276e-4,3.36221692969707e-4,-0.0595393048366456
0,0.00153799457581478,3.36221692969707e-4,0.660329073184548
0,3.10275351040887e-5,3.36221692969707e-4,-1.0348784549759886
0,1.6792783547447e-4,3.36221692969707e-4,-0.301503040489248
0,1.50806647520312e-4,3.36221692969707e-4,-0.34820524506702116
0,5.23166588876246e-4,3.36221692969707e-4,0.19201427012275535
0,1.18875723746142e-4,3.36221692969707e-4,-0.4515325565671398
0,5.04505595577802e-5,3.36221692969707e-4,-0.8237597431665571
0,3.31253656269518e-4,3.36221692969707e-4,-0.006465050045983387
0,1.20453860419208e-4,3.36221692969707e-4,-0.4458050073801652
0,3.15859852948221e-4,3.36221692969707e-4,-0.02713130177203936
0,1.33831684421429e-4,3.36221692969707e-4,-0.40006678654029587
0,1.83263207747312e-4,3.36221692969707e-4,-0.2635504466493474
0,0.0012576630375615,3.36221692969707e-4,0.5729385666677493
0,3.32489611447352e-4,3.36221692969707e-4,-0.004847650186367407
0,3.36221692969707e-4,3.36221692969707e-4,0
0,4.06148485569932e-5,3.36221692969707e-4,-0.9179408924240935
0,0.158609022551648,3.36221692969707e-4,2.6737021581200735
0,5.00148519059413e-5,3.36221692969707e-4,-0.8275267434212787
0,2.43803461734584e-5,3.36221692969707e-4,-1.1395858627990731
0,1.49154668372025e-4,3.36221692969707e-4,-0.35298887978201765
0,2.54767671446891e-5,3.36221692969707e-4,-1.1204814129316396
0,4.8090923949073e-5,3.36221692969707e-4,-0.844562609561221
0,8.32966288877772e-5,3.36221692969707e-4,-0.60599830526212894
0,2.46341253450001e-4,3.36221692969707e-4,-0.13508858371794935
0,8.72561122991481e-5,3.36221692969707e-4,-0.5858298715502694
1,2.54767671446891e-5,4.06148485569932e-5,-0.20254052050754623
0,3.15859852948221e-4,4.06148485569932e-5,0.8908095906520541
0,3.31253656269518e-4,4.06148485569932e-5,0.9114758423781101
0,2.46341253450001e-4,4.06148485569932e-5,0.7828523087061441
0,4.8090923949073e-5,4.06148485569932e-5,0.07337828286287243
0,0.00153799457581478,4.06148485569932e-5,1.5782699656086414
0,4.06148485569932e-5,4.06148485569932e-5,0
0,0.0012576630375615,4.06148485569932e-5,1.4908794590918428
1,1.20453860419208e-4,4.06148485569932e-5,0.4721358850439282
0,1.49154668372025e-4,4.06148485569932e-5,0.5649520126420757
0,5.04505595577802e-5,4.06148485569932e-5,0.09418114925753641
0,2.43803461734584e-5,4.06148485569932e-5,-0.22164497037497966
0,1.33831684421429e-4,4.06148485569932e-5,0.5178741058837976
1,0.158609022551648,4.06148485569932e-5,3.5916430505441665
0,8.32966288877772e-5,4.06148485569932e-5,0.31194258716196455
0,5.00148519059413e-5,4.06148485569932e-5,0.09041414900281462
0,1.6792783547447e-4,4.06148485569932e-5,0.6164378519348455
0,1.83263207747312e-4,4.06148485569932e-5,0.6543904457747461
0,2.93147655900276e-4,4.06148485569932e-5,0.8584015875874479
0,5.23166588876246e-4,4.06148485569932e-5,1.109955162546849
0,1.18875723746142e-4,4.06148485569932e-5,0.4664083358569536
0,8.72561122991481e-5,4.06148485569932e-5,0.33211102087382394
0,3.36221692969707e-4,4.06148485569932e-5,0.9179408924240934
0,3.32489611447352e-4,4.06148485569932e-5,0.913093242237726
0,1.50806647520312e-4,4.06148485569932e-5,0.5697356473570724
0,3.10275351040887e-5,4.06148485569932e-5,-0.11693756255189516
0,2.54767671446891e-5,5.23166588876246e-4,-1.312495683054395
0,0.0012576630375615,5.23166588876246e-4,0.38092429654499405
0,1.20453860419208e-4,5.23166588876246e-4,-0.6378192775029206
0,1.83263207747312e-4,5.23166588876246e-4,-0.45556471677210275
0,1.18875723746142e-4,5.23166588876246e-4,-0.6435468266898953
0,8.72561122991481e-5,5.23166588876246e-4,-0.7778441416730248
0,3.32489611447352e-4,5.23166588876246e-4,-0.19686192030912272
0,3.15859852948221e-4,5.23166588876246e-4,-0.21914557189479472
0,5.00148519059413e-5,5.23166588876246e-4,-1.0195410135440341
0,2.43803461734584e-5,5.23166588876246e-4,-1.3316001329218285
0,4.8090923949073e-5,5.23166588876246e-4,-1.0365768796839763
0,2.93147655900276e-4,5.23166588876246e-4,-0.251553574959401
0,1.50806647520312e-4,5.23166588876246e-4,-0.5402195151897765
0,8.32966288877772e-5,5.23166588876246e-4,-0.7980125753848842
0,1.49154668372025e-4,5.23166588876246e-4,-0.545003149904773
0,5.23166588876246e-4,5.23166588876246e-4,0
0,0.00153799457581478,5.23166588876246e-4,0.4683148030617927
0,4.06148485569932e-5,5.23166588876246e-4,-1.109955162546849
0,1.6792783547447e-4,5.23166588876246e-4,-0.4935173106120034
0,5.04505595577802e-5,5.23166588876246e-4,-1.0157740132893125
0,3.10275351040887e-5,5.23166588876246e-4,-1.226892725098744
0,2.46341253450001e-4,5.23166588876246e-4,-0.3271028538407047
0,1.33831684421429e-4,5.23166588876246e-4,-0.5920810566630512
0,3.31253656269518e-4,5.23166588876246e-4,-0.1984793201687388
0,0.158609022551648,5.23166588876246e-4,2.481687887997318
0,3.36221692969707e-4,5.23166588876246e-4,-0.19201427012275532
0,0.0012576630375615,3.32489611447352e-4,0.5777862168541168
0,1.49154668372025e-4,3.32489611447352e-4,-0.34814122959565025
0,1.18875723746142e-4,3.32489611447352e-4,-0.44668490638077246
0,0.00153799457581478,3.32489611447352e-4,0.6651767233709155
0,3.10275351040887e-5,3.32489611447352e-4,-1.0300308047896212
0,3.32489611447352e-4,3.32489611447352e-4,0
0,5.04505595577802e-5,3.32489611447352e-4,-0.8189120929801897
0,1.33831684421429e-4,3.32489611447352e-4,-0.39521913635392847
0,4.8090923949073e-5,3.32489611447352e-4,-0.8397149593748536
0,3.36221692969707e-4,3.32489611447352e-4,0.004847650186367422
0,3.31253656269518e-4,3.32489611447352e-4,-0.0016173998596159909
0,1.6792783547447e-4,3.32489611447352e-4,-0.29665539030288063
0,1.20453860419208e-4,3.32489611447352e-4,-0.4409573571937978
0,5.23166588876246e-4,3.32489611447352e-4,0.19686192030912272
0,1.83263207747312e-4,3.32489611447352e-4,-0.25870279646297994
0,2.43803461734584e-5,3.32489611447352e-4,-1.1347382126127057
0,2.54767671446891e-5,3.32489611447352e-4,-1.1156337627452724
0,4.06148485569932e-5,3.32489611447352e-4,-0.913093242237726
0,2.93147655900276e-4,3.32489611447352e-4,-0.05469165465027825
0,8.32966288877772e-5,3.32489611447352e-4,-0.6011506550757615
0,3.15859852948221e-4,3.32489611447352e-4,-0.02228365158567194
0,5.00148519059413e-5,3.32489611447352e-4,-0.8226790932349114
0,1.50806647520312e-4,3.32489611447352e-4,-0.34335759488065376
0,2.46341253450001e-4,3.32489611447352e-4,-0.130240933531582
0,0.158609022551648,3.32489611447352e-4,2.6785498083064407
0,8.72561122991481e-5,3.32489611447352e-4,-0.5809822213639021
0,5.00148519059413e-5,0.00153799457581478,-1.4878558166058269
0,2.93147655900276e-4,0.00153799457581478,-0.7198683780211936
0,4.8090923949073e-5,0.00153799457581478,-1.504891682745769
0,5.04505595577802e-5,0.00153799457581478,-1.4840888163511052
0,1.49154668372025e-4,0.00153799457581478,-1.0133179529665657
0,3.32489611447352e-4,0.00153799457581478,-0.6651767233709154
0,0.00153799457581478,0.00153799457581478,0
0,3.31253656269518e-4,0.00153799457581478,-0.6667941232305314
0,8.72561122991481e-5,0.00153799457581478,-1.2461589447348176
0,5.23166588876246e-4,0.00153799457581478,-0.4683148030617927
0,2.46341253450001e-4,0.00153799457581478,-0.7954176569024973
0,0.0012576630375615,0.00153799457581478,-0.08739050651679861
0,1.6792783547447e-4,0.00153799457581478,-0.9618321136737961
0,4.06148485569932e-5,0.00153799457581478,-1.5782699656086414
0,8.32966288877772e-5,0.00153799457581478,-1.2663273784466769
0,2.54767671446891e-5,0.00153799457581478,-1.7808104861161878
0,3.15859852948221e-4,0.00153799457581478,-0.6874603749565874
0,3.36221692969707e-4,0.00153799457581478,-0.660329073184548
0,1.50806647520312e-4,0.00153799457581478,-1.0085343182515691
1,0.158609022551648,0.00153799457581478,2.0133730849355254
0,2.43803461734584e-5,0.00153799457581478,-1.799914935983621
0,1.33831684421429e-4,0.00153799457581478,-1.060395859724844
0,1.20453860419208e-4,0.00153799457581478,-1.1061340805647133
0,3.10275351040887e-5,0.00153799457581478,-1.6952075281605365
0,1.83263207747312e-4,0.00153799457581478,-0.9238795198338954
0,1.18875723746142e-4,0.00153799457581478,-1.111861629751688
0,3.15859852948221e-4,1.20453860419208e-4,0.4186737056081259
0,3.36221692969707e-4,1.20453860419208e-4,0.4458050073801652
0,1.49154668372025e-4,1.20453860419208e-4,0.09281612759814756
0,5.04505595577802e-5,1.20453860419208e-4,-0.3779547357863918
0,2.54767671446891e-5,1.20453860419208e-4,-0.6746764055514745
0,1.33831684421429e-4,1.20453860419208e-4,0.045738220839869365
0,3.32489611447352e-4,1.20453860419208e-4,0.44095735719379786
0,1.6792783547447e-4,1.20453860419208e-4,0.1443019668909172
0,3.31253656269518e-4,1.20453860419208e-4,0.43933995733418185
0,2.43803461734584e-5,1.20453860419208e-4,-0.6937808554189079
0,0.0012576630375615,1.20453860419208e-4,1.0187435740479147
0,3.10275351040887e-5,1.20453860419208e-4,-0.5890734475958235
0,4.8090923949073e-5,1.20453860419208e-4,-0.39875760218105577
0,5.00148519059413e-5,1.20453860419208e-4,-0.38172173604111354
0,8.72561122991481e-5,1.20453860419208e-4,-0.1400248641701043
0,0.00153799457581478,1.20453860419208e-4,1.1061340805647133
0,1.83263207747312e-4,1.20453860419208e-4,0.18225456073081786
0,1.18875723746142e-4,1.20453860419208e-4,-0.005727549186974637
0,5.23166588876246e-4,1.20453860419208e-4,0.6378192775029206
0,1.50806647520312e-4,1.20453860419208e-4,0.09759976231314409
0,2.93147655900276e-4,1.20453860419208e-4,0.3862657025435196
0,8.32966288877772e-5,1.20453860419208e-4,-0.16019329788196363
0,2.46341253450001e-4,1.20453860419208e-4,0.3107164236622158
0,4.06148485569932e-5,1.20453860419208e-4,-0.4721358850439282
1,0.158609022551648,1.20453860419208e-4,3.1195071655002384
0,1.20453860419208e-4,1.20453860419208e-4,0
0,2.93147655900276e-4,1.6792783547447e-4,0.2419637356526024
0,5.04505595577802e-5,1.6792783547447e-4,-0.5222567026773091
1,0.158609022551648,1.6792783547447e-4,2.9752051986093213
0,8.72561122991481e-5,1.6792783547447e-4,-0.2843268310610215
0,2.46341253450001e-4,1.6792783547447e-4,0.16641445677129865
0,2.54767671446891e-5,1.6792783547447e-4,-0.8189783724423917
0,0.00153799457581478,1.6792783547447e-4,0.9618321136737961
0,8.32966288877772e-5,1.6792783547447e-4,-0.30449526477288086
0,4.8090923949073e-5,1.6792783547447e-4,-0.543059569071973
0,1.83263207747312e-4,1.6792783547447e-4,0.03795259383990071
0,1.50806647520312e-4,1.6792783547447e-4,-0.04670220457777311
0,3.36221692969707e-4,1.6792783547447e-4,0.30150304048924803
0,1.20453860419208e-4,1.6792783547447e-4,-0.1443019668909172
1,1.18875723746142e-4,1.6792783547447e-4,-0.15002951607789178
0,1.33831684421429e-4,1.6792783547447e-4,-0.09856374605104781
0,3.31253656269518e-4,1.6792783547447e-4,0.2950379904432646
0,5.23166588876246e-4,1.6792783547447e-4,0.4935173106120034
0,2.43803461734584e-5,1.6792783547447e-4,-0.838082822309825
0,3.32489611447352e-4,1.6792783547447e-4,0.29665539030288063
0,0.0012576630375615,1.6792783547447e-4,0.8744416071569974
0,4.06148485569932e-5,1.6792783547447e-4,-0.6164378519348455
0,1.49154668372025e-4,1.6792783547447e-4,-0.051485839292769627
0,1.6792783547447e-4,1.6792783547447e-4,0
0,3.10275351040887e-5,1.6792783547447e-4,-0.7333754144867406
0,3.15859852948221e-4,1.6792783547447e-4,0.27437173871720866
0,5.00148519059413e-5,1.6792783547447e-4,-0.5260237029320307
0,2.46341253450001e-4,2.46341253450001e-4,0
0,3.31253656269518e-4,2.46341253450001e-4,0.12862353367196594
0,0.00153799457581478,2.46341253450001e-4,0.7954176569024974
0,3.10275351040887e-5,2.46341253450001e-4,-0.8997898712580392
0,1.83263207747312e-4,2.46341253450001e-4,-0.12846186293139797
0,1.20453860419208e-4,2.46341253450001e-4,-0.31071642366221586
0,4.06148485569932e-5,2.46341253450001e-4,-0.7828523087061441
0,8.32966288877772e-5,2.46341253450001e-4,-0.47090972154417954
0,8.72561122991481e-5,2.46341253450001e-4,-0.4507412878323201
0,2.43803461734584e-5,2.46341253450001e-4,-1.0044972790811237
0,1.18875723746142e-4,2.46341253450001e-4,-0.31644397284919046
0,5.23166588876246e-4,2.46341253450001e-4,0.3271028538407047
0,4.8090923949073e-5,2.46341253450001e-4,-0.7094740258432716
0,3.15859852948221e-4,2.46341253450001e-4,0.10795728194591003
0,3.32489611447352e-4,2.46341253450001e-4,0.13024093353158195
0,1.50806647520312e-4,2.46341253450001e-4,-0.21311666134907176
0,2.54767671446891e-5,2.46341253450001e-4,-0.9853928292136903
0,5.04505595577802e-5,2.46341253450001e-4,-0.6886711594486077
0,3.36221692969707e-4,2.46341253450001e-4,0.13508858371794935
0,5.00148519059413e-5,2.46341253450001e-4,-0.6924381597033294
0,1.6792783547447e-4,2.46341253450001e-4,-0.16641445677129865
0,1.49154668372025e-4,2.46341253450001e-4,-0.2179002960640683
0,0.158609022551648,2.46341253450001e-4,2.8087907418380227
0,1.33831684421429e-4,2.46341253450001e-4,-0.26497820282234646
0,0.0012576630375615,2.46341253450001e-4,0.7080271503856987
0,2.93147655900276e-4,2.46341253450001e-4,0.07554927888130371
0,1.83263207747312e-4,0.158609022551648,-2.9372526047694207
0,1.50806647520312e-4,0.158609022551648,-3.0219074031870945
0,4.06148485569932e-5,0.158609022551648,-3.5916430505441665
0,4.8090923949073e-5,0.158609022551648,-3.5182647676812944
0,2.43803461734584e-5,0.158609022551648,-3.8132880209191464
0,1.49154668372025e-4,0.158609022551648,-3.026691037902091
0,0.00153799457581478,0.158609022551648,-2.0133730849355254
0,3.10275351040887e-5,0.158609022551648,-3.708580613096062
0,3.31253656269518e-4,0.158609022551648,-2.680167208166057
0,5.00148519059413e-5,0.158609022551648,-3.501228901541352
0,0.0012576630375615,0.158609022551648,-2.1007635914523237
0,2.46341253450001e-4,0.158609022551648,-2.8087907418380227
0,8.32966288877772e-5,0.158609022551648,-3.279700463382202
0,0.158609022551648,0.158609022551648,0
0,2.54767671446891e-5,0.158609022551648,-3.794183571051713
0,5.04505595577802e-5,0.158609022551648,-3.49746190128663
0,1.20453860419208e-4,0.158609022551648,-3.1195071655002384
0,5.23166588876246e-4,0.158609022551648,-2.481687887997318
0,1.18875723746142e-4,0.158609022551648,-3.1252347146872133
0,1.6792783547447e-4,0.158609022551648,-2.9752051986093213
0,8.72561122991481e-5,0.158609022551648,-3.2595320296703427
0,3.32489611447352e-4,0.158609022551648,-2.6785498083064407
0,1.33831684421429e-4,0.158609022551648,-3.0737689446603693
0,3.36221692969707e-4,0.158609022551648,-2.6737021581200735
0,2.93147655900276e-4,0.158609022551648,-2.7332414629567188
0,3.15859852948221e-4,0.158609022551648,-2.7008334598921127
0,2.46341253450001e-4,8.32966288877772e-5,0.47090972154417954
0,3.31253656269518e-4,8.32966288877772e-5,0.5995332552161454
0,2.93147655900276e-4,8.32966288877772e-5,0.5464590004254832
0,1.20453860419208e-4,8.32966288877772e-5,0.16019329788196368
0,1.49154668372025e-4,8.32966288877772e-5,0.25300942548011124
0,3.32489611447352e-4,8.32966288877772e-5,0.6011506550757615
0,8.32966288877772e-5,8.32966288877772e-5,0
0,2.54767671446891e-5,8.32966288877772e-5,-0.5144831076695108
0,3.10275351040887e-5,8.32966288877772e-5,-0.42888014971385974
0,3.15859852948221e-4,8.32966288877772e-5,0.5788670034900896
0,0.0012576630375615,8.32966288877772e-5,1.1789368719298783
0,8.72561122991481e-5,8.32966288877772e-5,0.020168433711859415
0,1.6792783547447e-4,8.32966288877772e-5,0.3044952647728809
0,5.00148519059413e-5,8.32966288877772e-5,-0.22152843815914988
0,2.43803461734584e-5,8.32966288877772e-5,-0.5335875575369442
0,0.158609022551648,8.32966288877772e-5,3.279700463382202
0,5.23166588876246e-4,8.32966288877772e-5,0.7980125753848842
0,4.8090923949073e-5,8.32966288877772e-5,-0.2385643042990921
0,1.83263207747312e-4,8.32966288877772e-5,0.34244785861278154
0,1.18875723746142e-4,8.32966288877772e-5,0.15446574869498902
0,1.50806647520312e-4,8.32966288877772e-5,0.2577930601951078
0,5.04505595577802e-5,8.32966288877772e-5,-0.21776143790442817
0,3.36221692969707e-4,8.32966288877772e-5,0.60599830526212894
0,1.33831684421429e-4,8.32966288877772e-5,0.20593151872183302
0,4.06148485569932e-5,8.32966288877772e-5,-0.31194258716196455
0,0.00153799457581478,8.32966288877772e-5,1.2663273784466769
0,5.00148519059413e-5,3.31253656269518e-4,-0.8210616933752953
0,3.15859852948221e-4,3.31253656269518e-4,-0.020666251726055965
0,5.23166588876246e-4,3.31253656269518e-4,0.19847932016873873
0,2.43803461734584e-5,3.31253656269518e-4,-1.1331208127530896
0,1.49154668372025e-4,3.31253656269518e-4,-0.34652382973603424
0,0.158609022551648,3.31253656269518e-4,2.680167208166057
0,1.83263207747312e-4,3.31253656269518e-4,-0.25708539660336394
0,1.20453860419208e-4,3.31253656269518e-4,-0.43933995733418185
0,3.32489611447352e-4,3.31253656269518e-4,0.0016173998596160268
0,2.93147655900276e-4,3.31253656269518e-4,-0.053074254790662204
0,2.54767671446891e-5,3.31253656269518e-4,-1.1140163628856563
0,3.31253656269518e-4,3.31253656269518e-4,0
0,8.32966288877772e-5,3.31253656269518e-4,-0.5995332552161455
0,8.72561122991481e-5,3.31253656269518e-4,-0.579364821504286
0,1.33831684421429e-4,3.31253656269518e-4,-0.39360173649431246
0,2.46341253450001e-4,3.31253656269518e-4,-0.12862353367196597
0,0.00153799457581478,3.31253656269518e-4,0.6667941232305314
0,5.04505595577802e-5,3.31253656269518e-4,-0.8172946931205737
0,3.36221692969707e-4,3.31253656269518e-4,0.006465050045983386
0,4.8090923949073e-5,3.31253656269518e-4,-0.8380975595152376
0,0.0012576630375615,3.31253656269518e-4,0.5794036167137327
0,4.06148485569932e-5,3.31253656269518e-4,-0.9114758423781101
0,3.10275351040887e-5,3.31253656269518e-4,-1.0284134049300053
0,1.50806647520312e-4,3.31253656269518e-4,-0.34174019502103775
0,1.18875723746142e-4,3.31253656269518e-4,-0.4450675065211564
0,1.6792783547447e-4,3.31253656269518e-4,-0.2950379904432647
0,3.36221692969707e-4,0.0012576630375615,-0.5729385666677494
0,2.46341253450001e-4,0.0012576630375615,-0.7080271503856987
0,8.32966288877772e-5,0.0012576630375615,-1.1789368719298783
0,3.31253656269518e-4,0.0012576630375615,-0.5794036167137327
0,3.10275351040887e-5,0.0012576630375615,-1.607817021643738
0,5.23166588876246e-4,0.0012576630375615,-0.38092429654499405
0,3.15859852948221e-4,0.0012576630375615,-0.6000698684397887
0,1.50806647520312e-4,0.0012576630375615,-0.9211438117347706
0,4.06148485569932e-5,0.0012576630375615,-1.4908794590918428
0,2.93147655900276e-4,0.0012576630375615,-0.632477871504395
0,4.8090923949073e-5,0.0012576630375615,-1.4175011762289704
0,1.18875723746142e-4,0.0012576630375615,-1.0244711232348893
0,0.158609022551648,0.0012576630375615,2.1007635914523237
0,2.43803461734584e-5,0.0012576630375615,-1.7125244294668225
0,1.49154668372025e-4,0.0012576630375615,-0.9259274464497671
0,1.83263207747312e-4,0.0012576630375615,-0.8364890133170967
0,0.0012576630375615,0.0012576630375615,0
0,1.20453860419208e-4,0.0012576630375615,-1.0187435740479147
0,8.72561122991481e-5,0.0012576630375615,-1.1587684382180188
0,5.04505595577802e-5,0.0012576630375615,-1.3966983098343064
0,5.00148519059413e-5,0.0012576630375615,-1.4004653100890283
0,1.6792783547447e-4,0.0012576630375615,-0.8744416071569974
0,2.54767671446891e-5,0.0012576630375615,-1.693419979599389
0,0.00153799457581478,0.0012576630375615,0.08739050651679861
0,3.32489611447352e-4,0.0012576630375615,-0.5777862168541168
0,1.33831684421429e-4,0.0012576630375615,-0.9730053532080453
0,1.6792783547447e-4,2.54767671446891e-5,0.8189783724423917
0,1.18875723746142e-4,2.54767671446891e-5,0.6689488563644999
0,5.00148519059413e-5,2.54767671446891e-5,0.2929546695103609
0,1.50806647520312e-4,2.54767671446891e-5,0.7722761678646186
0,3.15859852948221e-4,2.54767671446891e-5,1.0933501111596002
0,2.43803461734584e-5,2.54767671446891e-5,-0.019104449867433444
0,2.54767671446891e-5,2.54767671446891e-5,0
0,1.49154668372025e-4,2.54767671446891e-5,0.767492533149622
0,0.00153799457581478,2.54767671446891e-5,1.7808104861161878
0,3.32489611447352e-4,2.54767671446891e-5,1.1156337627452724
0,3.36221692969707e-4,2.54767671446891e-5,1.1204814129316396
0,5.23166588876246e-4,2.54767671446891e-5,1.312495683054395
0,2.93147655900276e-4,2.54767671446891e-5,1.0609421080949941
0,5.04505595577802e-5,2.54767671446891e-5,0.29672166976508263
0,8.72561122991481e-5,2.54767671446891e-5,0.5346515413813702
0,1.20453860419208e-4,2.54767671446891e-5,0.6746764055514745
0,1.83263207747312e-4,2.54767671446891e-5,0.8569309662822924
0,3.31253656269518e-4,2.54767671446891e-5,1.1140163628856563
1,0.158609022551648,2.54767671446891e-5,3.794183571051713
0,8.32966288877772e-5,2.54767671446891e-5,0.5144831076695108
0,4.8090923949073e-5,2.54767671446891e-5,0.27591880337041874
0,0.0012576630375615,2.54767671446891e-5,1.6934199795993892
0,2.46341253450001e-4,2.54767671446891e-5,0.9853928292136903
0,3.10275351040887e-5,2.54767671446891e-5,0.08560295795565107
0,4.06148485569932e-5,2.54767671446891e-5,0.2025405205075462
0,1.33831684421429e-4,2.54767671446891e-5,0.7204146263913438
0,1.18875723746142e-4,1.33831684421429e-4,-0.05146577002684397
0,5.04505595577802e-5,1.33831684421429e-4,-0.42369295662626116
0,3.10275351040887e-5,1.33831684421429e-4,-0.6348116684356927
0,3.31253656269518e-4,1.33831684421429e-4,0.3936017364943125
0,1.20453860419208e-4,1.33831684421429e-4,-0.045738220839869344
0,5.23166588876246e-4,1.33831684421429e-4,0.5920810566630512
0,4.06148485569932e-5,1.33831684421429e-4,-0.5178741058837976
0,8.32966288877772e-5,1.33831684421429e-4,-0.20593151872183305
0,2.54767671446891e-5,1.33831684421429e-4,-0.7204146263913438
1,0.158609022551648,1.33831684421429e-4,3.0737689446603693
0,0.00153799457581478,1.33831684421429e-4,1.060395859724844
0,1.6792783547447e-4,1.33831684421429e-4,0.09856374605104785
0,1.83263207747312e-4,1.33831684421429e-4,0.1365163398909485
0,2.43803461734584e-5,1.33831684421429e-4,-0.7395190762587772
0,3.32489611447352e-4,1.33831684421429e-4,0.39521913635392847
0,3.15859852948221e-4,1.33831684421429e-4,0.3729354847682565
0,1.50806647520312e-4,1.33831684421429e-4,0.05186154147327473
0,1.33831684421429e-4,1.33831684421429e-4,0
0,1.49154668372025e-4,1.33831684421429e-4,0.047077906758278165
0,2.46341253450001e-4,1.33831684421429e-4,0.2649782028223465
0,8.72561122991481e-5,1.33831684421429e-4,-0.18576308500997363
0,5.00148519059413e-5,1.33831684421429e-4,-0.4274599568809829
0,2.93147655900276e-4,1.33831684421429e-4,0.3405274817036502
0,0.0012576630375615,1.33831684421429e-4,0.9730053532080453
0,3.36221692969707e-4,1.33831684421429e-4,0.40006678654029587
0,4.8090923949073e-5,1.33831684421429e-4,-0.4444958230209251
0,3.31253656269518e-4,4.8090923949073e-5,0.8380975595152376
0,2.46341253450001e-4,4.8090923949073e-5,0.7094740258432716
1,1.18875723746142e-4,4.8090923949073e-5,0.3930300529940811
0,5.23166588876246e-4,4.8090923949073e-5,1.0365768796839763
0,4.06148485569932e-5,4.8090923949073e-5,-0.07337828286287244
0,3.36221692969707e-4,4.8090923949073e-5,0.844562609561221
0,8.72561122991481e-5,4.8090923949073e-5,0.2587327380109515
0,1.33831684421429e-4,4.8090923949073e-5,0.4444958230209251
1,2.54767671446891e-5,4.8090923949073e-5,-0.2759188033704187
0,1.83263207747312e-4,4.8090923949073e-5,0.5810121629118736
0,4.8090923949073e-5,4.8090923949073e-5,0
0,2.93147655900276e-4,4.8090923949073e-5,0.7850233047245754
0,2.43803461734584e-5,4.8090923949073e-5,-0.2950232532378521
0,0.00153799457581478,4.8090923949073e-5,1.504891682745769
0,1.49154668372025e-4,4.8090923949073e-5,0.49157372977920333
0,8.32966288877772e-5,4.8090923949073e-5,0.23856430429909212
0,5.00148519059413e-5,4.8090923949073e-5,0.017035866139942155
0,1.6792783547447e-4,4.8090923949073e-5,0.543059569071973
0,0.0012576630375615,4.8090923949073e-5,1.4175011762289704
0,3.15859852948221e-4,4.8090923949073e-5,0.8174313077891816
0,0.158609022551648,4.8090923949073e-5,3.5182647676812944
1,1.20453860419208e-4,4.8090923949073e-5,0.39875760218105577
0,1.50806647520312e-4,4.8090923949073e-5,0.49635736449419987
0,5.04505595577802e-5,4.8090923949073e-5,0.020802866394663878
0,3.10275351040887e-5,4.8090923949073e-5,-0.19031584541476768
0,3.32489611447352e-4,4.8090923949073e-5,0.8397149593748535
0,3.10275351040887e-5,3.10275351040887e-5,0
0,5.00148519059413e-5,3.10275351040887e-5,0.2073517115547098
0,3.31253656269518e-4,3.10275351040887e-5,1.0284134049300053
0,4.8090923949073e-5,3.10275351040887e-5,0.19031584541476765
0,2.54767671446891e-5,3.10275351040887e-5,-0.0856029579556511
0,8.32966288877772e-5,3.10275351040887e-5,0.42888014971385974
0,0.0012576630375615,3.10275351040887e-5,1.607817021643738
0,3.36221692969707e-4,3.10275351040887e-5,1.0348784549759886
0,8.72561122991481e-5,3.10275351040887e-5,0.44904858342571913
0,1.33831684421429e-4,3.10275351040887e-5,0.6348116684356927
0,0.158609022551648,3.10275351040887e-5,3.708580613096062
0,5.04505595577802e-5,3.10275351040887e-5,0.21111871180943156
0,1.18875723746142e-4,3.10275351040887e-5,0.5833458984088488
0,1.50806647520312e-4,3.10275351040887e-5,0.6866732099089675
0,1.20453860419208e-4,3.10275351040887e-5,0.5890734475958234
0,2.43803461734584e-5,3.10275351040887e-5,-0.10470740782308449
0,2.93147655900276e-4,3.10275351040887e-5,0.9753391501393429
0,2.46341253450001e-4,3.10275351040887e-5,0.8997898712580392
0,0.00153799457581478,3.10275351040887e-5,1.6952075281605368
0,4.06148485569932e-5,3.10275351040887e-5,0.11693756255189518
0,5.23166588876246e-4,3.10275351040887e-5,1.226892725098744
0,1.83263207747312e-4,3.10275351040887e-5,0.7713280083266413
0,3.32489611447352e-4,3.10275351040887e-5,1.0300308047896212
0,1.6792783547447e-4,3.10275351040887e-5,0.7333754144867406
0,1.49154668372025e-4,3.10275351040887e-5,0.681889575193971
0,3.15859852948221e-4,3.10275351040887e-5,1.0077471532039493
0,1.6792783547447e-4,1.49154668372025e-4,0.051485839292769627
0,2.43803461734584e-5,1.49154668372025e-4,-0.7865969830170554
0,5.04505595577802e-5,1.49154668372025e-4,-0.4707708633845394
0,3.32489611447352e-4,1.49154668372025e-4,0.34814122959565025
0,5.23166588876246e-4,1.49154668372025e-4,0.545003149904773
0,8.72561122991481e-5,1.49154668372025e-4,-0.23284099176825182
0,3.15859852948221e-4,1.49154668372025e-4,0.3258575780099783
1,5.00148519059413e-5,1.49154668372025e-4,-0.4745378636392611
0,3.31253656269518e-4,1.49154668372025e-4,0.34652382973603424
0,1.83263207747312e-4,1.49154668372025e-4,0.08943843313267033
1,1.18875723746142e-4,1.49154668372025e-4,-0.09854367678512217
0,1.50806647520312e-4,1.49154668372025e-4,0.004783634714996487
1,0.158609022551648,1.49154668372025e-4,3.026691037902091
0,0.00153799457581478,1.49154668372025e-4,1.0133179529665657
0,8.32966288877772e-5,1.49154668372025e-4,-0.25300942548011124
0,3.10275351040887e-5,1.49154668372025e-4,-0.681889575193971
1,2.54767671446891e-5,1.49154668372025e-4,-0.767492533149622
0,4.8090923949073e-5,1.49154668372025e-4,-0.49157372977920327
0,0.0012576630375615,1.49154668372025e-4,0.9259274464497671
0,4.06148485569932e-5,1.49154668372025e-4,-0.5649520126420757
0,3.36221692969707e-4,1.49154668372025e-4,0.35298887978201765
0,2.93147655900276e-4,1.49154668372025e-4,0.29344957494537205
0,1.33831684421429e-4,1.49154668372025e-4,-0.0470779067582782
0,1.49154668372025e-4,1.49154668372025e-4,0
0,2.46341253450001e-4,1.49154668372025e-4,0.21790029606406833
1,1.20453860419208e-4,1.49154668372025e-4,-0.09281612759814759
0,4.06148485569932e-5,8.72561122991481e-5,-0.332111020873824
0,3.36221692969707e-4,8.72561122991481e-5,0.5858298715502694
0,1.83263207747312e-4,8.72561122991481e-5,0.32227942490092215
0,5.04505595577802e-5,8.72561122991481e-5,-0.23792987161628756
0,1.6792783547447e-4,8.72561122991481e-5,0.28432683106102147
0,3.15859852948221e-4,8.72561122991481e-5,0.5586985697782302
0,2.54767671446891e-5,8.72561122991481e-5,-0.5346515413813702
1,0.158609022551648,8.72561122991481e-5,3.2595320296703427
0,8.32966288877772e-5,8.72561122991481e-5,-0.02016843371185939
0,1.18875723746142e-4,8.72561122991481e-5,0.13429731498312966
0,1.20453860419208e-4,8.72561122991481e-5,0.14002486417010424
0,5.23166588876246e-4,8.72561122991481e-5,0.7778441416730248
0,3.31253656269518e-4,8.72561122991481e-5,0.579364821504286
0,4.8090923949073e-5,8.72561122991481e-5,-0.25873273801095154
0,0.00153799457581478,8.72561122991481e-5,1.2461589447348176
0,1.33831684421429e-4,8.72561122991481e-5,0.1857630850099736
0,2.46341253450001e-4,8.72561122991481e-5,0.4507412878323201
0,2.43803461734584e-5,8.72561122991481e-5,-0.5537559912488036
0,0.0012576630375615,8.72561122991481e-5,1.1587684382180188
0,3.10275351040887e-5,8.72561122991481e-5,-0.4490485834257192
0,8.72561122991481e-5,8.72561122991481e-5,0
0,5.00148519059413e-5,8.72561122991481e-5,-0.2416968718710093
0,3.32489611447352e-4,8.72561122991481e-5,0.5809822213639021
0,2.93147655900276e-4,8.72561122991481e-5,0.5262905667136238
0,1.49154668372025e-4,8.72561122991481e-5,0.2328409917682518
0,1.50806647520312e-4,8.72561122991481e-5,0.23762462648324836
0,5.23166588876246e-4,1.50806647520312e-4,0.5402195151897765
0,1.20453860419208e-4,1.50806647520312e-4,-0.09759976231314407
0,3.31253656269518e-4,1.50806647520312e-4,0.34174019502103775
0,4.06148485569932e-5,1.50806647520312e-4,-0.5697356473570724
0,5.00148519059413e-5,1.50806647520312e-4,-0.47932149835425764
0,3.10275351040887e-5,1.50806647520312e-4,-0.6866732099089675
0,1.50806647520312e-4,1.50806647520312e-4,0
0,1.83263207747312e-4,1.50806647520312e-4,0.0846547984176738
0,3.32489611447352e-4,1.50806647520312e-4,0.3433575948806537
0,3.15859852948221e-4,1.50806647520312e-4,0.32107394329498185
0,3.36221692969707e-4,1.50806647520312e-4,0.3482052450670211
0,1.6792783547447e-4,1.50806647520312e-4,0.04670220457777316
0,2.46341253450001e-4,1.50806647520312e-4,0.21311666134907176
1,0.158609022551648,1.50806647520312e-4,3.0219074031870945
0,8.72561122991481e-5,1.50806647520312e-4,-0.23762462648324836
0,2.93147655900276e-4,1.50806647520312e-4,0.2886659402303755
0,0.0012576630375615,1.50806647520312e-4,0.9211438117347704
0,2.43803461734584e-5,1.50806647520312e-4,-0.791380617732052
0,2.54767671446891e-5,1.50806647520312e-4,-0.7722761678646185
0,1.33831684421429e-4,1.50806647520312e-4,-0.05186154147327475
0,0.00153799457581478,1.50806647520312e-4,1.0085343182515691
0,8.32966288877772e-5,1.50806647520312e-4,-0.2577930601951078
0,5.04505595577802e-5,1.50806647520312e-4,-0.4755544980995359
0,1.18875723746142e-4,1.50806647520312e-4,-0.10332731150011873
0,4.8090923949073e-5,1.50806647520312e-4,-0.4963573644941998
0,1.49154668372025e-4,1.50806647520312e-4,-0.004783634714996511
0,2.46341253450001e-4,1.18875723746142e-4,0.3164439728491905
0,0.0012576630375615,1.18875723746142e-4,1.0244711232348893
1,2.54767671446891e-5,1.18875723746142e-4,-0.6689488563644999
0,3.10275351040887e-5,1.18875723746142e-4,-0.5833458984088488
1,0.158609022551648,1.18875723746142e-4,3.1252347146872133
0,2.43803461734584e-5,1.18875723746142e-4,-0.6880533062319333
0,4.06148485569932e-5,1.18875723746142e-4,-0.46640833585695357
0,3.31253656269518e-4,1.18875723746142e-4,0.4450675065211564
0,3.36221692969707e-4,1.18875723746142e-4,0.45153255656713986
0,1.49154668372025e-4,1.18875723746142e-4,0.09854367678512216
0,8.72561122991481e-5,1.18875723746142e-4,-0.13429731498312966
0,3.15859852948221e-4,1.18875723746142e-4,0.4244012547951005
0,1.6792783547447e-4,1.18875723746142e-4,0.15002951607789183
1,1.18875723746142e-4,1.18875723746142e-4,0
0,5.23166588876246e-4,1.18875723746142e-4,0.6435468266898952
0,0.00153799457581478,1.18875723746142e-4,1.111861629751688
0,1.50806647520312e-4,1.18875723746142e-4,0.1033273115001187
0,5.04505595577802e-5,1.18875723746142e-4,-0.3722271865994173
0,2.93147655900276e-4,1.18875723746142e-4,0.39199325173049426
0,1.20453860419208e-4,1.18875723746142e-4,0.005727549186974582
0,1.83263207747312e-4,1.18875723746142e-4,0.18798210991779246
0,3.32489611447352e-4,1.18875723746142e-4,0.44668490638077246
0,5.00148519059413e-5,1.18875723746142e-4,-0.375994186854139
0,1.33831684421429e-4,1.18875723746142e-4,0.05146577002684397
0,4.8090923949073e-5,1.18875723746142e-4,-0.3930300529940811
0,8.32966288877772e-5,1.18875723746142e-4,-0.15446574869498905
0,8.32966288877772e-5,5.04505595577802e-5,0.21776143790442817
0,5.00148519059413e-5,5.04505595577802e-5,-0.003767000254721725
0,4.06148485569932e-5,5.04505595577802e-5,-0.09418114925753639
0,8.72561122991481e-5,5.04505595577802e-5,0.23792987161628762
0,1.49154668372025e-4,5.04505595577802e-5,0.4707708633845394
0,1.18875723746142e-4,5.04505595577802e-5,0.3722271865994172
0,5.04505595577802e-5,5.04505595577802e-5,0
0,3.31253656269518e-4,5.04505595577802e-5,0.8172946931205737
0,0.0012576630375615,5.04505595577802e-5,1.3966983098343064
0,3.36221692969707e-4,5.04505595577802e-5,0.8237597431665571
0,1.83263207747312e-4,5.04505595577802e-5,0.5602092965172097
0,2.46341253450001e-4,5.04505595577802e-5,0.6886711594486077
0,5.23166588876246e-4,5.04505595577802e-5,1.0157740132893125
0,1.50806647520312e-4,5.04505595577802e-5,0.4755544980995359
0,1.33831684421429e-4,5.04505595577802e-5,0.4236929566262612
0,2.93147655900276e-4,5.04505595577802e-5,0.7642204383299114
0,3.32489611447352e-4,5.04505595577802e-5,0.8189120929801897
1,1.20453860419208e-4,5.04505595577802e-5,0.3779547357863918
0,1.6792783547447e-4,5.04505595577802e-5,0.5222567026773091
0,3.15859852948221e-4,5.04505595577802e-5,0.7966284413945177
0,0.00153799457581478,5.04505595577802e-5,1.484088816351105
0,0.158609022551648,5.04505595577802e-5,3.4974619012866306
0,3.10275351040887e-5,5.04505595577802e-5,-0.21111871180943156
0,2.54767671446891e-5,5.04505595577802e-5,-0.2967216697650826
0,2.43803461734584e-5,5.04505595577802e-5,-0.315826119632516
0,4.8090923949073e-5,5.04505595577802e-5,-0.020802866394663923
0,1.18875723746142e-4,5.00148519059413e-5,0.37599418685413893
0,3.36221692969707e-4,5.00148519059413e-5,0.8275267434212789
0,5.00148519059413e-5,5.00148519059413e-5,0
0,3.32489611447352e-4,5.00148519059413e-5,0.8226790932349114
0,1.6792783547447e-4,5.00148519059413e-5,0.5260237029320307
0,3.10275351040887e-5,5.00148519059413e-5,-0.2073517115547098
0,1.20453860419208e-4,5.00148519059413e-5,0.3817217360411136
0,4.8090923949073e-5,5.00148519059413e-5,-0.017035866139942183
0,2.43803461734584e-5,5.00148519059413e-5,-0.3120591193777943
0,8.32966288877772e-5,5.00148519059413e-5,0.22152843815914988
0,3.15859852948221e-4,5.00148519059413e-5,0.8003954416492395
0,1.49154668372025e-4,5.00148519059413e-5,0.4745378636392611
0,0.00153799457581478,5.00148519059413e-5,1.4878558166058269
0,5.23166588876246e-4,5.00148519059413e-5,1.0195410135440341
0,1.33831684421429e-4,5.00148519059413e-5,0.4274599568809829
0,5.04505595577802e-5,5.00148519059413e-5,0.003767000254721692
0,2.54767671446891e-5,5.00148519059413e-5,-0.2929546695103609
0,3.31253656269518e-4,5.00148519059413e-5,0.8210616933752953
0,0.0012576630375615,5.00148519059413e-5,1.4004653100890283
0,8.72561122991481e-5,5.00148519059413e-5,0.2416968718710093
0,1.83263207747312e-4,5.00148519059413e-5,0.5639762967719314
0,2.46341253450001e-4,5.00148519059413e-5,0.6924381597033294
0,4.06148485569932e-5,5.00148519059413e-5,-0.09041414900281469
0,1.50806647520312e-4,5.00148519059413e-5,0.4793214983542577
0,2.93147655900276e-4,5.00148519059413e-5,0.7679874385846331
0,0.158609022551648,5.00148519059413e-5,3.501228901541352
0,3.32489611447352e-4,1.83263207747312e-4,0.25870279646297994
1,0.158609022551648,1.83263207747312e-4,2.9372526047694207
0,1.33831684421429e-4,1.83263207747312e-4,-0.13651633989094852
0,0.0012576630375615,1.83263207747312e-4,0.8364890133170968
0,1.49154668372025e-4,1.83263207747312e-4,-0.08943843313267033
0,3.15859852948221e-4,1.83263207747312e-4,0.236419144877308
0,1.83263207747312e-4,1.83263207747312e-4,0
0,3.31253656269518e-4,1.83263207747312e-4,0.25708539660336394
0,0.00153799457581478,1.83263207747312e-4,0.9238795198338954
0,2.46341253450001e-4,1.83263207747312e-4,0.12846186293139797
0,1.20453860419208e-4,1.83263207747312e-4,-0.18225456073081786
0,3.10275351040887e-5,1.83263207747312e-4,-0.7713280083266413
0,5.04505595577802e-5,1.83263207747312e-4,-0.5602092965172096
0,5.23166588876246e-4,1.83263207747312e-4,0.4555647167721027
0,4.8090923949073e-5,1.83263207747312e-4,-0.5810121629118736
0,1.6792783547447e-4,1.83263207747312e-4,-0.037952593839900683
0,3.36221692969707e-4,1.83263207747312e-4,0.26355044664934735
0,1.50806647520312e-4,1.83263207747312e-4,-0.08465479841767377
0,2.93147655900276e-4,1.83263207747312e-4,0.20401114181270175
0,2.43803461734584e-5,1.83263207747312e-4,-0.8760354161497258
0,8.72561122991481e-5,1.83263207747312e-4,-0.3222794249009221
0,1.18875723746142e-4,1.83263207747312e-4,-0.1879821099177925
0,8.32966288877772e-5,1.83263207747312e-4,-0.34244785861278154
0,2.54767671446891e-5,1.83263207747312e-4,-0.8569309662822923
0,4.06148485569932e-5,1.83263207747312e-4,-0.6543904457747461
0,5.00148519059413e-5,1.83263207747312e-4,-0.5639762967719314
0,5.00148519059413e-5,3.15859852948221e-4,-0.8003954416492395
0,3.15859852948221e-4,3.15859852948221e-4,0
0,5.04505595577802e-5,3.15859852948221e-4,-0.7966284413945177
0,0.0012576630375615,3.15859852948221e-4,0.6000698684397887
0,2.93147655900276e-4,3.15859852948221e-4,-0.0324080030646063
0,2.46341253450001e-4,3.15859852948221e-4,-0.10795728194590998
0,4.8090923949073e-5,3.15859852948221e-4,-0.8174313077891816
0,8.32966288877772e-5,3.15859852948221e-4,-0.5788670034900896
0,0.00153799457581478,3.15859852948221e-4,0.6874603749565874
0,1.33831684421429e-4,3.15859852948221e-4,-0.37293548476825655
0,3.36221692969707e-4,3.15859852948221e-4,0.027131301772039335
0,8.72561122991481e-5,3.15859852948221e-4,-0.5586985697782302
0,1.83263207747312e-4,3.15859852948221e-4,-0.23641914487730795
0,5.23166588876246e-4,3.15859852948221e-4,0.2191455718947947
0,3.32489611447352e-4,3.15859852948221e-4,0.022283651585671964
0,2.43803461734584e-5,3.15859852948221e-4,-1.1124545610270338
0,3.31253656269518e-4,3.15859852948221e-4,0.020666251726055986
0,1.49154668372025e-4,3.15859852948221e-4,-0.32585757800997833
0,1.20453860419208e-4,3.15859852948221e-4,-0.41867370560812583
0,3.10275351040887e-5,3.15859852948221e-4,-1.0077471532039493
0,1.18875723746142e-4,3.15859852948221e-4,-0.42440125479510055
0,2.54767671446891e-5,3.15859852948221e-4,-1.0933501111596005
0,1.50806647520312e-4,3.15859852948221e-4,-0.3210739432949818
0,0.158609022551648,3.15859852948221e-4,2.7008334598921127
0,4.06148485569932e-5,3.15859852948221e-4,-0.8908095906520541
0,1.6792783547447e-4,3.15859852948221e-4,-0.2743717387172086
0,1.39624914072514e-4,2.15274478216314e-4,-0.18802962640685086
0,2.15274478216314e-4,2.15274478216314e-4,0
0,1.71669770538545e-5,2.15274478216314e-4,-1.0982987186133029
0,1.2803090757173e-4,2.15274478216314e-4,-0.22567772117696983
0,6.26478957454331e-5,2.15274478216314e-4,-0.5360860570232926
0,9.87032232675354e-5,2.15274478216314e-4,-0.3386612099704273
0,1.40154018877763e-4,2.15274478216314e-4,-0.1863869897094605
0,5.49021525078241e-5,2.15274478216314e-4,-0.5934031734142307
1,1.1374216147146,2.15274478216314e-4,3.72292893174539
0,2.56164943790623e-4,2.15274478216314e-4,0.07552715095417377
0,6.34673255619948e-4,2.15274478216314e-4,0.4695576527853384
0,1.19572474770282e-4,2.15274478216314e-4,-0.25536132740525014
0,2.70446651772691e-4,2.15274478216314e-4,0.09908906383011548
0,1.80466463275211e-4,2.15274478216314e-4,-0.07659603800719855
0,6.33804444671576e-4,2.15274478216314e-4,0.46896273517723025
0,2.02440862268524e-4,2.15274478216314e-4,-0.02669436680131564
0,0.00190950474764171,2.15274478216314e-4,0.9479281972475824
0,1.54441606119829e-4,2.15274478216314e-4,-0.14422823582539496
0,6.94386638516767e-5,2.15274478216314e-4,-0.4913911897639135
0,5.47224060138153e-5,2.15274478216314e-4,-0.5948273612330718
0,0.00251609459125287,2.15274478216314e-4,1.0677344188942044
0,5.17864170994736e-5,2.15274478216314e-4,-0.6187766803452314
0,3.25127274641076e-4,2.15274478216314e-4,0.1790608583478493
0,1.36486312822388e-4,2.15274478216314e-4,-0.19790344379940264
0,1.40154018877763e-4,1.39624914072514e-4,0.0016426366973903476
0,6.34673255619948e-4,1.39624914072514e-4,0.6575872791921893
0,2.70446651772691e-4,1.39624914072514e-4,0.28711869023696635
0,1.54441606119829e-4,1.39624914072514e-4,0.043801390581455914
0,2.56164943790623e-4,1.39624914072514e-4,0.2635567773610246
0,1.71669770538545e-5,1.39624914072514e-4,-0.910269092206452
0,6.33804444671576e-4,1.39624914072514e-4,0.6569923615840811
0,2.02440862268524e-4,1.39624914072514e-4,0.16133525960553527
0,0.00251609459125287,1.39624914072514e-4,1.2557640453010555
0,5.17864170994736e-5,1.39624914072514e-4,-0.4307470539383805
0,9.87032232675354e-5,1.39624914072514e-4,-0.1506315835635764
0,1.36486312822388e-4,1.39624914072514e-4,-0.009873817392551726
0,1.19572474770282e-4,1.39624914072514e-4,-0.06733170099839927
0,2.15274478216314e-4,1.39624914072514e-4,0.18802962640685092
0,0.00190950474764171,1.39624914072514e-4,1.1359578236544332
0,1.80466463275211e-4,1.39624914072514e-4,0.11143358839965234
0,5.47224060138153e-5,1.39624914072514e-4,-0.406797734826221
0,5.49021525078241e-5,1.39624914072514e-4,-0.4053735470073798
0,3.25127274641076e-4,1.39624914072514e-4,0.3670904847547002
0,6.26478957454331e-5,1.39624914072514e-4,-0.34805643061644176
1,1.1374216147146,1.39624914072514e-4,3.910958558152241
0,1.39624914072514e-4,1.39624914072514e-4,0
0,1.2803090757173e-4,1.39624914072514e-4,-0.03764809477011893
0,6.94386638516767e-5,1.39624914072514e-4,-0.3033615633570626
0,6.33804444671576e-4,0.00190950474764171,-0.4789654620703522
0,1.54441606119829e-4,0.00190950474764171,-1.0921564330729774
0,1.39624914072514e-4,0.00190950474764171,-1.1359578236544332
0,9.87032232675354e-5,0.00190950474764171,-1.2865894072180097
0,3.25127274641076e-4,0.00190950474764171,-0.7688673388997331
0,1.71669770538545e-5,0.00190950474764171,-2.0462269158608852
0,1.19572474770282e-4,0.00190950474764171,-1.2032895246528326
0,6.94386638516767e-5,0.00190950474764171,-1.439319387011496
1,1.1374216147146,0.00190950474764171,2.775000734497808
0,6.26478957454331e-5,0.00190950474764171,-1.484014254270875
0,1.36486312822388e-4,0.00190950474764171,-1.145831641046985
0,5.47224060138153e-5,0.00190950474764171,-1.5427555584806543
0,1.2803090757173e-4,0.00190950474764171,-1.1736059184245522
0,2.70446651772691e-4,0.00190950474764171,-0.8488391334174669
0,5.49021525078241e-5,0.00190950474764171,-1.541331370661813
0,1.40154018877763e-4,0.00190950474764171,-1.134315186957043
0,0.00190950474764171,0.00190950474764171,0
0,5.17864170994736e-5,0.00190950474764171,-1.5667048775928136
0,6.34673255619948e-4,0.00190950474764171,-0.478370544462244
0,2.02440862268524e-4,0.00190950474764171,-0.9746225640488979
0,2.15274478216314e-4,0.00190950474764171,-0.9479281972475824
0,0.00251609459125287,0.00190950474764171,0.11980622164662216
0,2.56164943790623e-4,0.00190950474764171,-0.8724010462934086
0,1.80466463275211e-4,0.00190950474764171,-1.024524235254781
0,0.00190950474764171,5.49021525078241e-5,1.541331370661813
0,5.49021525078241e-5,5.49021525078241e-5,0
0,6.33804444671576e-4,5.49021525078241e-5,1.062365908591461
0,5.47224060138153e-5,5.49021525078241e-5,-0.0014241878188411483
0,3.25127274641076e-4,5.49021525078241e-5,0.77246403176208
0,5.17864170994736e-5,5.49021525078241e-5,-0.025373506931000656
0,1.36486312822388e-4,5.49021525078241e-5,0.3954997296148281
0,1.54441606119829e-4,5.49021525078241e-5,0.4491749375888357
0,1.39624914072514e-4,5.49021525078241e-5,0.40537354700737976
0,1.19572474770282e-4,5.49021525078241e-5,0.3380418460089806
0,9.87032232675354e-5,5.49021525078241e-5,0.2547419634438034
0,2.02440862268524e-4,5.49021525078241e-5,0.5667088066129151
0,6.94386638516767e-5,5.49021525078241e-5,0.10201198365031719
0,2.70446651772691e-4,5.49021525078241e-5,0.6924922372443462
0,2.15274478216314e-4,5.49021525078241e-5,0.5934031734142307
0,6.26478957454331e-5,5.49021525078241e-5,0.05731711639093808
0,1.71669770538545e-5,5.49021525078241e-5,-0.5048955451990722
0,0.00251609459125287,5.49021525078241e-5,1.6611375923084353
0,1.80466463275211e-4,5.49021525078241e-5,0.5168071354070322
0,1.40154018877763e-4,5.49021525078241e-5,0.40701618370477016
0,6.34673255619948e-4,5.49021525078241e-5,1.062960826199569
1,1.1374216147146,5.49021525078241e-5,4.316332105159621
0,1.2803090757173e-4,5.49021525078241e-5,0.36772545223726083
0,2.56164943790623e-4,5.49021525078241e-5,0.6689303243684044
0,2.02440862268524e-4,9.87032232675354e-5,0.31196684316911166
0,6.34673255619948e-4,9.87032232675354e-5,0.8082188627557657
0,1.80466463275211e-4,9.87032232675354e-5,0.26206517196322876
1,2.15274478216314e-4,9.87032232675354e-5,0.3386612099704273
0,6.33804444671576e-4,9.87032232675354e-5,0.8076239451476575
1,1.1374216147146,9.87032232675354e-5,4.061590141715818
0,9.87032232675354e-5,9.87032232675354e-5,0
0,6.26478957454331e-5,9.87032232675354e-5,-0.19742484705286537
0,3.25127274641076e-4,9.87032232675354e-5,0.5177220683182766
0,6.94386638516767e-5,9.87032232675354e-5,-0.15272997979348624
0,5.49021525078241e-5,9.87032232675354e-5,-0.2547419634438034
0,1.39624914072514e-4,9.87032232675354e-5,0.1506315835635764
0,5.47224060138153e-5,9.87032232675354e-5,-0.2561661512626445
0,1.19572474770282e-4,9.87032232675354e-5,0.08329988256517709
0,1.54441606119829e-4,9.87032232675354e-5,0.19443297414503233
0,0.00190950474764171,9.87032232675354e-5,1.2865894072180097
0,1.2803090757173e-4,9.87032232675354e-5,0.11298348879345743
0,1.40154018877763e-4,9.87032232675354e-5,0.15227422026096676
0,2.70446651772691e-4,9.87032232675354e-5,0.4377502738005427
0,0.00251609459125287,9.87032232675354e-5,1.4063956288646318
0,1.36486312822388e-4,9.87032232675354e-5,0.14075776617102467
0,1.71669770538545e-5,9.87032232675354e-5,-0.7596375086428756
0,5.17864170994736e-5,9.87032232675354e-5,-0.280115470374804
0,2.56164943790623e-4,9.87032232675354e-5,0.41418836092460104
0,6.26478957454331e-5,6.33804444671576e-4,-1.005048792200523
0,2.70446651772691e-4,6.33804444671576e-4,-0.36987367134711474
0,3.25127274641076e-4,6.33804444671576e-4,-0.28990187682938096
0,5.17864170994736e-5,6.33804444671576e-4,-1.0877394155224616
0,1.39624914072514e-4,6.33804444671576e-4,-0.6569923615840811
0,9.87032232675354e-5,6.33804444671576e-4,-0.8076239451476575
0,1.80466463275211e-4,6.33804444671576e-4,-0.5455587731844288
0,6.34673255619948e-4,6.33804444671576e-4,5.949176081082257e-4
0,1.19572474770282e-4,6.33804444671576e-4,-0.7243240625824804
0,5.47224060138153e-5,6.33804444671576e-4,-1.063790096410302
0,2.02440862268524e-4,6.33804444671576e-4,-0.49565710197854584
0,5.49021525078241e-5,6.33804444671576e-4,-1.062365908591461
0,2.15274478216314e-4,6.33804444671576e-4,-0.46896273517723025
0,0.00190950474764171,6.33804444671576e-4,0.4789654620703522
0,1.71669770538545e-5,6.33804444671576e-4,-1.5672614537905332
0,2.56164943790623e-4,6.33804444671576e-4,-0.39343558422305647
0,6.33804444671576e-4,6.33804444671576e-4,0
0,1.1374216147146,6.33804444671576e-4,3.2539661965681597
0,1.54441606119829e-4,6.33804444671576e-4,-0.6131909710026252
0,1.40154018877763e-4,6.33804444671576e-4,-0.6553497248866907
0,6.94386638516767e-5,6.33804444671576e-4,-0.9603539249411437
0,0.00251609459125287,6.33804444671576e-4,0.5987716837169743
0,1.36486312822388e-4,6.33804444671576e-4,-0.6668661789766328
0,1.2803090757173e-4,6.33804444671576e-4,-0.6946404563542
0,1.19572474770282e-4,1.2803090757173e-4,-0.029683606228280306
0,0.00190950474764171,1.2803090757173e-4,1.1736059184245522
1,1.39624914072514e-4,1.2803090757173e-4,0.037648094770118955
0,1.54441606119829e-4,1.2803090757173e-4,0.08144948535157485
0,2.02440862268524e-4,1.2803090757173e-4,0.1989833543756542
0,5.49021525078241e-5,1.2803090757173e-4,-0.3677254522372609
0,6.94386638516767e-5,1.2803090757173e-4,-0.26571346858694367
0,0.00251609459125287,1.2803090757173e-4,1.2934121400711744
0,6.34673255619948e-4,1.2803090757173e-4,0.6952353739623083
0,1.2803090757173e-4,1.2803090757173e-4,0
1,2.15274478216314e-4,1.2803090757173e-4,0.22567772117696985
0,2.70446651772691e-4,1.2803090757173e-4,0.3247667850070853
0,1.71669770538545e-5,1.2803090757173e-4,-0.872620997436333
0,6.26478957454331e-5,1.2803090757173e-4,-0.3104083358463228
0,1.1374216147146,1.2803090757173e-4,3.94860665292236
0,5.17864170994736e-5,1.2803090757173e-4,-0.3930989591682615
0,1.40154018877763e-4,1.2803090757173e-4,0.03929073146750935
0,6.33804444671576e-4,1.2803090757173e-4,0.6946404563542
0,1.36486312822388e-4,1.2803090757173e-4,0.027774277377567234
0,5.47224060138153e-5,1.2803090757173e-4,-0.369149640056102
0,2.56164943790623e-4,1.2803090757173e-4,0.30120487213114355
0,1.80466463275211e-4,1.2803090757173e-4,0.1490816831697713
0,3.25127274641076e-4,1.2803090757173e-4,0.4047385795248191
0,9.87032232675354e-5,1.2803090757173e-4,-0.11298348879345746
0,6.26478957454331e-5,0.00251609459125287,-1.6038204759174972
0,5.49021525078241e-5,0.00251609459125287,-1.6611375923084353
0,2.70446651772691e-4,0.00251609459125287,-0.968645355064089
0,6.34673255619948e-4,0.00251609459125287,-0.598176766108866
0,1.39624914072514e-4,0.00251609459125287,-1.2557640453010555
0,0.00190950474764171,0.00251609459125287,-0.11980622164662212
0,5.47224060138153e-5,0.00251609459125287,-1.6625617801272763
0,6.33804444671576e-4,0.00251609459125287,-0.5987716837169743
0,1.2803090757173e-4,0.00251609459125287,-1.2934121400711744
0,5.17864170994736e-5,0.00251609459125287,-1.6865110992394359
0,6.94386638516767e-5,0.00251609459125287,-1.559125608658118
0,3.25127274641076e-4,0.00251609459125287,-0.8886735605463553
1,1.1374216147146,0.00251609459125287,2.655194512851186
0,1.19572474770282e-4,0.00251609459125287,-1.3230957462994546
0,2.56164943790623e-4,0.00251609459125287,-0.9922072679400308
0,0.00251609459125287,0.00251609459125287,0
0,1.54441606119829e-4,0.00251609459125287,-1.2119626547195994
0,9.87032232675354e-5,0.00251609459125287,-1.4063956288646318
0,1.40154018877763e-4,0.00251609459125287,-1.254121408603665
0,1.36486312822388e-4,0.00251609459125287,-1.2656378626936071
0,2.02440862268524e-4,0.00251609459125287,-1.0944287856955202
0,2.15274478216314e-4,0.00251609459125287,-1.0677344188942046
0,1.80466463275211e-4,0.00251609459125287,-1.144330456901403
0,1.71669770538545e-5,0.00251609459125287,-2.1660331375075073
0,1.71669770538545e-5,1.54441606119829e-4,-0.954070482787908
0,0.00190950474764171,1.54441606119829e-4,1.0921564330729774
0,1.19572474770282e-4,1.54441606119829e-4,-0.11113309157985518
0,1.40154018877763e-4,1.54441606119829e-4,-0.04215875388406554
0,5.47224060138153e-5,1.54441606119829e-4,-0.4505991254076768
0,6.33804444671576e-4,1.54441606119829e-4,0.6131909710026252
0,1.2803090757173e-4,1.54441606119829e-4,-0.08144948535157483
1,1.1374216147146,1.54441606119829e-4,3.867157167570785
0,2.56164943790623e-4,1.54441606119829e-4,0.2197553867795687
0,1.54441606119829e-4,1.54441606119829e-4,0
0,2.02440862268524e-4,1.54441606119829e-4,0.11753386902407936
0,9.87032232675354e-5,1.54441606119829e-4,-0.19443297414503227
0,6.26478957454331e-5,1.54441606119829e-4,-0.39185782119789764
0,6.34673255619948e-4,1.54441606119829e-4,0.6137858886107334
0,6.94386638516767e-5,1.54441606119829e-4,-0.34716295393851854
0,5.17864170994736e-5,1.54441606119829e-4,-0.47454844451983635
0,5.49021525078241e-5,1.54441606119829e-4,-0.44917493758883575
0,3.25127274641076e-4,1.54441606119829e-4,0.32328909417324425
0,1.36486312822388e-4,1.54441606119829e-4,-0.053675207974007634
0,2.15274478216314e-4,1.54441606119829e-4,0.14422823582539496
0,2.70446651772691e-4,1.54441606119829e-4,0.24331729965551047
0,1.80466463275211e-4,1.54441606119829e-4,0.06763219781819647
0,1.39624914072514e-4,1.54441606119829e-4,-0.043801390581455914
0,0.00251609459125287,1.54441606119829e-4,1.2119626547195996
0,1.54441606119829e-4,1.40154018877763e-4,0.04215875388406555
0,2.70446651772691e-4,1.40154018877763e-4,0.28547605353957595
0,6.94386638516767e-5,1.40154018877763e-4,-0.30500420005445306
0,1.39624914072514e-4,1.40154018877763e-4,-0.0016426366973903504
0,3.25127274641076e-4,1.40154018877763e-4,0.3654478480573098
0,6.26478957454331e-5,1.40154018877763e-4,-0.3496990673138321
0,6.34673255619948e-4,1.40154018877763e-4,0.6559446424947989
0,5.47224060138153e-5,1.40154018877763e-4,-0.40844037152361135
0,9.87032232675354e-5,1.40154018877763e-4,-0.15227422026096676
0,2.02440862268524e-4,1.40154018877763e-4,0.15969262290814487
1,1.1374216147146,1.40154018877763e-4,3.9093159214548505
0,1.71669770538545e-5,1.40154018877763e-4,-0.9119117289038423
0,1.2803090757173e-4,1.40154018877763e-4,-0.0392907314675093
1,0.00190950474764171,1.40154018877763e-4,1.134315186957043
0,5.49021525078241e-5,1.40154018877763e-4,-0.40701618370477016
0,1.19572474770282e-4,1.40154018877763e-4,-0.06897433769578966
0,1.40154018877763e-4,1.40154018877763e-4,0
0,0.00251609459125287,1.40154018877763e-4,1.254121408603665
0,6.33804444671576e-4,1.40154018877763e-4,0.6553497248866907
0,1.36486312822388e-4,1.40154018877763e-4,-0.011516454089942115
0,1.80466463275211e-4,1.40154018877763e-4,0.10979095170226201
0,2.56164943790623e-4,1.40154018877763e-4,0.2619141406636342
0,2.15274478216314e-4,1.40154018877763e-4,0.18638698970946052
0,5.17864170994736e-5,1.40154018877763e-4,-0.4323896906357708
0,1.80466463275211e-4,6.94386638516767e-5,0.414795151756715
0,1.2803090757173e-4,6.94386638516767e-5,0.26571346858694367
0,2.02440862268524e-4,6.94386638516767e-5,0.4646968229625979
0,1.19572474770282e-4,6.94386638516767e-5,0.2360298623586634
0,1.39624914072514e-4,6.94386638516767e-5,0.30336156335706266
0,6.94386638516767e-5,6.94386638516767e-5,0
0,2.56164943790623e-4,6.94386638516767e-5,0.5669183407180873
0,1.54441606119829e-4,6.94386638516767e-5,0.34716295393851854
0,5.17864170994736e-5,6.94386638516767e-5,-0.12738549058131776
0,5.47224060138153e-5,6.94386638516767e-5,-0.10343617146915829
0,9.87032232675354e-5,6.94386638516767e-5,0.15272997979348624
0,0.00251609459125287,6.94386638516767e-5,1.559125608658118
0,1.36486312822388e-4,6.94386638516767e-5,0.2934877459645109
0,0.00190950474764171,6.94386638516767e-5,1.439319387011496
0,1.40154018877763e-4,6.94386638516767e-5,0.305004200054453
0,3.25127274641076e-4,6.94386638516767e-5,0.6704520481117628
0,6.34673255619948e-4,6.94386638516767e-5,0.960948842549252
0,5.49021525078241e-5,6.94386638516767e-5,-0.10201198365031712
0,2.15274478216314e-4,6.94386638516767e-5,0.49139118976391355
0,2.70446651772691e-4,6.94386638516767e-5,0.590480253594029
0,1.71669770538545e-5,6.94386638516767e-5,-0.6069075288493894
0,6.33804444671576e-4,6.94386638516767e-5,0.9603539249411437
0,6.26478957454331e-5,6.94386638516767e-5,-0.04469486725937909
1,1.1374216147146,6.94386638516767e-5,4.214320121509304
0,0.00190950474764171,1.80466463275211e-4,1.024524235254781
0,1.71669770538545e-5,1.80466463275211e-4,-1.0217026806061043
0,5.17864170994736e-5,1.80466463275211e-4,-0.5421806423380329
0,2.02440862268524e-4,1.80466463275211e-4,0.0499016712058829
0,1.40154018877763e-4,1.80466463275211e-4,-0.10979095170226198
0,0.00251609459125287,1.80466463275211e-4,1.144330456901403
1,1.1374216147146,1.80466463275211e-4,3.799524969752589
0,9.87032232675354e-5,1.80466463275211e-4,-0.2620651719632287
0,1.39624914072514e-4,1.80466463275211e-4,-0.11143358839965235
0,6.94386638516767e-5,1.80466463275211e-4,-0.414795151756715
0,5.47224060138153e-5,1.80466463275211e-4,-0.5182313232258733
0,6.26478957454331e-5,1.80466463275211e-4,-0.45949001901609404
0,2.15274478216314e-4,1.80466463275211e-4,0.07659603800719851
0,1.19572474770282e-4,1.80466463275211e-4,-0.1787652893980516
0,1.2803090757173e-4,1.80466463275211e-4,-0.1490816831697713
0,1.54441606119829e-4,1.80466463275211e-4,-0.06763219781819643
0,6.33804444671576e-4,1.80466463275211e-4,0.5455587731844288
0,6.34673255619948e-4,1.80466463275211e-4,0.546153690792537
0,2.70446651772691e-4,1.80466463275211e-4,0.17568510183731403
0,3.25127274641076e-4,1.80466463275211e-4,0.25565689635504785
0,1.80466463275211e-4,1.80466463275211e-4,0
0,1.36486312822388e-4,1.80466463275211e-4,-0.12130740579220407
0,5.49021525078241e-5,1.80466463275211e-4,-0.5168071354070322
0,2.56164943790623e-4,1.80466463275211e-4,0.1521231889613723
0,1.36486312822388e-4,2.70446651772691e-4,-0.29699250762951807
0,9.87032232675354e-5,2.70446651772691e-4,-0.43775027380054277
0,5.49021525078241e-5,2.70446651772691e-4,-0.6924922372443462
0,6.34673255619948e-4,2.70446651772691e-4,0.370468588955223
0,2.70446651772691e-4,2.70446651772691e-4,0
0,2.56164943790623e-4,2.70446651772691e-4,-0.02356191287594175
0,1.39624914072514e-4,2.70446651772691e-4,-0.2871186902369664
0,5.17864170994736e-5,2.70446651772691e-4,-0.7178657441753469
0,2.02440862268524e-4,2.70446651772691e-4,-0.1257834306314311
0,1.40154018877763e-4,2.70446651772691e-4,-0.28547605353957595
0,0.00251609459125287,2.70446651772691e-4,0.9686453550640891
0,0.00190950474764171,2.70446651772691e-4,0.8488391334174669
0,1.54441606119829e-4,2.70446651772691e-4,-0.24331729965551044
0,1.19572474770282e-4,2.70446651772691e-4,-0.35445039123536565
0,3.25127274641076e-4,2.70446651772691e-4,0.07997179451773384
0,1.1374216147146,2.70446651772691e-4,3.6238398679152746
0,1.71669770538545e-5,2.70446651772691e-4,-1.1973877824434183
0,1.2803090757173e-4,2.70446651772691e-4,-0.3247667850070853
0,6.26478957454331e-5,2.70446651772691e-4,-0.6351751208534081
0,5.47224060138153e-5,2.70446651772691e-4,-0.6939164250631873
0,1.80466463275211e-4,2.70446651772691e-4,-0.17568510183731403
0,6.94386638516767e-5,2.70446651772691e-4,-0.590480253594029
0,2.15274478216314e-4,2.70446651772691e-4,-0.09908906383011544
0,6.33804444671576e-4,2.70446651772691e-4,0.36987367134711474
0,1.36486312822388e-4,5.17864170994736e-5,0.4208732365458287
0,1.71669770538545e-5,5.17864170994736e-5,-0.47952203826807155
0,3.25127274641076e-4,5.17864170994736e-5,0.7978375386930806
0,9.87032232675354e-5,5.17864170994736e-5,0.28011547037480405
0,5.47224060138153e-5,5.17864170994736e-5,0.023949319112159497
0,1.2803090757173e-4,5.17864170994736e-5,0.3930989591682615
0,2.56164943790623e-4,5.17864170994736e-5,0.6943038312994051
0,1.19572474770282e-4,5.17864170994736e-5,0.3634153529399812
0,6.34673255619948e-4,5.17864170994736e-5,1.0883343331305697
0,6.26478957454331e-5,5.17864170994736e-5,0.08269062332193873
0,2.15274478216314e-4,5.17864170994736e-5,0.6187766803452314
0,1.80466463275211e-4,5.17864170994736e-5,0.5421806423380328
0,1.54441606119829e-4,5.17864170994736e-5,0.47454844451983635
0,1.1374216147146,5.17864170994736e-5,4.341705612090621
0,1.40154018877763e-4,5.17864170994736e-5,0.4323896906357708
0,0.00190950474764171,5.17864170994736e-5,1.5667048775928136
0,5.17864170994736e-5,5.17864170994736e-5,0
0,6.33804444671576e-4,5.17864170994736e-5,1.0877394155224616
0,0.00251609459125287,5.17864170994736e-5,1.6865110992394359
0,6.94386638516767e-5,5.17864170994736e-5,0.1273854905813178
0,5.49021525078241e-5,5.17864170994736e-5,0.025373506931000597
0,2.70446651772691e-4,5.17864170994736e-5,0.7178657441753469
0,1.39624914072514e-4,5.17864170994736e-5,0.4307470539383804
0,2.02440862268524e-4,5.17864170994736e-5,0.5920823135439157
0,2.70446651772691e-4,1.71669770538545e-5,1.1973877824434183
0,6.94386638516767e-5,1.71669770538545e-5,0.6069075288493894
0,5.49021525078241e-5,1.71669770538545e-5,0.5048955451990722
0,1.80466463275211e-4,1.71669770538545e-5,1.0217026806061043
0,1.39624914072514e-4,1.71669770538545e-5,0.9102690922064519
0,1.71669770538545e-5,1.71669770538545e-5,0
0,0.00251609459125287,1.71669770538545e-5,2.1660331375075073
0,2.56164943790623e-4,1.71669770538545e-5,1.1738258695674766
0,2.15274478216314e-4,1.71669770538545e-5,1.0982987186133029
0,6.34673255619948e-4,1.71669770538545e-5,1.5678563713986413
0,1.40154018877763e-4,1.71669770538545e-5,0.9119117289038423
0,1.19572474770282e-4,1.71669770538545e-5,0.8429373912080528
0,1.2803090757173e-4,1.71669770538545e-5,0.872620997436333
0,5.17864170994736e-5,1.71669770538545e-5,0.47952203826807155
0,1.36486312822388e-4,1.71669770538545e-5,0.9003952748139002
0,2.02440862268524e-4,1.71669770538545e-5,1.0716043518119873
1,1.1374216147146,1.71669770538545e-5,4.821227650358693
0,6.26478957454331e-5,1.71669770538545e-5,0.5622126615900103
0,6.33804444671576e-4,1.71669770538545e-5,1.567261453790533
0,0.00190950474764171,1.71669770538545e-5,2.0462269158608852
0,1.54441606119829e-4,1.71669770538545e-5,0.9540704827879078
0,3.25127274641076e-4,1.71669770538545e-5,1.277359576961152
0,5.47224060138153e-5,1.71669770538545e-5,0.5034713573802311
0,9.87032232675354e-5,1.71669770538545e-5,0.7596375086428756
0,1.2803090757173e-4,2.56164943790623e-4,-0.3012048721311436
0,6.94386638516767e-5,2.56164943790623e-4,-0.5669183407180873
0,2.15274478216314e-4,2.56164943790623e-4,-0.07552715095417376
0,6.26478957454331e-5,2.56164943790623e-4,-0.6116132079774663
0,1.19572474770282e-4,2.56164943790623e-4,-0.33088847835942387
0,6.34673255619948e-4,2.56164943790623e-4,0.39403050183116467
0,1.36486312822388e-4,2.56164943790623e-4,-0.2734305947535764
0,1.54441606119829e-4,2.56164943790623e-4,-0.21975538677956874
0,6.33804444671576e-4,2.56164943790623e-4,0.3934355842230565
0,1.39624914072514e-4,2.56164943790623e-4,-0.2635567773610247
0,5.49021525078241e-5,2.56164943790623e-4,-0.6689303243684045
0,1.71669770538545e-5,2.56164943790623e-4,-1.1738258695674766
0,2.70446651772691e-4,2.56164943790623e-4,0.023561912875941695
0,0.00190950474764171,2.56164943790623e-4,0.8724010462934086
0,2.02440862268524e-4,2.56164943790623e-4,-0.10222151775548936
0,2.56164943790623e-4,2.56164943790623e-4,0
0,5.47224060138153e-5,2.56164943790623e-4,-0.6703545121872456
0,9.87032232675354e-5,2.56164943790623e-4,-0.414188360924601
0,1.40154018877763e-4,2.56164943790623e-4,-0.2619141406636343
0,5.17864170994736e-5,2.56164943790623e-4,-0.6943038312994051
0,3.25127274641076e-4,2.56164943790623e-4,0.10353370739367558
0,1.80466463275211e-4,2.56164943790623e-4,-0.15212318896137228
0,1.1374216147146,2.56164943790623e-4,3.6474017807912165
0,0.00251609459125287,2.56164943790623e-4,0.9922072679400308
0,1.39624914072514e-4,6.26478957454331e-5,0.3480564306164417
0,2.70446651772691e-4,6.26478957454331e-5,0.6351751208534081
0,1.40154018877763e-4,6.26478957454331e-5,0.34969906731383216
0,6.34673255619948e-4,6.26478957454331e-5,1.005643709808631
0,2.02440862268524e-4,6.26478957454331e-5,0.5093916902219771
0,2.56164943790623e-4,6.26478957454331e-5,0.6116132079774664
0,6.94386638516767e-5,6.26478957454331e-5,0.04469486725937907
0,5.47224060138153e-5,6.26478957454331e-5,-0.05874130420977918
0,1.19572474770282e-4,6.26478957454331e-5,0.28072472961804246
0,1.2803090757173e-4,6.26478957454331e-5,0.3104083358463228
0,6.33804444671576e-4,6.26478957454331e-5,1.005048792200523
0,1.36486312822388e-4,6.26478957454331e-5,0.33818261322389004
0,5.17864170994736e-5,6.26478957454331e-5,-0.08269062332193873
0,0.00251609459125287,6.26478957454331e-5,1.6038204759174972
0,0.00190950474764171,6.26478957454331e-5,1.484014254270875
0,2.15274478216314e-4,6.26478957454331e-5,0.5360860570232926
1,1.1374216147146,6.26478957454331e-5,4.259014988768683
0,5.49021525078241e-5,6.26478957454331e-5,-0.057317116390938054
0,1.80466463275211e-4,6.26478957454331e-5,0.4594900190160941
0,6.26478957454331e-5,6.26478957454331e-5,0
0,9.87032232675354e-5,6.26478957454331e-5,0.1974248470528653
0,1.54441606119829e-4,6.26478957454331e-5,0.39185782119789764
0,3.25127274641076e-4,6.26478957454331e-5,0.715146915371142
0,1.71669770538545e-5,6.26478957454331e-5,-0.5622126615900103
0,5.49021525078241e-5,6.34673255619948e-4,-1.062960826199569
0,1.36486312822388e-4,6.34673255619948e-4,-0.6674610965847411
0,1.54441606119829e-4,6.34673255619948e-4,-0.6137858886107334
0,3.25127274641076e-4,6.34673255619948e-4,-0.29049679443748916
0,1.2803090757173e-4,6.34673255619948e-4,-0.6952353739623082
0,6.26478957454331e-5,6.34673255619948e-4,-1.005643709808631
0,6.94386638516767e-5,6.34673255619948e-4,-0.960948842549252
0,6.34673255619948e-4,6.34673255619948e-4,0
0,9.87032232675354e-5,6.34673255619948e-4,-0.8082188627557657
0,1.71669770538545e-5,6.34673255619948e-4,-1.5678563713986413
0,0.00251609459125287,6.34673255619948e-4,0.598176766108866
0,1.19572474770282e-4,6.34673255619948e-4,-0.7249189801905885
0,2.56164943790623e-4,6.34673255619948e-4,-0.39403050183116467
0,1.80466463275211e-4,6.34673255619948e-4,-0.546153690792537
0,1.40154018877763e-4,6.34673255619948e-4,-0.6559446424947989
1,1.1374216147146,6.34673255619948e-4,3.2533712789600515
0,2.15274478216314e-4,6.34673255619948e-4,-0.4695576527853384
0,5.17864170994736e-5,6.34673255619948e-4,-1.0883343331305697
0,0.00190950474764171,6.34673255619948e-4,0.478370544462244
0,2.70446651772691e-4,6.34673255619948e-4,-0.37046858895522294
0,2.02440862268524e-4,6.34673255619948e-4,-0.49625201958665405
0,1.39624914072514e-4,6.34673255619948e-4,-0.6575872791921893
0,5.47224060138153e-5,6.34673255619948e-4,-1.0643850140184103
0,6.33804444671576e-4,6.34673255619948e-4,-5.949176081081949e-4
0,3.25127274641076e-4,1.19572474770282e-4,0.43442218575309943
0,6.26478957454331e-5,1.19572474770282e-4,-0.28072472961804246
0,1.36486312822388e-4,1.19572474770282e-4,0.05745788360584752
0,0.00251609459125287,1.19572474770282e-4,1.3230957462994546
0,2.70446651772691e-4,1.19572474770282e-4,0.35445039123536565
0,6.34673255619948e-4,1.19572474770282e-4,0.7249189801905885
0,9.87032232675354e-5,1.19572474770282e-4,-0.08329988256517713
0,1.54441606119829e-4,1.19572474770282e-4,0.11113309157985514
0,2.02440862268524e-4,1.19572474770282e-4,0.22866696060393452
0,5.47224060138153e-5,1.19572474770282e-4,-0.3394660338278217
0,1.2803090757173e-4,1.19572474770282e-4,0.02968360622828033
0,1.39624914072514e-4,1.19572474770282e-4,0.06733170099839923
0,2.15274478216314e-4,1.19572474770282e-4,0.25536132740525014
0,1.71669770538545e-5,1.19572474770282e-4,-0.8429373912080527
0,5.17864170994736e-5,1.19572474770282e-4,-0.3634153529399812
0,5.49021525078241e-5,1.19572474770282e-4,-0.3380418460089805
0,1.40154018877763e-4,1.19572474770282e-4,0.06897433769578962
0,2.56164943790623e-4,1.19572474770282e-4,0.3308884783594239
0,1.80466463275211e-4,1.19572474770282e-4,0.1787652893980516
0,0.00190950474764171,1.19572474770282e-4,1.2032895246528326
0,6.33804444671576e-4,1.19572474770282e-4,0.7243240625824804
1,1.1374216147146,1.19572474770282e-4,3.9782902591506404
0,6.94386638516767e-5,1.19572474770282e-4,-0.23602986235866336
0,1.19572474770282e-4,1.19572474770282e-4,0
0,3.25127274641076e-4,5.47224060138153e-5,0.7738882195809211
0,1.36486312822388e-4,5.47224060138153e-5,0.3969239174336693
0,2.15274478216314e-4,5.47224060138153e-5,0.5948273612330718
0,6.94386638516767e-5,5.47224060138153e-5,0.1034361714691583
0,5.47224060138153e-5,5.47224060138153e-5,0
0,1.2803090757173e-4,5.47224060138153e-5,0.36914964005610196
0,1.54441606119829e-4,5.47224060138153e-5,0.4505991254076769
0,1.40154018877763e-4,5.47224060138153e-5,0.40844037152361135
0,1.19572474770282e-4,5.47224060138153e-5,0.3394660338278217
0,1.80466463275211e-4,5.47224060138153e-5,0.5182313232258733
0,6.33804444671576e-4,5.47224060138153e-5,1.063790096410302
0,0.00190950474764171,5.47224060138153e-5,1.5427555584806543
0,5.49021525078241e-5,5.47224060138153e-5,0.0014241878188411285
0,1.39624914072514e-4,5.47224060138153e-5,0.40679773482622095
0,1.71669770538545e-5,5.47224060138153e-5,-0.5034713573802311
0,2.70446651772691e-4,5.47224060138153e-5,0.6939164250631873
1,1.1374216147146,5.47224060138153e-5,4.317756292978462
0,9.87032232675354e-5,5.47224060138153e-5,0.2561661512626445
0,2.56164943790623e-4,5.47224060138153e-5,0.6703545121872455
0,2.02440862268524e-4,5.47224060138153e-5,0.5681329944317562
0,6.26478957454331e-5,5.47224060138153e-5,0.05874130420977921
0,0.00251609459125287,5.47224060138153e-5,1.6625617801272763
0,5.17864170994736e-5,5.47224060138153e-5,-0.023949319112159466
0,6.34673255619948e-4,5.47224060138153e-5,1.0643850140184103
0,2.15274478216314e-4,1.1374216147146,-3.72292893174539
0,6.34673255619948e-4,1.1374216147146,-3.2533712789600515
0,5.47224060138153e-5,1.1374216147146,-4.317756292978462
0,0.00251609459125287,1.1374216147146,-2.6551945128511854
0,1.36486312822388e-4,1.1374216147146,-3.9208323755447925
0,6.33804444671576e-4,1.1374216147146,-3.2539661965681597
0,0.00190950474764171,1.1374216147146,-2.775000734497808
0,1.54441606119829e-4,1.1374216147146,-3.867157167570785
0,5.17864170994736e-5,1.1374216147146,-4.341705612090621
0,3.25127274641076e-4,1.1374216147146,-3.5438680733975407
0,1.71669770538545e-5,1.1374216147146,-4.821227650358693
0,1.39624914072514e-4,1.1374216147146,-3.910958558152241
0,1.80466463275211e-4,1.1374216147146,-3.799524969752589
0,1.2803090757173e-4,1.1374216147146,-3.94860665292236
0,1.40154018877763e-4,1.1374216147146,-3.9093159214548505
0,2.02440862268524e-4,1.1374216147146,-3.7496232985467057
0,2.70446651772691e-4,1.1374216147146,-3.6238398679152746
0,5.49021525078241e-5,1.1374216147146,-4.316332105159621
0,2.56164943790623e-4,1.1374216147146,-3.6474017807912165
0,6.26478957454331e-5,1.1374216147146,-4.259014988768683
0,6.94386638516767e-5,1.1374216147146,-4.214320121509304
0,9.87032232675354e-5,1.1374216147146,-4.061590141715818
0,1.19572474770282e-4,1.1374216147146,-3.9782902591506404
0,1.1374216147146,1.1374216147146,0
0,0.00251609459125287,1.36486312822388e-4,1.2656378626936071
0,5.49021525078241e-5,1.36486312822388e-4,-0.39549972961482804
0,1.36486312822388e-4,1.36486312822388e-4,0
0,5.17864170994736e-5,1.36486312822388e-4,-0.4208732365458287
0,3.25127274641076e-4,1.36486312822388e-4,0.3769643021472519
0,6.94386638516767e-5,1.36486312822388e-4,-0.29348774596451094
0,1.1374216147146,1.36486312822388e-4,3.9208323755447925
0,2.15274478216314e-4,1.36486312822388e-4,0.19790344379940258
0,6.33804444671576e-4,1.36486312822388e-4,0.6668661789766328
0,1.71669770538545e-5,1.36486312822388e-4,-0.9003952748139002
0,0.00190950474764171,1.36486312822388e-4,1.145831641046985
0,2.56164943790623e-4,1.36486312822388e-4,0.27343059475357634
0,1.54441606119829e-4,1.36486312822388e-4,0.05367520797400763
0,6.34673255619948e-4,1.36486312822388e-4,0.6674610965847411
0,1.19572474770282e-4,1.36486312822388e-4,-0.057457883605847526
0,9.87032232675354e-5,1.36486312822388e-4,-0.14075776617102467
0,1.80466463275211e-4,1.36486312822388e-4,0.12130740579220407
0,6.26478957454331e-5,1.36486312822388e-4,-0.33818261322389004
0,2.70446651772691e-4,1.36486312822388e-4,0.29699250762951807
0,2.02440862268524e-4,1.36486312822388e-4,0.17120907699808702
0,5.47224060138153e-5,1.36486312822388e-4,-0.3969239174336692
0,1.39624914072514e-4,1.36486312822388e-4,0.009873817392551698
0,1.40154018877763e-4,1.36486312822388e-4,0.011516454089942129
0,1.2803090757173e-4,1.36486312822388e-4,-0.02777427737756721
0,2.70446651772691e-4,3.25127274641076e-4,-0.07997179451773381
0,5.17864170994736e-5,3.25127274641076e-4,-0.7978375386930806
0,1.71669770538545e-5,3.25127274641076e-4,-1.277359576961152
0,1.80466463275211e-4,3.25127274641076e-4,-0.2556568963550479
0,2.15274478216314e-4,3.25127274641076e-4,-0.17906085834784932
0,2.56164943790623e-4,3.25127274641076e-4,-0.10353370739367553
0,1.54441606119829e-4,3.25127274641076e-4,-0.32328909417324425
0,0.00190950474764171,3.25127274641076e-4,0.7688673388997331
0,1.19572474770282e-4,3.25127274641076e-4,-0.4344221857530995
0,6.26478957454331e-5,3.25127274641076e-4,-0.715146915371142
0,9.87032232675354e-5,3.25127274641076e-4,-0.5177220683182766
0,1.39624914072514e-4,3.25127274641076e-4,-0.3670904847547002
0,1.40154018877763e-4,3.25127274641076e-4,-0.3654478480573098
0,2.02440862268524e-4,3.25127274641076e-4,-0.20575522514916494
0,5.49021525078241e-5,3.25127274641076e-4,-0.77246403176208
0,5.47224060138153e-5,3.25127274641076e-4,-0.7738882195809211
0,1.1374216147146,3.25127274641076e-4,3.5438680733975407
0,1.2803090757173e-4,3.25127274641076e-4,-0.4047385795248191
0,6.94386638516767e-5,3.25127274641076e-4,-0.6704520481117628
0,6.33804444671576e-4,3.25127274641076e-4,0.28990187682938096
0,1.36486312822388e-4,3.25127274641076e-4,-0.37696430214725196
0,3.25127274641076e-4,3.25127274641076e-4,0
0,0.00251609459125287,3.25127274641076e-4,0.8886735605463553
0,6.34673255619948e-4,3.25127274641076e-4,0.2904967944374891
0,1.54441606119829e-4,2.02440862268524e-4,-0.11753386902407936
0,0.00190950474764171,2.02440862268524e-4,0.974622564048898
0,2.70446651772691e-4,2.02440862268524e-4,0.12578343063143108
0,6.94386638516767e-5,2.02440862268524e-4,-0.46469682296259796
0,5.47224060138153e-5,2.02440862268524e-4,-0.5681329944317562
0,1.39624914072514e-4,2.02440862268524e-4,-0.1613352596055353
0,1.40154018877763e-4,2.02440862268524e-4,-0.1596926229081449
0,1.71669770538545e-5,2.02440862268524e-4,-1.0716043518119873
0,5.17864170994736e-5,2.02440862268524e-4,-0.5920823135439157
0,5.49021525078241e-5,2.02440862268524e-4,-0.566708806612915
0,0.00251609459125287,2.02440862268524e-4,1.0944287856955202
0,3.25127274641076e-4,2.02440862268524e-4,0.20575522514916492
0,1.80466463275211e-4,2.02440862268524e-4,-0.04990167120588294
0,6.26478957454331e-5,2.02440862268524e-4,-0.509391690221977
0,6.34673255619948e-4,2.02440862268524e-4,0.49625201958665405
0,1.2803090757173e-4,2.02440862268524e-4,-0.1989833543756542
0,9.87032232675354e-5,2.02440862268524e-4,-0.31196684316911166
0,6.33804444671576e-4,2.02440862268524e-4,0.49565710197854584
0,1.19572474770282e-4,2.02440862268524e-4,-0.22866696060393452
0,2.02440862268524e-4,2.02440862268524e-4,0
0,1.36486312822388e-4,2.02440862268524e-4,-0.17120907699808702
0,1.1374216147146,2.02440862268524e-4,3.7496232985467057
0,2.56164943790623e-4,2.02440862268524e-4,0.10222151775548934
0,2.15274478216314e-4,2.02440862268524e-4,0.026694366801315584
0,2.97603212243278e-4,2.22900163471537e-4,0.12552722756335677
0,6.60720950202132e-4,2.22900163471537e-4,0.4719076906917683
0,2.22900163471537e-4,2.22900163471537e-4,0
0,3.55421888540839e-4,2.22900163471537e-4,0.20263378319138767
0,6.98399376619227e-5,2.22900163471537e-4,-0.5040065439322519
0,0.00315411629536826,2.22900163471537e-4,1.1507673151673297
0,1.1374216147146,2.22900163471537e-4,3.707811090018748
0,2.53415159482198e-4,2.22900163471537e-4,0.05572220415629499
0,7.7251656984248e-4,2.22900163471537e-4,0.5397974164695535
0,0.0121001690743496,2.22900163471537e-4,1.7346810517233016
0,1.07656085920385e-4,2.22900163471537e-4,-0.3160718009731273
0,1.23100916771734e-4,2.22900163471537e-4,-0.257849099712533
0,1.22653659909273e-5,2.22900163471537e-4,-1.259429875171011
0,2.11024926027138e-5,2.22900163471537e-4,-1.0237766302814402
0,9.01092321992476e-4,2.22900163471537e-4,0.606658902193449
0,6.54039136907375e-4,2.22900163471537e-4,0.46749334977079604
0,0.158609022551648,2.22900163471537e-4,2.8522175017526075
0,0.00465402165148125,2.22900163471537e-4,1.3197180123988737
0,4.39827128979115e-5,2.22900163471537e-4,-0.7048283734143813
0,0.00132664387870882,2.22900163471537e-4,0.7746439704924156
0,2.54767671446891e-5,2.22900163471537e-4,-0.9419660692991054
0,3.39975497141798e-4,2.22900163471537e-4,0.18333723052886933
0,1.1374216147146,3.39975497141798e-4,3.5244738594898783
0,0.00465402165148125,3.39975497141798e-4,1.1363807818700042
0,3.39975497141798e-4,3.39975497141798e-4,0
0,2.53415159482198e-4,3.39975497141798e-4,-0.1276150263725744
0,7.7251656984248e-4,3.39975497141798e-4,0.3564601859406842
0,0.158609022551648,3.39975497141798e-4,2.6688802712237383
0,6.60720950202132e-4,3.39975497141798e-4,0.288570460162899
0,2.11024926027138e-5,3.39975497141798e-4,-1.2071138608103096
0,1.23100916771734e-4,3.39975497141798e-4,-0.4411863302414023
0,3.55421888540839e-4,3.39975497141798e-4,0.019296552662518358
0,0.0121001690743496,3.39975497141798e-4,1.5513438211944321
0,1.07656085920385e-4,3.39975497141798e-4,-0.4994090315019967
0,2.97603212243278e-4,3.39975497141798e-4,-0.05781000296551251
0,1.22653659909273e-5,3.39975497141798e-4,-1.4427671056998803
0,0.00132664387870882,3.39975497141798e-4,0.5913067399635462
0,2.54767671446891e-5,3.39975497141798e-4,-1.1253032998279748
0,4.39827128979115e-5,3.39975497141798e-4,-0.8881656039432507
0,6.54039136907375e-4,3.39975497141798e-4,0.28415611924192674
0,0.00315411629536826,3.39975497141798e-4,0.9674300846384604
0,9.01092321992476e-4,3.39975497141798e-4,0.4233216716645796
0,6.98399376619227e-5,3.39975497141798e-4,-0.6873437744611212
0,2.22900163471537e-4,3.39975497141798e-4,-0.1833372305288693
0,3.39975497141798e-4,2.97603212243278e-4,0.05781000296551257
0,4.39827128979115e-5,2.97603212243278e-4,-0.8303556009777381
0,2.53415159482198e-4,2.97603212243278e-4,-0.06980502340706185
0,0.00315411629536826,2.97603212243278e-4,1.025240087603973
0,1.07656085920385e-4,2.97603212243278e-4,-0.44159902853648414
0,7.7251656984248e-4,2.97603212243278e-4,0.4142701889061967
0,2.97603212243278e-4,2.97603212243278e-4,0
0,6.54039136907375e-4,2.97603212243278e-4,0.3419661222074392
0,1.23100916771734e-4,2.97603212243278e-4,-0.38337632727588983
0,1.1374216147146,2.97603212243278e-4,3.582283862455391
0,0.00132664387870882,2.97603212243278e-4,0.6491167429290587
0,0.0121001690743496,2.97603212243278e-4,1.6091538241599448
0,9.01092321992476e-4,2.97603212243278e-4,0.4811316746300921
0,6.98399376619227e-5,2.97603212243278e-4,-0.6295337714956086
0,0.00465402165148125,2.97603212243278e-4,1.1941907848355167
0,3.55421888540839e-4,2.97603212243278e-4,0.07710655562803087
0,2.54767671446891e-5,2.97603212243278e-4,-1.0674932968624622
0,6.60720950202132e-4,2.97603212243278e-4,0.34638046312841153
0,0.158609022551648,2.97603212243278e-4,2.726690274189251
0,2.11024926027138e-5,2.97603212243278e-4,-1.1493038578447972
0,1.22653659909273e-5,2.97603212243278e-4,-1.3849571027343677
0,2.22900163471537e-4,2.97603212243278e-4,-0.12552722756335677
0,1.23100916771734e-4,1.07656085920385e-4,0.058222701260594326
0,1.07656085920385e-4,1.07656085920385e-4,0
0,6.60720950202132e-4,1.07656085920385e-4,0.7879794916648957
0,3.39975497141798e-4,1.07656085920385e-4,0.49940903150199667
0,1.1374216147146,1.07656085920385e-4,4.023882890991875
0,2.53415159482198e-4,1.07656085920385e-4,0.3717940051294223
0,2.22900163471537e-4,1.07656085920385e-4,0.3160718009731273
0,1.22653659909273e-5,1.07656085920385e-4,-0.9433580741978836
0,2.54767671446891e-5,1.07656085920385e-4,-0.625894268325978
0,6.54039136907375e-4,1.07656085920385e-4,0.7835651507439234
0,9.01092321992476e-4,1.07656085920385e-4,0.9227307031665762
0,2.11024926027138e-5,1.07656085920385e-4,-0.7077048293083129
0,2.97603212243278e-4,1.07656085920385e-4,0.44159902853648414
0,4.39827128979115e-5,1.07656085920385e-4,-0.388756572441254
0,0.0121001690743496,1.07656085920385e-4,2.0507528526964287
0,0.158609022551648,1.07656085920385e-4,3.168289302725735
0,0.00465402165148125,1.07656085920385e-4,1.6357898133720008
0,0.00132664387870882,1.07656085920385e-4,1.0907157714655429
0,0.00315411629536826,1.07656085920385e-4,1.466839116140457
0,7.7251656984248e-4,1.07656085920385e-4,0.8558692174426809
0,6.98399376619227e-5,1.07656085920385e-4,-0.18793474295912452
0,3.55421888540839e-4,1.07656085920385e-4,0.518705584164515
0,1.1374216147146,6.54039136907375e-4,3.240317740247952
0,4.39827128979115e-5,6.54039136907375e-4,-1.1723217231851775
0,3.55421888540839e-4,6.54039136907375e-4,-0.2648595665794084
0,9.01092321992476e-4,6.54039136907375e-4,0.13916555242265286
0,1.22653659909273e-5,6.54039136907375e-4,-1.726923224941807
0,2.54767671446891e-5,6.54039136907375e-4,-1.4094594190699015
0,6.98399376619227e-5,6.54039136907375e-4,-0.9714998937030479
0,1.23100916771734e-4,6.54039136907375e-4,-0.725342449483329
0,2.53415159482198e-4,6.54039136907375e-4,-0.4117711456145011
0,6.54039136907375e-4,6.54039136907375e-4,0
0,0.00465402165148125,6.54039136907375e-4,0.8522246626280775
0,2.11024926027138e-5,6.54039136907375e-4,-1.4912699800522362
0,0.00132664387870882,6.54039136907375e-4,0.3071506207216195
0,6.60720950202132e-4,6.54039136907375e-4,0.004414340920972292
0,1.07656085920385e-4,6.54039136907375e-4,-0.7835651507439234
0,2.97603212243278e-4,6.54039136907375e-4,-0.34196612220743927
0,3.39975497141798e-4,6.54039136907375e-4,-0.28415611924192674
0,7.7251656984248e-4,6.54039136907375e-4,0.07230406669875741
0,0.158609022551648,6.54039136907375e-4,2.3847241519818114
0,2.22900163471537e-4,6.54039136907375e-4,-0.4674933497707961
0,0.0121001690743496,6.54039136907375e-4,1.2671877019525055
0,0.00315411629536826,6.54039136907375e-4,0.6832739653965336
0,0.00465402165148125,0.0121001690743496,-0.4149630393244281
0,3.55421888540839e-4,0.0121001690743496,-1.532047268531914
0,7.7251656984248e-4,0.0121001690743496,-1.1948836352537482
0,9.01092321992476e-4,0.0121001690743496,-1.1280221495298526
0,6.60720950202132e-4,0.0121001690743496,-1.2627733610315333
0,0.00315411629536826,0.0121001690743496,-0.5839137365559719
0,2.22900163471537e-4,0.0121001690743496,-1.7346810517233016
0,2.54767671446891e-5,0.0121001690743496,-2.676647121022407
1,0.158609022551648,0.0121001690743496,1.117536450029306
0,2.11024926027138e-5,0.0121001690743496,-2.758457682004742
0,6.98399376619227e-5,0.0121001690743496,-2.2386875956555534
0,2.97603212243278e-4,0.0121001690743496,-1.6091538241599448
0,1.23100916771734e-4,0.0121001690743496,-1.9925301514358347
0,2.53415159482198e-4,0.0121001690743496,-1.6789588475670065
1,1.1374216147146,0.0121001690743496,1.9731300382954462
0,6.54039136907375e-4,0.0121001690743496,-1.2671877019525055
0,1.22653659909273e-5,0.0121001690743496,-2.9941109268943125
0,4.39827128979115e-5,0.0121001690743496,-2.439509425137683
0,1.07656085920385e-4,0.0121001690743496,-2.050752852696429
0,0.0121001690743496,0.0121001690743496,0
0,0.00132664387870882,0.0121001690743496,-0.960037081230886
0,3.39975497141798e-4,0.0121001690743496,-1.5513438211944321
0,6.60720950202132e-4,6.60720950202132e-4,0
0,2.53415159482198e-4,6.60720950202132e-4,-0.4161854865354734
0,7.7251656984248e-4,6.60720950202132e-4,0.06788972577778518
0,2.97603212243278e-4,6.60720950202132e-4,-0.34638046312841153
0,0.0121001690743496,6.60720950202132e-4,1.2627733610315333
0,1.1374216147146,6.60720950202132e-4,3.2359033993269795
0,9.01092321992476e-4,6.60720950202132e-4,0.13475121150168065
0,1.22653659909273e-5,6.60720950202132e-4,-1.7313375658627792
0,0.00132664387870882,6.60720950202132e-4,0.30273627980064727
0,3.39975497141798e-4,6.60720950202132e-4,-0.288570460162899
0,0.00465402165148125,6.60720950202132e-4,0.8478103217071052
0,6.54039136907375e-4,6.60720950202132e-4,-0.00441434092097226
0,2.54767671446891e-5,6.60720950202132e-4,-1.4138737599908737
0,0.00315411629536826,6.60720950202132e-4,0.6788596244755614
0,2.11024926027138e-5,6.60720950202132e-4,-1.4956843209732085
0,4.39827128979115e-5,6.60720950202132e-4,-1.1767360641061497
0,0.158609022551648,6.60720950202132e-4,2.3803098110608394
0,1.07656085920385e-4,6.60720950202132e-4,-0.7879794916648956
0,2.22900163471537e-4,6.60720950202132e-4,-0.4719076906917683
0,1.23100916771734e-4,6.60720950202132e-4,-0.7297567904043013
0,6.98399376619227e-5,6.60720950202132e-4,-0.9759142346240202
0,3.55421888540839e-4,6.60720950202132e-4,-0.2692739075003806
0,2.11024926027138e-5,1.23100916771734e-4,-0.7659275305689073
0,6.98399376619227e-5,1.23100916771734e-4,-0.24615744421971883
1,3.55421888540839e-4,1.23100916771734e-4,0.4604828829039207
0,2.97603212243278e-4,1.23100916771734e-4,0.38337632727588983
0,7.7251656984248e-4,1.23100916771734e-4,0.7976465161820865
0,2.54767671446891e-5,1.23100916771734e-4,-0.6841169695865724
0,3.39975497141798e-4,1.23100916771734e-4,0.44118633024140236
1,1.1374216147146,1.23100916771734e-4,3.9656601897312806
0,6.60720950202132e-4,1.23100916771734e-4,0.7297567904043013
0,0.00465402165148125,1.23100916771734e-4,1.5775671121114065
0,0.0121001690743496,1.23100916771734e-4,1.9925301514358347
0,1.23100916771734e-4,1.23100916771734e-4,0
0,1.22653659909273e-5,1.23100916771734e-4,-1.001580775458478
0,6.54039136907375e-4,1.23100916771734e-4,0.725342449483329
0,0.00132664387870882,1.23100916771734e-4,1.0324930702049486
1,0.158609022551648,1.23100916771734e-4,3.1100666014651406
0,1.07656085920385e-4,1.23100916771734e-4,-0.05822270126059433
1,0.00315411629536826,1.23100916771734e-4,1.4086164148798628
1,2.22900163471537e-4,1.23100916771734e-4,0.257849099712533
0,9.01092321992476e-4,1.23100916771734e-4,0.864508001905982
0,4.39827128979115e-5,1.23100916771734e-4,-0.4469792737018483
0,2.53415159482198e-4,1.23100916771734e-4,0.3135713038688279
0,9.01092321992476e-4,0.00132664387870882,-0.16798506829896667
0,1.23100916771734e-4,0.00132664387870882,-1.0324930702049486
0,0.158609022551648,0.00132664387870882,2.077573531260192
0,1.1374216147146,0.00132664387870882,2.9331671195263325
0,2.54767671446891e-5,0.00132664387870882,-1.716610039791521
0,2.11024926027138e-5,0.00132664387870882,-1.7984206007738557
0,1.07656085920385e-4,0.00132664387870882,-1.0907157714655429
0,3.39975497141798e-4,0.00132664387870882,-0.5913067399635462
0,1.22653659909273e-5,0.00132664387870882,-2.0340738456634266
0,2.22900163471537e-4,0.00132664387870882,-0.7746439704924155
0,0.00315411629536826,0.00132664387870882,0.3761233446749141
0,7.7251656984248e-4,0.00132664387870882,-0.23484655402286206
0,6.54039136907375e-4,0.00132664387870882,-0.3071506207216195
0,2.97603212243278e-4,0.00132664387870882,-0.6491167429290587
0,6.60720950202132e-4,0.00132664387870882,-0.30273627980064727
0,2.53415159482198e-4,0.00132664387870882,-0.7189217663361206
0,4.39827128979115e-5,0.00132664387870882,-1.479472343906797
0,3.55421888540839e-4,0.00132664387870882,-0.5720101873010279
0,0.00465402165148125,0.00132664387870882,0.545074041906458
0,0.0121001690743496,0.00132664387870882,0.960037081230886
0,6.98399376619227e-5,0.00132664387870882,-1.2786505144246674
0,0.00132664387870882,0.00132664387870882,0
0,2.11024926027138e-5,0.158609022551648,-3.8759941320340476
0,2.97603212243278e-4,0.158609022551648,-2.726690274189251
0,0.0121001690743496,0.158609022551648,-1.117536450029306
0,4.39827128979115e-5,0.158609022551648,-3.5570458751669887
0,2.22900163471537e-4,0.158609022551648,-2.8522175017526075
0,1.22653659909273e-5,0.158609022551648,-4.111647376923618
0,6.54039136907375e-4,0.158609022551648,-2.3847241519818114
0,0.00132664387870882,0.158609022551648,-2.077573531260192
0,1.1374216147146,0.158609022551648,0.8555935882661403
0,0.00315411629536826,0.158609022551648,-1.7014501865852778
0,2.53415159482198e-4,0.158609022551648,-2.7964952975963127
0,6.60720950202132e-4,0.158609022551648,-2.3803098110608394
0,6.98399376619227e-5,0.158609022551648,-3.3562240456848595
0,0.158609022551648,0.158609022551648,0
0,0.00465402165148125,0.158609022551648,-1.532499489353734
0,1.07656085920385e-4,0.158609022551648,-3.168289302725735
0,2.54767671446891e-5,0.158609022551648,-3.794183571051713
0,3.55421888540839e-4,0.158609022551648,-2.6495837185612197
0,7.7251656984248e-4,0.158609022551648,-2.312420085283054
0,3.39975497141798e-4,0.158609022551648,-2.6688802712237383
0,9.01092321992476e-4,0.158609022551648,-2.2455585995591587
0,1.23100916771734e-4,0.158609022551648,-3.1100666014651406
0,2.22900163471537e-4,6.98399376619227e-5,0.5040065439322519
0,2.11024926027138e-5,6.98399376619227e-5,-0.5197700863491884
0,9.01092321992476e-4,6.98399376619227e-5,1.1106654461257008
0,2.54767671446891e-5,6.98399376619227e-5,-0.4379595253668536
0,3.39975497141798e-4,6.98399376619227e-5,0.6873437744611212
0,4.39827128979115e-5,6.98399376619227e-5,-0.20082182948212943
0,6.98399376619227e-5,6.98399376619227e-5,0
0,1.22653659909273e-5,6.98399376619227e-5,-0.7554233312387592
0,7.7251656984248e-4,6.98399376619227e-5,1.0438039604018052
0,1.23100916771734e-4,6.98399376619227e-5,0.24615744421971883
0,0.158609022551648,6.98399376619227e-5,3.3562240456848595
0,0.0121001690743496,6.98399376619227e-5,2.2386875956555534
0,6.60720950202132e-4,6.98399376619227e-5,0.9759142346240202
0,2.53415159482198e-4,6.98399376619227e-5,0.5597287480885468
0,6.54039136907375e-4,6.98399376619227e-5,0.9714998937030479
0,0.00315411629536826,6.98399376619227e-5,1.6547738590995815
0,0.00132664387870882,6.98399376619227e-5,1.2786505144246674
0,2.97603212243278e-4,6.98399376619227e-5,0.6295337714956086
0,3.55421888540839e-4,6.98399376619227e-5,0.7066403271236394
0,1.1374216147146,6.98399376619227e-5,4.211817633951
0,1.07656085920385e-4,6.98399376619227e-5,0.18793474295912446
0,0.00465402165148125,6.98399376619227e-5,1.8237245563311253
0,9.01092321992476e-4,3.55421888540839e-4,0.4040251190020613
0,3.55421888540839e-4,3.55421888540839e-4,0
0,0.00132664387870882,3.55421888540839e-4,0.5720101873010279
0,2.54767671446891e-5,3.55421888540839e-4,-1.144599852490493
0,0.00465402165148125,3.55421888540839e-4,1.1170842292074858
0,2.11024926027138e-5,3.55421888540839e-4,-1.226410413472828
0,1.07656085920385e-4,3.55421888540839e-4,-0.5187055841645151
0,1.1374216147146,3.55421888540839e-4,3.50517730682736
0,3.39975497141798e-4,3.55421888540839e-4,-0.01929655266251831
0,7.7251656984248e-4,3.55421888540839e-4,0.3371636332781658
0,1.23100916771734e-4,3.55421888540839e-4,-0.4604828829039207
0,2.22900163471537e-4,3.55421888540839e-4,-0.20263378319138767
0,0.158609022551648,3.55421888540839e-4,2.6495837185612197
0,0.00315411629536826,3.55421888540839e-4,0.9481335319759421
0,1.22653659909273e-5,3.55421888540839e-4,-1.4620636583623987
0,4.39827128979115e-5,3.55421888540839e-4,-0.907462156605769
0,2.53415159482198e-4,3.55421888540839e-4,-0.14691157903509272
0,2.97603212243278e-4,3.55421888540839e-4,-0.07710655562803087
0,0.0121001690743496,3.55421888540839e-4,1.532047268531914
0,6.60720950202132e-4,3.55421888540839e-4,0.2692739075003806
0,6.54039136907375e-4,3.55421888540839e-4,0.2648595665794084
0,6.98399376619227e-5,3.55421888540839e-4,-0.7066403271236396
0,6.98399376619227e-5,2.54767671446891e-5,0.4379595253668536
0,6.54039136907375e-4,2.54767671446891e-5,1.4094594190699015
0,2.22900163471537e-4,2.54767671446891e-5,0.9419660692991054
0,3.55421888540839e-4,2.54767671446891e-5,1.1445998524904932
0,2.97603212243278e-4,2.54767671446891e-5,1.0674932968624622
0,4.39827128979115e-5,2.54767671446891e-5,0.2371376958847241
0,9.01092321992476e-4,2.54767671446891e-5,1.5486249714925544
0,0.00315411629536826,2.54767671446891e-5,2.092733384466435
0,1.22653659909273e-5,2.54767671446891e-5,-0.3174638058719055
0,1.23100916771734e-4,2.54767671446891e-5,0.6841169695865724
0,0.0121001690743496,2.54767671446891e-5,2.676647121022407
0,0.00132664387870882,2.54767671446891e-5,1.716610039791521
0,2.53415159482198e-4,2.54767671446891e-5,0.9976882734554003
0,3.39975497141798e-4,2.54767671446891e-5,1.1253032998279748
0,6.60720950202132e-4,2.54767671446891e-5,1.4138737599908737
0,1.07656085920385e-4,2.54767671446891e-5,0.625894268325978
0,7.7251656984248e-4,2.54767671446891e-5,1.481763485768659
0,0.00465402165148125,2.54767671446891e-5,2.261684081697979
0,2.54767671446891e-5,2.54767671446891e-5,0
1,1.1374216147146,2.54767671446891e-5,4.649777159317853
0,2.11024926027138e-5,2.54767671446891e-5,-0.08181056098233479
0,0.158609022551648,2.54767671446891e-5,3.794183571051713
0,2.97603212243278e-4,0.00465402165148125,-1.1941907848355169
0,0.0121001690743496,0.00465402165148125,0.4149630393244281
0,2.54767671446891e-5,0.00465402165148125,-2.261684081697979
0,9.01092321992476e-4,0.00465402165148125,-0.7130591102054247
0,1.22653659909273e-5,0.00465402165148125,-2.5791478875698846
0,7.7251656984248e-4,0.00465402165148125,-0.7799205959293201
0,0.158609022551648,0.00465402165148125,1.532499489353734
0,6.60720950202132e-4,0.00465402165148125,-0.8478103217071052
0,0.00315411629536826,0.00465402165148125,-0.16895069723154388
0,4.39827128979115e-5,0.00465402165148125,-2.0245463858132546
0,6.54039136907375e-4,0.00465402165148125,-0.8522246626280775
0,0.00132664387870882,0.00465402165148125,-0.545074041906458
0,2.22900163471537e-4,0.00465402165148125,-1.3197180123988737
0,3.39975497141798e-4,0.00465402165148125,-1.1363807818700042
0,1.23100916771734e-4,0.00465402165148125,-1.5775671121114065
0,2.53415159482198e-4,0.00465402165148125,-1.2639958082425786
0,2.11024926027138e-5,0.00465402165148125,-2.3434946426803136
0,0.00465402165148125,0.00465402165148125,0
0,6.98399376619227e-5,0.00465402165148125,-1.8237245563311253
0,1.07656085920385e-4,0.00465402165148125,-1.6357898133720008
0,3.55421888540839e-4,0.00465402165148125,-1.1170842292074858
0,1.1374216147146,0.00465402165148125,2.388093077619874
1,1.1374216147146,0.00315411629536826,2.5570437748514183
0,2.22900163471537e-4,0.00315411629536826,-1.1507673151673297
0,0.158609022551648,0.00315411629536826,1.7014501865852778
0,4.39827128979115e-5,0.00315411629536826,-1.855595688581711
0,0.0121001690743496,0.00315411629536826,0.5839137365559719
0,2.11024926027138e-5,0.00315411629536826,-2.17454394544877
1,1.22653659909273e-5,0.00315411629536826,-2.410197190338341
0,0.00132664387870882,0.00315411629536826,-0.37612334467491415
0,1.07656085920385e-4,0.00315411629536826,-1.466839116140457
0,1.23100916771734e-4,0.00315411629536826,-1.4086164148798628
0,2.53415159482198e-4,0.00315411629536826,-1.0950451110110346
0,3.55421888540839e-4,0.00315411629536826,-0.9481335319759421
0,7.7251656984248e-4,0.00315411629536826,-0.6109698986977762
0,6.98399376619227e-5,0.00315411629536826,-1.6547738590995815
0,6.54039136907375e-4,0.00315411629536826,-0.6832739653965336
0,3.39975497141798e-4,0.00315411629536826,-0.9674300846384604
0,6.60720950202132e-4,0.00315411629536826,-0.6788596244755614
0,2.97603212243278e-4,0.00315411629536826,-1.025240087603973
0,9.01092321992476e-4,0.00315411629536826,-0.5441084129738808
0,0.00465402165148125,0.00315411629536826,0.16895069723154385
0,0.00315411629536826,0.00315411629536826,0
0,2.54767671446891e-5,0.00315411629536826,-2.092733384466435
1,1.22653659909273e-5,7.7251656984248e-4,-1.7992272916405643
0,1.23100916771734e-4,7.7251656984248e-4,-0.7976465161820865
0,6.60720950202132e-4,7.7251656984248e-4,-0.06788972577778518
0,2.22900163471537e-4,7.7251656984248e-4,-0.5397974164695535
1,0.00315411629536826,7.7251656984248e-4,0.6109698986977762
0,2.97603212243278e-4,7.7251656984248e-4,-0.4142701889061967
0,3.39975497141798e-4,7.7251656984248e-4,-0.3564601859406841
0,0.0121001690743496,7.7251656984248e-4,1.1948836352537482
0,0.00132664387870882,7.7251656984248e-4,0.2348465540228621
0,4.39827128979115e-5,7.7251656984248e-4,-1.2446257898839348
0,9.01092321992476e-4,7.7251656984248e-4,0.06686148572389543
0,6.54039136907375e-4,7.7251656984248e-4,-0.07230406669875741
0,2.11024926027138e-5,7.7251656984248e-4,-1.5635740467509938
0,0.00465402165148125,7.7251656984248e-4,0.7799205959293201
0,2.54767671446891e-5,7.7251656984248e-4,-1.481763485768659
0,3.55421888540839e-4,7.7251656984248e-4,-0.33716363327816584
0,1.07656085920385e-4,7.7251656984248e-4,-0.8558692174426809
0,2.53415159482198e-4,7.7251656984248e-4,-0.4840752123132585
0,1.1374216147146,7.7251656984248e-4,3.1680136735491944
0,0.158609022551648,7.7251656984248e-4,2.312420085283054
0,7.7251656984248e-4,7.7251656984248e-4,0
0,6.98399376619227e-5,7.7251656984248e-4,-1.0438039604018055
0,4.39827128979115e-5,2.11024926027138e-5,0.31894825686705897
0,2.53415159482198e-4,2.11024926027138e-5,1.0794988344377352
0,6.60720950202132e-4,2.11024926027138e-5,1.4956843209732085
0,1.23100916771734e-4,2.11024926027138e-5,0.7659275305689072
0,0.00315411629536826,2.11024926027138e-5,2.17454394544877
1,1.1374216147146,2.11024926027138e-5,4.731587720300188
0,0.0121001690743496,2.11024926027138e-5,2.758457682004742
0,2.54767671446891e-5,2.11024926027138e-5,0.08181056098233483
0,7.7251656984248e-4,2.11024926027138e-5,1.5635740467509938
0,6.54039136907375e-4,2.11024926027138e-5,1.4912699800522362
0,2.97603212243278e-4,2.11024926027138e-5,1.149303857844797
0,6.98399376619227e-5,2.11024926027138e-5,0.5197700863491884
0,0.00465402165148125,2.11024926027138e-5,2.3434946426803136
0,9.01092321992476e-4,2.11024926027138e-5,1.6304355324748891
0,1.07656085920385e-4,2.11024926027138e-5,0.7077048293083129
0,2.22900163471537e-4,2.11024926027138e-5,1.0237766302814402
0,3.39975497141798e-4,2.11024926027138e-5,1.2071138608103096
0,2.11024926027138e-5,2.11024926027138e-5,0
0,3.55421888540839e-4,2.11024926027138e-5,1.226410413472828
0,0.158609022551648,2.11024926027138e-5,3.8759941320340476
0,1.22653659909273e-5,2.11024926027138e-5,-0.23565324488957065
0,0.00132664387870882,2.11024926027138e-5,1.7984206007738557
0,0.0121001690743496,1.1374216147146,-1.9731300382954462
0,2.22900163471537e-4,1.1374216147146,-3.707811090018748
0,6.98399376619227e-5,1.1374216147146,-4.211817633951
0,9.01092321992476e-4,1.1374216147146,-3.1011521878252988
0,4.39827128979115e-5,1.1374216147146,-4.412639463433129
0,0.00465402165148125,1.1374216147146,-2.388093077619874
0,6.60720950202132e-4,1.1374216147146,-3.2359033993269795
0,2.11024926027138e-5,1.1374216147146,-4.731587720300188
0,2.54767671446891e-5,1.1374216147146,-4.649777159317853
0,6.54039136907375e-4,1.1374216147146,-3.240317740247952
0,1.1374216147146,1.1374216147146,0
0,2.53415159482198e-4,1.1374216147146,-3.6520888858624527
0,2.97603212243278e-4,1.1374216147146,-3.582283862455391
0,1.23100916771734e-4,1.1374216147146,-3.965660189731281
0,3.39975497141798e-4,1.1374216147146,-3.5244738594898783
0,0.00315411629536826,1.1374216147146,-2.5570437748514183
0,0.00132664387870882,1.1374216147146,-2.933167119526332
0,1.07656085920385e-4,1.1374216147146,-4.023882890991875
0,7.7251656984248e-4,1.1374216147146,-3.1680136735491944
0,0.158609022551648,1.1374216147146,-0.8555935882661403
0,1.22653659909273e-5,1.1374216147146,-4.967240965189759
0,3.55421888540839e-4,1.1374216147146,-3.50517730682736
0,1.1374216147146,4.39827128979115e-5,4.412639463433129
0,2.11024926027138e-5,4.39827128979115e-5,-0.31894825686705897
0,6.98399376619227e-5,4.39827128979115e-5,0.20082182948212948
0,1.23100916771734e-4,4.39827128979115e-5,0.4469792737018483
0,1.07656085920385e-4,4.39827128979115e-5,0.388756572441254
0,3.39975497141798e-4,4.39827128979115e-5,0.8881656039432506
0,6.60720950202132e-4,4.39827128979115e-5,1.1767360641061495
0,2.22900163471537e-4,4.39827128979115e-5,0.7048283734143813
0,0.0121001690743496,4.39827128979115e-5,2.439509425137683
0,1.22653659909273e-5,4.39827128979115e-5,-0.5546015017566296
0,7.7251656984248e-4,4.39827128979115e-5,1.2446257898839348
0,9.01092321992476e-4,4.39827128979115e-5,1.3114872756078302
0,2.54767671446891e-5,4.39827128979115e-5,-0.2371376958847241
0,3.55421888540839e-4,4.39827128979115e-5,0.907462156605769
0,2.97603212243278e-4,4.39827128979115e-5,0.8303556009777381
0,0.00315411629536826,4.39827128979115e-5,1.855595688581711
0,2.53415159482198e-4,4.39827128979115e-5,0.7605505775706762
0,0.00465402165148125,4.39827128979115e-5,2.024546385813255
0,4.39827128979115e-5,4.39827128979115e-5,0
0,6.54039136907375e-4,4.39827128979115e-5,1.1723217231851772
0,0.158609022551648,4.39827128979115e-5,3.5570458751669887
0,0.00132664387870882,4.39827128979115e-5,1.479472343906797
0,6.60720950202132e-4,1.22653659909273e-5,1.7313375658627792
1,1.1374216147146,1.22653659909273e-5,4.967240965189759
0,7.7251656984248e-4,1.22653659909273e-5,1.7992272916405645
0,2.97603212243278e-4,1.22653659909273e-5,1.3849571027343677
0,0.0121001690743496,1.22653659909273e-5,2.9941109268943125
0,0.00132664387870882,1.22653659909273e-5,2.0340738456634266
0,2.22900163471537e-4,1.22653659909273e-5,1.259429875171011
0,2.11024926027138e-5,1.22653659909273e-5,0.23565324488957068
0,9.01092321992476e-4,1.22653659909273e-5,1.8660887773644599
0,1.23100916771734e-4,1.22653659909273e-5,1.0015807754584778
0,3.39975497141798e-4,1.22653659909273e-5,1.4427671056998803
0,4.39827128979115e-5,1.22653659909273e-5,0.5546015017566296
0,0.00465402165148125,1.22653659909273e-5,2.5791478875698846
0,6.54039136907375e-4,1.22653659909273e-5,1.726923224941807
0,6.98399376619227e-5,1.22653659909273e-5,0.755423331238759
0,3.55421888540839e-4,1.22653659909273e-5,1.4620636583623985
0,1.07656085920385e-4,1.22653659909273e-5,0.9433580741978836
0,0.00315411629536826,1.22653659909273e-5,2.410197190338341
0,0.158609022551648,1.22653659909273e-5,4.111647376923618
0,2.54767671446891e-5,1.22653659909273e-5,0.3174638058719055
0,1.22653659909273e-5,1.22653659909273e-5,0
0,2.53415159482198e-4,1.22653659909273e-5,1.315152079327306
0,1.1374216147146,9.01092321992476e-4,3.1011521878252988
0,7.7251656984248e-4,9.01092321992476e-4,-0.06686148572389541
0,2.53415159482198e-4,9.01092321992476e-4,-0.550936698037154
0,1.23100916771734e-4,9.01092321992476e-4,-0.864508001905982
0,2.97603212243278e-4,9.01092321992476e-4,-0.48113167463009215
0,0.00465402165148125,9.01092321992476e-4,0.7130591102054247
0,9.01092321992476e-4,9.01092321992476e-4,0
0,4.39827128979115e-5,9.01092321992476e-4,-1.3114872756078302
0,6.54039136907375e-4,9.01092321992476e-4,-0.13916555242265283
0,0.0121001690743496,9.01092321992476e-4,1.1280221495298526
0,2.22900163471537e-4,9.01092321992476e-4,-0.6066589021934489
0,6.98399376619227e-5,9.01092321992476e-4,-1.1106654461257006
0,1.07656085920385e-4,9.01092321992476e-4,-0.9227307031665762
0,2.11024926027138e-5,9.01092321992476e-4,-1.6304355324748891
0,3.39975497141798e-4,9.01092321992476e-4,-0.42332167166457957
0,2.54767671446891e-5,9.01092321992476e-4,-1.5486249714925544
0,3.55421888540839e-4,9.01092321992476e-4,-0.40402511900206123
0,0.00315411629536826,9.01092321992476e-4,0.5441084129738808
0,6.60720950202132e-4,9.01092321992476e-4,-0.13475121150168065
0,1.22653659909273e-5,9.01092321992476e-4,-1.8660887773644599
0,0.00132664387870882,9.01092321992476e-4,0.16798506829896664
0,0.158609022551648,9.01092321992476e-4,2.2455585995591587
0,9.01092321992476e-4,2.53415159482198e-4,0.550936698037154
0,2.53415159482198e-4,2.53415159482198e-4,0
0,3.55421888540839e-4,2.53415159482198e-4,0.14691157903509272
0,2.22900163471537e-4,2.53415159482198e-4,-0.05572220415629499
0,1.23100916771734e-4,2.53415159482198e-4,-0.313571303868828
0,3.39975497141798e-4,2.53415159482198e-4,0.12761502637257438
0,2.97603212243278e-4,2.53415159482198e-4,0.06980502340706185
0,0.00315411629536826,2.53415159482198e-4,1.0950451110110346
0,1.1374216147146,2.53415159482198e-4,3.6520888858624527
0,6.54039136907375e-4,2.53415159482198e-4,0.4117711456145011
0,1.22653659909273e-5,2.53415159482198e-4,-1.315152079327306
0,2.54767671446891e-5,2.53415159482198e-4,-0.9976882734554003
0,0.158609022551648,2.53415159482198e-4,2.7964952975963127
0,4.39827128979115e-5,2.53415159482198e-4,-0.7605505775706762
0,1.07656085920385e-4,2.53415159482198e-4,-0.3717940051294223
0,0.00465402165148125,2.53415159482198e-4,1.2639958082425786
0,7.7251656984248e-4,2.53415159482198e-4,0.4840752123132585
0,6.98399376619227e-5,2.53415159482198e-4,-0.5597287480885469
0,2.11024926027138e-5,2.53415159482198e-4,-1.0794988344377352
0,0.0121001690743496,2.53415159482198e-4,1.6789588475670068
0,6.60720950202132e-4,2.53415159482198e-4,0.4161854865354733
0,0.00132664387870882,2.53415159482198e-4,0.7189217663361206
