"","Res","Pred","SVL_mean","SVL_sd","SVL_n","SVL_se"
"1","Hi","C",18.3723122238586,1.8044109628966,679,0.0692469373005784
"2","Hi","NL",19.3907630522088,1.71923270936541,249,0.108951946021976
"3","Hi","L",19.6422110552764,1.61899217202446,398,0.0811527447012973
"4","Lo","C",17.8702875399361,1.74459042677314,626,0.0697278570803432
"5","Lo","NL",18.4110204081633,1.67889532975416,245,0.107260688126778
"6","Lo","L",19.1469594594595,1.73550877951528,296,0.10087439881891
